37.8, -2.0, 7.68, -0.24, -0.04, 1.01
41.59, -1.95, 8.16, -0.24, -0.01, 1.02
44.05, -2.12, 8.06, -0.24, 0.01, 1.02
45.96, -1.87, 8.13, -0.23, 0.03, 1.01
45.93, -1.19, 8.1, -0.23, 0.06, 1.01
45.02, -0.98, 7.63, -0.23, 0.09, 1.0
42.19, -0.74, 6.88, -0.23, 0.13, 1.0
37.74, -0.69, 6.28, -0.22, 0.15, 0.99
30.1, -0.97, 5.54, -0.22, 0.17, 0.99
23.19, -0.49, 5.46, -0.23, 0.17, 1.0
18.96, -0.3, 4.74, -0.23, 0.17, 1.0
15.77, -0.67, 3.99, -0.23, 0.17, 1.0
12.91, 0.02, 3.13, -0.23, 0.17, 1.01
10.24, 0.05, 2.1, -0.22, 0.17, 1.01
7.73, -0.02, 1.66, -0.22, 0.17, 1.01
5.59, 0.5, 0.86, -0.22, 0.17, 1.01
2.36, 0.51, 0.0, -0.22, 0.19, 1.0
-1.43, 0.83, -0.71, -0.22, 0.18, 1.0
-5.55, 1.0, -1.0, -0.22, 0.19, 1.0
-9.4, 1.57, -1.25, -0.22, 0.19, 0.99
-13.09, 1.37, -1.95, -0.22, 0.18, 1.0
-16.48, 1.4, -2.01, -0.22, 0.16, 1.01
-19.51, 1.92, -1.93, -0.22, 0.15, 1.0
-19.93, 1.78, -2.28, -0.22, 0.12, 1.01
-19.72, 2.14, -2.66, -0.23, 0.1, 1.01
-18.21, 2.06, -2.32, -0.23, 0.09, 1.01
-17.05, 1.78, -2.81, -0.23, 0.08, 1.01
-14.64, 1.71, -2.15, -0.23, 0.07, 1.01
-11.92, 1.44, -1.43, -0.23, 0.05, 1.01
-8.33, 1.28, -0.33, -0.23, 0.05, 1.0
-4.99, 1.42, -0.25, -0.23, 0.04, 1.01
-1.68, 1.26, 0.52, -0.23, 0.05, 1.0
1.94, 1.05, 0.68, -0.23, 0.05, 1.01
5.24, 0.55, 1.06, -0.23, 0.06, 1.01
7.73, 0.51, 1.54, -0.23, 0.07, 1.01
9.82, 0.45, 1.4, -0.23, 0.08, 1.01
9.83, 0.61, 1.87, -0.23, 0.1, 1.0
9.25, 0.44, 2.07, -0.23, 0.11, 1.01
8.5, 0.68, 1.91, -0.22, 0.12, 1.0
7.11, 0.52, 1.68, -0.22, 0.13, 1.01
5.25, 0.87, 1.14, -0.22, 0.13, 1.0
2.45, 0.94, 1.25, -0.23, 0.13, 1.0
1.23, 0.9, 1.33, -0.23, 0.13, 1.0
-0.27, 0.82, 1.03, -0.23, 0.13, 1.01
-1.05, 0.96, 0.77, -0.23, 0.11, 1.0
-1.06, 0.58, 0.9, -0.23, 0.11, 1.01
-0.33, 0.7, 0.7, -0.23, 0.1, 1.01
0.78, 0.85, 0.88, -0.23, 0.1, 1.01
1.39, 0.87, 1.28, -0.23, 0.1, 1.01
2.83, 0.85, 1.34, -0.23, 0.09, 1.01
3.87, 0.93, 1.6, -0.23, 0.09, 1.0
5.97, 0.67, 1.87, -0.23, 0.1, 1.0
6.87, 0.26, 1.7, -0.23, 0.11, 1.01
7.51, 0.42, 1.62, -0.23, 0.11, 1.01
7.96, 0.62, 2.06, -0.23, 0.11, 1.01
8.56, 0.48, 2.35, -0.23, 0.12, 1.0
9.06, 0.73, 2.34, -0.23, 0.13, 1.01
9.8, 0.27, 1.61, -0.23, 0.14, 1.0
9.35, 0.1, 2.19, -0.23, 0.13, 1.0
9.03, 0.43, 2.15, -0.23, 0.13, 1.0
8.16, 0.32, 2.45, -0.22, 0.14, 1.0
7.81, 0.35, 2.25, -0.22, 0.15, 1.0
6.87, 0.14, 1.94, -0.22, 0.16, 1.0
5.76, 0.51, 1.61, -0.22, 0.16, 1.0
4.27, 0.43, 1.94, -0.22, 0.16, 1.01
4.01, 0.87, 1.89, -0.22, 0.16, 1.01
4.06, 0.8, 1.42, -0.23, 0.15, 1.01
4.42, 0.58, 1.93, -0.23, 0.14, 1.0
4.9, 0.48, 1.82, -0.23, 0.15, 0.99
5.92, 0.16, 1.84, -0.23, 0.15, 1.0
7.52, 0.19, 1.39, -0.22, 0.16, 1.0
7.24, 0.53, 1.15, -0.23, 0.17, 1.0
7.05, 0.4, 0.79, -0.22, 0.18, 1.01
4.16, 0.9, 0.65, -0.22, 0.19, 1.0
1.8, 0.48, 0.7, -0.23, 0.19, 1.0
0.11, 0.66, -0.22, -0.22, 0.25, 0.98
0.13, 0.48, -0.48, -0.25, 0.18, 0.99
-2.96, 0.02, -1.67, -0.21, 0.23, 1.0
-8.49, -0.42, -3.36, -0.21, 0.23, 1.01
-12.17, 0.73, -5.84, -0.22, 0.25, 1.0
-17.65, 1.71, -7.0, -0.21, 0.25, 1.0
-28.19, 2.15, -7.35, -0.21, 0.24, 1.0
-39.96, 3.38, -5.38, -0.22, 0.14, 0.98
-41.66, 2.27, -2.69, -0.24, 0.08, 0.99
-39.43, 1.76, -0.95, -0.23, 0.02, 1.0
-27.79, 0.29, 0.47, -0.23, -0.01, 1.0
-16.13, -0.96, 0.76, -0.23, -0.05, 1.01
-3.07, -1.58, 1.74, -0.24, -0.05, 1.02
8.16, -1.25, 2.12, -0.23, -0.02, 1.03
18.65, -1.62, 4.21, -0.23, 0.01, 1.02
26.25, -1.54, 5.9, -0.23, 0.04, 1.02
30.91, -1.63, 7.51, -0.22, 0.06, 1.01
35.88, -2.15, 8.17, -0.22, 0.07, 1.0
39.66, -2.03, 8.22, -0.21, 0.1, 1.0
42.69, -2.27, 7.75, -0.22, 0.13, 1.0
45.09, -2.31, 7.64, -0.22, 0.15, 1.0
45.45, -1.84, 7.38, -0.22, 0.18, 1.0
44.04, -1.75, 7.12, -0.21, 0.21, 0.99
41.63, -1.97, 6.8, -0.21, 0.25, 0.97
36.36, -2.45, 5.48, -0.21, 0.27, 0.99
32.51, -1.97, 5.14, -0.2, 0.29, 0.99
26.03, -1.39, 4.35, -0.2, 0.31, 0.99
20.32, -0.75, 3.82, -0.2, 0.32, 0.99
14.96, -0.42, 2.57, -0.2, 0.32, 0.99
8.7, 0.22, 1.26, -0.2, 0.32, 0.98
2.72, 0.77, 0.22, -0.2, 0.33, 0.98
-3.45, 0.87, -0.61, -0.2, 0.31, 0.98
-9.94, 1.51, -1.0, -0.21, 0.29, 0.98
-12.22, 1.07, -1.21, -0.21, 0.26, 0.97
-13.93, 1.19, -1.55, -0.21, 0.24, 0.98
-12.22, 0.57, -1.19, -0.21, 0.22, 0.99
-10.18, 0.43, -1.19, -0.21, 0.2, 0.99
-8.03, 0.25, -0.74, -0.21, 0.2, 1.01
-5.95, 0.38, -0.2, -0.21, 0.2, 1.0
-3.83, 0.45, 0.49, -0.21, 0.2, 1.0
-2.21, 0.41, 1.11, -0.21, 0.2, 1.0
-0.72, 0.58, 1.2, -0.21, 0.2, 1.0
0.12, 0.9, 1.19, -0.2, 0.21, 0.99
0.4, 0.48, 1.39, -0.21, 0.22, 0.98
1.37, -0.01, 1.48, -0.21, 0.22, 0.98
1.89, -0.01, 1.34, -0.21, 0.23, 0.99
2.18, 0.38, 1.32, -0.21, 0.23, 1.0
2.67, 0.29, 0.93, -0.21, 0.23, 1.0
2.87, 0.34, 0.84, -0.21, 0.24, 1.0
1.22, 0.77, 0.39, -0.2, 0.25, 0.99
0.32, 0.69, 0.32, -0.21, 0.24, 0.98
-0.71, 0.86, 0.22, -0.21, 0.25, 0.98
-2.03, 0.78, 0.29, -0.21, 0.25, 0.98
-3.07, 0.61, -0.07, -0.21, 0.23, 0.98
-3.36, 0.53, -0.25, -0.2, 0.24, 0.99
-3.16, 0.79, -0.09, -0.21, 0.23, 1.0
-3.4, 0.64, -0.14, -0.21, 0.22, 0.99
-2.05, 0.98, 0.2, -0.21, 0.21, 0.99
-1.0, 1.0, 0.1, -0.21, 0.22, 0.99
0.6, 1.31, 0.06, -0.2, 0.22, 1.0
0.81, 1.37, 0.25, -0.2, 0.23, 0.99
0.59, 1.15, 0.31, -0.21, 0.23, 0.99
-0.04, 0.9, 0.25, -0.21, 0.25, 0.99
-1.52, 0.9, 0.34, -0.21, 0.23, 0.99
-2.31, 1.06, 0.09, -0.2, 0.24, 0.99
-2.14, 1.08, -0.12, -0.21, 0.23, 1.0
-2.46, 1.26, -0.11, -0.21, 0.23, 0.99
-2.68, 1.3, -0.22, -0.2, 0.24, 0.99
-3.55, 1.2, -0.16, -0.2, 0.24, 0.99
-5.21, 1.1, -0.31, -0.2, 0.24, 0.98
-6.01, 1.16, -0.45, -0.21, 0.23, 0.98
-6.9, 0.99, 0.08, -0.21, 0.21, 0.99
-6.17, 0.67, 0.06, -0.21, 0.21, 0.99
-4.36, 0.63, 0.47, -0.21, 0.2, 0.99
-2.46, 0.88, 0.82, -0.22, 0.2, 1.0
-0.83, 0.41, 1.01, -0.21, 0.21, 1.0
0.88, 0.83, 1.0, -0.2, 0.2, 0.99
2.08, 0.51, 1.33, -0.21, 0.22, 0.99
2.54, 0.63, 1.0, -0.21, 0.22, 1.0
2.39, 0.81, 1.23, -0.21, 0.23, 1.0
1.67, 0.7, 0.93, -0.21, 0.23, 1.0
1.8, 0.96, 1.45, -0.21, 0.22, 0.99
2.2, 1.02, 1.51, -0.2, 0.22, 0.98
2.48, 0.56, 1.21, -0.2, 0.22, 0.99
2.5, 0.37, 0.9, -0.21, 0.23, 0.98
1.94, 0.61, 0.76, -0.21, 0.24, 0.99
1.06, 0.54, 0.54, -0.21, 0.25, 0.99
-0.25, 0.71, 0.61, -0.21, 0.25, 1.0
-1.92, 1.03, 0.5, -0.21, 0.24, 0.99
-2.61, 1.06, 0.22, -0.21, 0.24, 0.99
-3.0, 1.23, 0.13, -0.21, 0.23, 0.99
-3.51, 1.05, -0.25, -0.21, 0.23, 0.99
-3.09, 0.7, -0.26, -0.21, 0.23, 0.99
-3.55, 0.96, -0.16, -0.21, 0.23, 1.0
-3.83, 0.95, 0.06, -0.2, 0.22, 0.99
-3.51, 1.33, 0.09, -0.2, 0.21, 1.0
-3.14, 1.3, 0.09, -0.21, 0.21, 0.99
-1.7, 1.25, 0.54, -0.21, 0.21, 0.99
-0.57, 1.02, 0.67, -0.21, 0.21, 1.0
0.25, 0.84, 0.58, -0.21, 0.22, 0.99
0.41, 0.81, 0.86, -0.2, 0.22, 1.0
-0.27, 1.0, 0.66, -0.21, 0.22, 1.0
0.02, 1.19, 0.68, -0.21, 0.23, 0.99
0.38, 0.95, 0.67, -0.21, 0.23, 1.0
0.67, 1.01, 0.63, -0.2, 0.23, 0.98
0.48, 1.03, 0.69, -0.21, 0.24, 0.99
-0.03, 1.0, 0.54, -0.2, 0.23, 0.99
-1.22, 1.18, 0.21, -0.21, 0.23, 0.99
-1.8, 0.86, 0.06, -0.21, 0.23, 0.99
-2.7, 0.83, 0.16, -0.21, 0.24, 0.99
-3.37, 0.91, -0.12, -0.21, 0.24, 0.99
-3.64, 1.0, -0.19, -0.21, 0.22, 1.0
-3.24, 1.24, -0.11, -0.21, 0.22, 0.99
-2.64, 1.16, 0.05, -0.21, 0.22, 0.99
-2.18, 0.93, 0.16, -0.21, 0.22, 1.0
-1.9, 1.02, 0.23, -0.21, 0.22, 0.99
-1.63, 0.96, 0.38, -0.21, 0.22, 0.99
-1.68, 0.95, 0.48, -0.21, 0.21, 0.99
-1.38, 0.89, 0.54, -0.21, 0.22, 0.99
-0.93, 0.83, 0.54, -0.21, 0.22, 1.0
-0.32, 1.06, 0.63, -0.21, 0.22, 1.0
0.32, 1.11, 0.56, -0.21, 0.22, 1.0
0.58, 1.04, 0.83, -0.21, 0.22, 1.0
1.14, 1.03, 1.0, -0.21, 0.22, 1.0
1.28, 0.85, 0.29, -0.21, 0.22, 0.99
0.99, 0.87, 0.38, -0.21, 0.23, 0.99
0.28, 0.9, 0.61, -0.21, 0.23, 0.99
-0.28, 0.74, 0.35, -0.2, 0.23, 0.99
-1.23, 0.77, 0.52, -0.21, 0.23, 0.99
-1.09, 0.67, 1.04, -0.21, 0.22, 0.99
-0.51, 0.54, 0.7, -0.21, 0.21, 0.99
-0.06, 0.72, 1.03, -0.21, 0.21, 1.0
1.17, 0.78, 1.16, -0.21, 0.21, 0.99
1.89, 0.15, 1.36, -0.21, 0.22, 0.99
2.62, 0.06, 1.29, -0.21, 0.23, 1.0
3.12, 0.65, 1.6, -0.2, 0.22, 1.0
3.79, 0.76, 1.57, -0.2, 0.22, 1.0
4.59, 0.65, 0.96, -0.2, 0.23, 0.99
5.3, 1.2, 0.97, -0.21, 0.24, 0.99
3.54, 1.51, 0.73, -0.2, 0.24, 0.99
1.93, 1.22, 0.43, -0.2, 0.26, 0.98
-0.32, 1.17, 0.32, -0.2, 0.26, 0.98
-2.89, 0.86, -0.03, -0.2, 0.26, 0.99
-4.82, 1.01, -0.22, -0.21, 0.25, 0.98
-5.17, 1.44, -0.28, -0.21, 0.24, 0.99
-5.06, 1.52, -0.38, -0.21, 0.22, 0.99
-4.53, 1.3, -0.38, -0.21, 0.22, 0.98
-3.84, 1.19, -0.38, -0.21, 0.23, 0.99
-3.96, 0.79, -0.19, -0.21, 0.23, 0.99
-4.74, 1.03, -0.24, -0.21, 0.23, 0.99
-5.59, 0.87, 0.31, -0.2, 0.23, 1.0
-5.43, 0.78, 0.04, -0.21, 0.22, 0.99
-4.0, 0.96, 0.16, -0.21, 0.21, 1.0
-2.87, 1.17, 0.32, -0.21, 0.22, 1.0
-1.43, 1.32, 0.41, -0.21, 0.21, 1.0
-0.17, 1.48, 0.18, -0.21, 0.22, 0.99
0.23, 1.47, -0.21, -0.2, 0.23, 1.0
-0.78, 1.42, -0.12, -0.21, 0.23, 0.99
-2.14, 1.54, -0.37, -0.21, 0.25, 0.99
-3.58, 1.55, -0.7, -0.2, 0.23, 0.99
-4.67, 2.01, -0.54, -0.2, 0.22, 0.99
-5.29, 1.67, -0.48, -0.21, 0.22, 0.99
-4.54, 1.35, -0.39, -0.22, 0.21, 1.0
-4.0, 1.4, 0.3, -0.22, 0.21, 0.99
-3.75, 1.2, 0.63, -0.21, 0.2, 0.99
-2.05, 0.8, 0.83, -0.21, 0.2, 0.99
-1.45, 0.61, 0.76, -0.21, 0.21, 1.0
-0.28, 0.32, 0.92, -0.21, 0.2, 1.0
0.7, 0.3, 1.4, -0.21, 0.21, 1.0
1.59, 0.48, 1.64, -0.21, 0.21, 1.0
1.83, 0.23, 1.69, -0.21, 0.21, 1.0
1.48, 0.47, 1.8, -0.21, 0.22, 0.99
3.04, 0.49, 1.96, -0.21, 0.21, 0.99
4.06, 0.38, 2.29, -0.21, 0.22, 1.0
4.28, 0.41, 2.16, -0.21, 0.24, 1.0
3.15, 0.77, 1.44, -0.21, 0.24, 1.0
2.32, 1.31, 1.17, -0.2, 0.24, 0.99
0.41, 1.01, 1.58, -0.21, 0.24, 0.99
0.33, 1.16, 1.43, -0.21, 0.22, 0.99
0.76, 0.99, 0.85, -0.21, 0.23, 1.0
1.14, 1.25, 0.08, -0.21, 0.23, 1.0
0.93, 1.15, 0.04, -0.21, 0.23, 1.0
0.38, 1.19, -0.45, -0.21, 0.24, 0.99
-0.54, 1.53, -0.61, -0.21, 0.24, 0.98
-1.94, 1.56, -0.37, -0.21, 0.24, 0.98
-3.32, 1.58, -0.5, -0.21, 0.23, 0.99
-3.9, 1.41, -0.38, -0.21, 0.23, 0.99
-3.91, 1.28, -0.38, -0.21, 0.22, 0.99
-3.34, 1.39, -0.6, -0.22, 0.23, 1.0
-2.9, 1.54, -0.21, -0.21, 0.21, 1.0
-1.41, 1.93, -0.18, -0.21, 0.22, 1.0
-1.09, 2.05, -0.4, -0.21, 0.22, 1.0
-1.23, 1.73, -1.79, -0.21, 0.23, 1.0
-3.44, 2.11, -1.23, -0.21, 0.23, 0.97
-3.48, 1.52, -1.29, -0.21, 0.23, 0.96
-4.75, 1.16, -0.93, -0.21, 0.24, 0.98
-6.61, 0.74, -0.53, -0.21, 0.25, 1.0
-7.52, 0.74, -1.01, -0.21, 0.24, 1.01
-8.12, 1.54, -0.29, -0.21, 0.23, 1.0
-9.39, 2.09, 0.26, -0.22, 0.22, 1.0
-8.9, 2.05, -0.26, -0.21, 0.23, 0.99
-8.48, 2.15, -1.36, -0.21, 0.21, 1.0
-9.77, 2.42, -1.52, -0.21, 0.22, 1.0
-11.33, 2.34, -0.73, -0.22, 0.2, 0.99
-11.18, 2.38, -0.09, -0.21, 0.18, 0.99
-9.3, 1.92, 0.31, -0.22, 0.16, 0.99
-5.82, 1.37, 0.06, -0.22, 0.15, 0.99
0.2, 1.22, 0.01, -0.23, 0.17, 1.01
3.51, 0.96, -0.27, -0.22, 0.17, 1.0
4.89, 0.95, 0.4, -0.22, 0.19, 1.0
5.5, 1.24, 0.8, -0.21, 0.2, 1.0
2.83, 1.8, 1.62, -0.21, 0.22, 1.0
1.48, 1.34, 1.51, -0.21, 0.21, 0.99
1.64, 1.47, 1.09, -0.21, 0.21, 1.0
1.25, 2.01, 0.79, -0.21, 0.22, 1.02
-1.06, 2.22, 0.75, -0.21, 0.22, 1.0
-2.48, 2.12, -0.02, -0.2, 0.23, 0.99
-5.95, 2.31, 0.07, -0.22, 0.23, 0.99
-7.48, 2.24, -1.38, -0.21, 0.21, 1.01
-9.45, 3.56, -1.49, -0.22, 0.22, 1.04
-11.31, 4.37, -0.33, -0.24, 0.16, 1.0
-5.64, 4.01, 0.61, -0.22, 0.15, 0.98
0.3, 2.83, -0.72, -0.22, 0.16, 0.98
2.74, 1.77, -2.59, -0.22, 0.2, 0.97
3.34, -0.21, -4.35, -0.22, 0.23, 0.97
2.37, -0.22, -4.71, -0.2, 0.24, 1.0
-7.21, 1.19, -2.48, -0.21, 0.24, 1.01
-16.19, 2.46, -0.48, -0.22, 0.24, 1.0
-20.51, 2.66, -0.52, -0.22, 0.23, 0.98
-22.16, 1.75, -2.05, -0.22, 0.22, 0.98
-23.09, 1.42, -3.11, -0.22, 0.19, 0.97
-22.58, 1.23, -3.67, -0.22, 0.18, 1.0
-22.96, 1.47, -3.72, -0.22, 0.16, 1.02
-25.23, 2.16, -2.45, -0.22, 0.14, 1.02
-24.48, 2.98, -2.16, -0.22, 0.12, 1.01
-21.94, 2.85, -1.82, -0.23, 0.1, 0.99
-16.99, 2.45, -1.89, -0.23, 0.09, 1.0
-12.2, 2.04, -1.38, -0.22, 0.08, 0.99
-8.54, 1.72, -1.13, -0.23, 0.07, 1.01
-3.55, 1.38, 0.31, -0.23, 0.07, 1.0
1.29, 1.13, 1.28, -0.23, 0.08, 1.0
5.02, 0.69, 1.31, -0.23, 0.09, 1.0
9.78, 0.51, 1.85, -0.23, 0.1, 1.01
11.09, 0.66, 2.91, -0.22, 0.11, 1.01
12.56, 0.83, 3.37, -0.23, 0.13, 1.0
13.13, 0.72, 3.19, -0.22, 0.14, 1.01
12.69, 0.8, 3.06, -0.22, 0.14, 0.99
13.04, 0.52, 3.16, -0.22, 0.15, 1.0
12.49, 0.76, 3.22, -0.23, 0.16, 1.0
11.25, 0.54, 2.79, -0.22, 0.17, 0.99
10.63, 0.41, 2.57, -0.23, 0.19, 0.99
10.09, 0.21, 2.0, -0.23, 0.19, 0.99
8.42, 0.09, 1.49, -0.22, 0.2, 0.99
6.48, 0.05, 1.17, -0.21, 0.21, 1.0
3.31, 0.66, 0.85, -0.22, 0.21, 1.01
-0.06, 1.01, 0.35, -0.22, 0.22, 1.0
-3.36, 0.9, 0.07, -0.22, 0.21, 1.0
-6.28, 1.35, -0.64, -0.22, 0.2, 0.99
66.62, -15.55, -11.84, -0.19, -0.21, 0.87
111.93, -3.71, -11.58, -0.47, -0.27, 1.12
83.29, -7.88, 8.88, -0.06, 0.23, 1.17
54.9, 2.83, 17.12, -0.23, 0.21, 1.0
62.99, -1.86, 20.8, -0.22, 0.34, 0.99
46.47, 3.34, 21.09, -0.21, 0.42, 0.97
30.17, 2.9, 20.96, -0.19, 0.5, 0.93
12.09, 6.64, 14.63, -0.16, 0.55, 0.86
10.37, -0.52, 0.87, -0.19, 0.54, 0.92
-9.59, 0.06, -4.94, -0.19, 0.5, 0.95
-27.57, 1.67, -5.67, -0.19, 0.47, 0.95
-43.4, 3.35, -6.22, -0.19, 0.43, 0.97
-48.09, -7.33, -2.38, -0.08, 0.38, 1.04
-53.84, -0.42, -9.11, -0.24, 0.29, 1.0
-36.02, -0.01, -11.54, -0.27, 0.11, 0.98
-18.22, -1.12, -11.45, -0.22, -0.03, 0.96
2.92, -1.41, -7.79, -0.22, 0.0, 1.02
4.35, 0.79, 0.66, -0.23, 0.14, 1.06
-2.01, -0.11, 6.9, -0.23, 0.2, 1.04
2.2, 2.68, 6.63, -0.22, 0.15, 0.95
14.31, 5.03, 4.88, -0.14, 0.14, 0.93
10.41, 0.61, 5.25, -0.21, 0.29, 1.03
5.92, 1.8, 5.18, -0.18, 0.32, 0.92
4.09, 1.68, 3.41, -0.22, 0.32, 0.95
9.05, -0.85, -0.38, -0.24, 0.22, 0.97
16.96, -4.07, -1.38, -0.22, 0.17, 1.0
9.6, 1.77, 0.79, -0.18, 0.24, 0.97
7.19, 1.24, 3.58, -0.22, 0.32, 0.99
2.24, 1.18, 2.82, -0.22, 0.29, 0.98
4.67, 0.97, 0.84, -0.25, 0.23, 0.94
3.91, 1.48, 1.25, -0.19, 0.29, 0.97
3.96, -0.05, 0.65, -0.22, 0.28, 0.98
6.49, -1.36, -0.26, -0.22, 0.23, 0.98
14.09, -2.38, 0.49, -0.21, 0.23, 1.01
4.09, 3.22, 1.64, -0.27, 0.26, 1.01
1.9, 4.34, 2.07, -0.23, 0.32, 0.99
-0.47, 2.77, 1.96, -0.2, 0.32, 0.98
-3.71, 2.83, 1.07, -0.21, 0.29, 0.96
-1.81, 1.56, -0.31, -0.21, 0.29, 0.97
-3.83, 1.38, -0.41, -0.21, 0.32, 0.96
-12.82, 6.31, -0.81, -0.22, 0.24, 0.97
-6.07, 2.85, -2.87, -0.2, 0.17, 0.9
8.99, -0.33, -0.91, -0.21, 0.21, 0.99
4.36, -0.65, 1.31, -0.23, 0.23, 0.99
4.38, -3.0, 2.64, -0.21, 0.29, 1.02
-1.83, 0.41, 1.67, -0.21, 0.28, 0.97
5.68, -0.78, 1.0, -0.22, 0.3, 0.99
3.37, 0.0, 0.61, -0.21, 0.31, 0.98
2.17, -0.05, 0.02, -0.21, 0.3, 0.97
-0.54, 0.49, -0.7, -0.2, 0.29, 0.97
-1.64, -0.37, -0.87, -0.21, 0.29, 0.99
-4.09, -0.67, -0.9, -0.2, 0.29, 0.98
-7.94, 0.42, -0.65, -0.21, 0.3, 0.98
-9.81, -0.11, -0.83, -0.21, 0.3, 0.97
-11.8, 0.57, -1.19, -0.2, 0.29, 0.97
-11.45, 0.53, -1.98, -0.22, 0.3, 0.99
-12.7, 0.36, -2.74, -0.22, 0.28, 0.98
-13.67, -0.35, -2.52, -0.22, 0.27, 0.98
-14.43, -0.56, -1.8, -0.22, 0.26, 0.99
-16.17, -0.96, -1.61, -0.21, 0.26, 0.99
-16.95, -0.74, -0.44, -0.19, 0.24, 0.98
-12.74, -0.3, 2.37, -0.18, 0.23, 0.97
-4.02, -1.22, 5.01, -0.21, 0.27, 0.99
1.29, -1.9, 7.39, -0.2, 0.27, 1.0
4.16, -3.01, 9.67, -0.21, 0.3, 1.02
5.01, -3.64, 11.99, -0.21, 0.31, 1.03
6.25, -3.23, 13.26, -0.22, 0.32, 1.02
6.04, -3.88, 13.08, -0.23, 0.34, 1.02
3.17, -1.25, 13.15, -0.21, 0.33, 1.01
-0.61, -0.43, 12.03, -0.2, 0.32, 1.0
-3.27, 1.01, 11.54, -0.19, 0.28, 0.96
-0.51, 0.05, 13.06, -0.2, 0.26, 0.95
2.48, -0.74, 13.84, -0.19, 0.25, 0.96
3.99, -1.24, 16.09, -0.18, 0.24, 0.95
7.43, -1.69, 17.29, -0.19, 0.24, 0.95
8.18, -1.33, 18.7, -0.17, 0.26, 0.96
6.71, -0.02, 19.25, -0.17, 0.26, 0.96
6.59, 1.77, 20.24, -0.18, 0.27, 0.94
9.42, 1.87, 20.37, -0.17, 0.28, 0.96
10.04, 2.89, 21.35, -0.18, 0.29, 0.97
10.43, 2.14, 22.09, -0.18, 0.3, 0.97
10.44, 2.6, 21.7, -0.19, 0.31, 0.97
8.87, 3.09, 20.97, -0.17, 0.33, 0.98
6.17, 5.17, 22.06, -0.18, 0.31, 0.96
9.81, 6.02, 22.93, -0.17, 0.33, 0.96
8.41, 7.17, 23.4, -0.17, 0.33, 0.95
11.23, 6.98, 23.88, -0.18, 0.32, 0.94
13.34, 7.11, 22.42, -0.17, 0.32, 0.96
11.73, 7.06, 20.82, -0.18, 0.3, 0.96
9.89, 6.23, 18.43, -0.19, 0.29, 0.98
4.9, 4.4, 16.0, -0.19, 0.29, 1.0
-0.02, 4.03, 14.54, -0.18, 0.28, 0.99
-3.38, 4.33, 14.35, -0.18, 0.27, 1.0
-4.2, 3.96, 13.96, -0.19, 0.28, 1.0
-2.22, 2.96, 12.79, -0.19, 0.28, 0.99
-3.17, 3.92, 12.22, -0.17, 0.29, 0.98
-0.8, 4.7, 12.16, -0.18, 0.3, 0.97
0.53, 4.52, 11.31, -0.19, 0.31, 0.98
0.39, 3.87, 11.3, -0.18, 0.32, 0.99
-0.05, 3.87, 12.48, -0.18, 0.34, 0.98
0.99, 3.96, 14.09, -0.18, 0.35, 0.98
2.83, 4.29, 15.4, -0.18, 0.38, 0.98
5.94, 5.07, 16.22, -0.18, 0.37, 0.97
7.74, 5.59, 16.83, -0.17, 0.37, 0.95
9.81, 6.25, 16.94, -0.18, 0.36, 0.94
14.11, 6.45, 17.45, -0.17, 0.36, 0.94
12.38, 7.34, 17.07, -0.17, 0.36, 0.95
11.29, 8.1, 17.09, -0.17, 0.35, 0.94
11.32, 8.47, 16.71, -0.18, 0.33, 0.93
12.83, 8.87, 14.84, -0.18, 0.32, 0.92
13.69, 8.57, 12.19, -0.18, 0.32, 0.94
6.22, 4.9, 3.94, -0.2, 0.34, 1.02
-13.88, 0.8, -3.99, -0.18, 0.29, 1.07
-30.48, 0.44, -5.31, -0.17, 0.22, 1.05
-28.41, 1.19, -1.69, -0.18, 0.2, 1.0
-12.46, 1.46, 1.37, -0.2, 0.26, 0.97
-0.7, 3.44, 2.12, -0.18, 0.25, 0.97
2.65, 5.49, 1.06, -0.17, 0.25, 0.96
4.67, 7.96, 1.39, -0.16, 0.26, 0.95
8.32, 9.67, 1.69, -0.18, 0.31, 0.95
13.74, 8.03, 1.77, -0.19, 0.34, 0.94
15.74, 6.19, 2.58, -0.19, 0.37, 0.96
12.83, 4.27, 3.11, -0.2, 0.37, 0.96
11.38, 2.09, 2.69, -0.19, 0.37, 0.94
12.6, 1.56, 1.97, -0.18, 0.38, 0.93
15.32, 0.94, 0.97, -0.19, 0.39, 0.95
15.45, 0.25, 1.16, -0.19, 0.4, 0.97
14.26, -0.22, 1.41, -0.19, 0.4, 0.97
16.12, -0.92, 1.53, -0.2, 0.41, 0.97
12.63, -0.22, 1.66, -0.18, 0.43, 0.97
10.3, 0.34, 1.44, -0.17, 0.41, 0.94
11.36, 1.86, 0.75, -0.18, 0.39, 0.92
13.55, 0.58, 0.56, -0.2, 0.43, 0.96
9.52, -1.16, 1.45, -0.2, 0.45, 0.96
6.28, -1.77, 1.09, -0.18, 0.45, 0.95
-1.31, -0.47, 0.4, -0.17, 0.44, 0.93
-0.06, 1.17, -0.48, -0.18, 0.43, 0.93
-0.41, -0.25, 0.0, -0.19, 0.45, 0.96
-6.63, -2.27, 0.26, -0.2, 0.45, 0.97
-11.14, -2.56, 0.6, -0.17, 0.44, 0.96
-13.64, -1.42, 0.14, -0.17, 0.44, 0.95
-14.84, -1.37, 2.12, -0.17, 0.44, 0.94
-11.22, -1.88, 5.78, -0.18, 0.47, 0.94
-9.25, -2.75, 8.59, -0.18, 0.49, 0.96
-7.38, -3.83, 10.17, -0.18, 0.49, 0.95
-5.41, -5.06, 9.89, -0.18, 0.47, 0.97
-5.52, -6.06, 8.96, -0.18, 0.45, 0.97
-5.29, -7.02, 9.61, -0.18, 0.43, 0.97
-4.32, -7.64, 10.53, -0.18, 0.42, 0.98
-4.79, -7.2, 10.71, -0.18, 0.38, 0.96
-4.29, -6.66, 10.35, -0.17, 0.37, 0.97
-5.98, -6.4, 9.93, -0.16, 0.39, 0.98
-8.81, -6.51, 9.08, -0.17, 0.37, 0.98
-10.79, -7.49, 7.82, -0.15, 0.36, 0.97
-15.87, -6.8, 7.2, -0.14, 0.35, 0.96
-18.87, -5.74, 6.7, -0.13, 0.35, 0.94
-22.44, -4.02, 6.4, -0.12, 0.36, 0.92
-25.61, -2.16, 6.71, -0.11, 0.37, 0.91
-27.0, -0.25, 7.19, -0.11, 0.38, 0.89
-24.8, 1.93, 7.96, -0.1, 0.38, 0.86
-22.03, 2.85, 9.47, -0.09, 0.38, 0.87
-13.0, 4.67, 11.56, -0.1, 0.38, 0.86
-8.51, 6.76, 12.74, -0.1, 0.36, 0.86
-3.14, 9.42, 13.61, -0.11, 0.35, 0.87
-0.85, 11.41, 13.87, -0.11, 0.34, 0.87
0.58, 14.8, 14.99, -0.1, 0.34, 0.87
3.94, 16.78, 16.63, -0.12, 0.33, 0.87
10.33, 18.8, 17.76, -0.13, 0.33, 0.89
14.0, 20.38, 18.56, -0.14, 0.33, 0.89
15.67, 21.41, 19.25, -0.13, 0.34, 0.93
14.25, 21.7, 19.35, -0.15, 0.35, 0.95
15.31, 21.04, 19.4, -0.17, 0.35, 0.97
12.75, 19.64, 19.48, -0.17, 0.37, 1.0
9.48, 18.68, 19.55, -0.18, 0.38, 0.99
8.12, 16.97, 18.88, -0.2, 0.38, 1.01
7.27, 15.7, 16.01, -0.21, 0.36, 1.01
9.0, 14.88, 13.43, -0.21, 0.35, 1.03
5.55, 13.37, 11.15, -0.22, 0.36, 1.04
0.7, 14.14, 9.92, -0.22, 0.36, 1.04
-2.17, 12.9, 9.44, -0.21, 0.38, 1.04
-5.61, 11.71, 8.96, -0.22, 0.39, 1.03
-8.27, 10.25, 8.54, -0.22, 0.4, 1.01
-7.29, 8.94, 7.47, -0.21, 0.38, 0.99
-6.05, 7.72, 6.51, -0.2, 0.36, 0.98
-4.56, 7.4, 5.32, -0.2, 0.36, 0.97
-2.4, 5.74, 4.7, -0.19, 0.37, 0.97
-5.53, 4.06, 5.94, -0.19, 0.38, 0.98
-7.56, 2.76, 6.63, -0.19, 0.39, 0.97
-6.45, 0.56, 6.54, -0.2, 0.38, 0.96
-5.83, -0.57, 5.85, -0.19, 0.37, 0.95
-7.74, -0.16, 5.82, -0.18, 0.38, 0.95
-8.67, -1.09, 5.5, -0.18, 0.38, 0.94
-8.33, -1.13, 6.65, -0.18, 0.39, 0.95
-9.79, -1.48, 7.31, -0.17, 0.4, 0.94
-10.99, -0.95, 7.69, -0.17, 0.4, 0.93
-8.86, 0.95, 8.14, -0.17, 0.38, 0.91
-3.45, 2.87, 9.0, -0.17, 0.37, 0.9
4.0, 4.68, 9.62, -0.16, 0.35, 0.89
9.85, 5.75, 10.27, -0.16, 0.38, 0.91
11.42, 7.06, 10.55, -0.17, 0.38, 0.91
14.1, 7.96, 10.69, -0.18, 0.36, 0.92
19.4, 8.07, 10.59, -0.19, 0.35, 0.91
23.05, 7.85, 10.53, -0.18, 0.37, 0.94
21.09, 7.79, 10.79, -0.18, 0.38, 0.96
20.12, 6.44, 9.92, -0.2, 0.37, 0.95
22.21, 4.89, 8.18, -0.2, 0.38, 0.96
20.06, 3.21, 6.9, -0.2, 0.37, 0.98
18.92, 2.51, 6.11, -0.19, 0.37, 0.98
15.43, 0.89, 4.52, -0.22, 0.41, 1.0
10.67, -1.38, 5.71, -0.2, 0.42, 1.01
4.31, -2.75, 5.84, -0.2, 0.43, 1.01
0.91, -4.34, 5.48, -0.2, 0.44, 0.99
-2.89, -4.4, 5.22, -0.19, 0.45, 0.98
-4.91, -3.77, 5.17, -0.19, 0.47, 0.97
-9.5, -1.77, 4.99, -0.18, 0.44, 0.94
-6.82, -1.61, 5.31, -0.17, 0.45, 0.93
-5.19, -0.33, 6.28, -0.16, 0.45, 0.91
-2.59, 1.83, 7.67, -0.16, 0.46, 0.91
-0.04, 3.84, 9.29, -0.16, 0.45, 0.88
7.29, 5.3, 11.59, -0.15, 0.47, 0.9
10.35, 6.93, 12.4, -0.16, 0.48, 0.9
6.68, 8.88, 13.58, -0.14, 0.49, 0.89
5.01, 10.03, 14.44, -0.14, 0.48, 0.89
9.06, 10.89, 14.7, -0.16, 0.46, 0.87
12.9, 11.22, 15.54, -0.16, 0.48, 0.89
14.79, 10.53, 14.62, -0.17, 0.46, 0.9
13.24, 10.61, 13.62, -0.16, 0.45, 0.9
9.41, 11.12, 12.03, -0.16, 0.44, 0.9
10.83, 10.6, 10.23, -0.17, 0.43, 0.9
9.8, 9.91, 8.51, -0.17, 0.45, 0.91
6.54, 8.5, 7.34, -0.18, 0.45, 0.92
4.46, 7.12, 6.72, -0.18, 0.45, 0.92
2.38, 5.73, 6.1, -0.18, 0.45, 0.92
0.3, 4.35, 5.48, -0.18, 0.45, 0.92
-1.79, 2.96, 4.85, -0.17, 0.45, 0.93
-3.87, 1.58, 4.23, -0.17, 0.45, 0.93
-5.95, 0.19, 3.61, -0.17, 0.45, 0.93
-8.03, -1.19, 2.99, -0.17, 0.45, 0.93
-11.81, -2.21, 2.38, -0.17, 0.46, 0.92
-11.9, -2.96, 2.15, -0.17, 0.46, 0.92
-13.51, -2.98, 1.43, -0.16, 0.47, 0.91
-14.46, -2.74, 0.66, -0.15, 0.45, 0.89
-11.5, -1.87, 0.45, -0.15, 0.44, 0.88
-4.85, -1.5, -0.39, -0.17, 0.42, 0.87
-0.78, -0.96, -1.22, -0.17, 0.42, 0.89
-0.91, -0.16, -2.75, -0.16, 0.42, 0.89
-1.45, -0.39, -3.7, -0.15, 0.42, 0.91
-5.02, -0.48, -4.71, -0.16, 0.42, 0.91
-5.58, -1.13, -4.32, -0.16, 0.41, 0.91
-5.77, -0.64, -2.82, -0.16, 0.41, 0.92
-2.97, -1.74, -1.25, -0.17, 0.42, 0.93
-3.24, -1.98, -0.15, -0.17, 0.43, 0.94
-2.06, -2.29, -0.3, -0.17, 0.42, 0.94
-3.17, -1.54, -1.64, -0.18, 0.41, 0.94
-0.54, -2.53, -3.64, -0.18, 0.41, 0.95
-2.41, -2.97, -5.3, -0.18, 0.42, 0.97
-5.24, -3.92, -6.64, -0.18, 0.41, 0.96
-6.22, -4.51, -7.96, -0.18, 0.39, 0.95
-5.67, -5.04, -8.67, -0.18, 0.41, 0.96
-4.06, -7.19, -8.99, -0.19, 0.41, 0.96
-4.48, -9.87, -8.44, -0.19, 0.41, 0.98
-5.77, -13.38, -8.36, -0.18, 0.41, 0.97
-7.12, -14.68, -9.43, -0.18, 0.4, 0.98
-6.45, -16.35, -11.39, -0.17, 0.39, 0.97
-2.7, -17.95, -13.44, -0.19, 0.38, 0.98
-2.56, -19.14, -15.51, -0.19, 0.37, 0.99
-7.79, -20.06, -18.68, -0.17, 0.37, 1.0
-14.25, -20.52, -21.0, -0.15, 0.36, 0.98
-15.16, -19.92, -21.66, -0.16, 0.36, 0.96
-13.89, -21.93, -22.9, -0.16, 0.37, 0.97
-17.3, -21.78, -23.49, -0.13, 0.37, 0.96
-19.54, -20.67, -23.15, -0.13, 0.35, 0.95
-17.82, -20.12, -22.44, -0.12, 0.37, 0.94
-15.72, -18.77, -21.4, -0.13, 0.36, 0.93
-8.41, -19.99, -20.92, -0.14, 0.39, 0.94
-8.32, -21.11, -20.52, -0.13, 0.4, 0.95
-9.52, -19.79, -20.96, -0.12, 0.38, 0.93
-7.8, -18.48, -21.51, -0.1, 0.38, 0.93
-8.29, -14.81, -21.9, -0.1, 0.37, 0.92
0.35, -13.65, -21.04, -0.13, 0.4, 0.94
2.64, -14.12, -18.64, -0.12, 0.42, 0.96
4.74, -14.63, -16.96, -0.12, 0.42, 0.96
4.19, -13.54, -17.25, -0.1, 0.4, 0.96
1.75, -11.7, -19.48, -0.09, 0.4, 0.95
5.63, -10.29, -19.72, -0.12, 0.38, 0.95
3.85, -10.48, -19.09, -0.11, 0.4, 0.97
1.51, -9.52, -17.87, -0.1, 0.38, 0.95
2.14, -8.41, -17.94, -0.09, 0.37, 0.94
2.25, -7.74, -19.07, -0.09, 0.37, 0.94
3.06, -6.17, -20.38, -0.1, 0.35, 0.93
5.09, -7.1, -19.88, -0.11, 0.37, 0.95
2.73, -7.74, -18.67, -0.1, 0.37, 0.96
0.32, -8.37, -18.48, -0.09, 0.37, 0.96
-0.47, -8.87, -19.88, -0.1, 0.36, 0.96
-0.9, -7.08, -21.2, -0.09, 0.35, 0.95
5.61, -6.19, -21.97, -0.12, 0.35, 0.95
7.03, -6.87, -20.96, -0.11, 0.39, 1.0
1.62, -8.05, -19.73, -0.11, 0.39, 1.01
-1.25, -8.45, -19.97, -0.11, 0.39, 1.0
-0.67, -8.82, -20.97, -0.11, 0.36, 0.98
0.27, -7.41, -22.89, -0.11, 0.35, 0.97
6.19, -8.04, -24.34, -0.12, 0.36, 0.96
6.52, -9.06, -24.03, -0.11, 0.38, 0.99
1.16, -10.01, -22.96, -0.11, 0.39, 1.0
-3.19, -10.81, -23.96, -0.11, 0.37, 0.97
-5.1, -10.79, -25.8, -0.1, 0.36, 0.97
-7.77, -9.48, -27.44, -0.1, 0.33, 0.93
0.91, -12.54, -28.03, -0.12, 0.36, 0.96
-3.61, -11.67, -27.64, -0.11, 0.36, 0.96
-4.96, -12.22, -24.74, -0.11, 0.38, 0.98
-3.99, -12.91, -24.99, -0.1, 0.36, 0.95
-1.95, -11.49, -25.53, -0.09, 0.36, 0.95
2.44, -9.63, -26.15, -0.1, 0.36, 0.94
5.48, -8.81, -26.36, -0.1, 0.37, 0.93
5.17, -6.16, -24.12, -0.09, 0.39, 0.96
3.69, -4.88, -23.72, -0.09, 0.38, 0.93
4.36, -3.21, -23.8, -0.08, 0.39, 0.92
5.0, -1.3, -22.82, -0.08, 0.39, 0.91
8.51, -1.67, -22.56, -0.1, 0.39, 0.92
6.48, -0.03, -22.01, -0.08, 0.4, 0.92
7.82, 0.57, -19.76, -0.09, 0.4, 0.92
7.45, 0.61, -19.04, -0.09, 0.4, 0.92
8.34, 1.24, -18.87, -0.1, 0.39, 0.91
12.79, 0.81, -18.3, -0.11, 0.41, 0.93
11.03, 1.53, -18.04, -0.11, 0.44, 0.95
5.03, 2.24, -18.56, -0.11, 0.44, 0.97
2.88, 2.86, -19.48, -0.12, 0.44, 0.95
3.47, 3.49, -20.0, -0.12, 0.43, 0.95
3.88, 4.45, -19.44, -0.12, 0.42, 0.95
6.8, 4.06, -17.87, -0.13, 0.42, 0.96
8.29, 3.31, -16.01, -0.12, 0.42, 0.96
7.51, 3.89, -14.32, -0.12, 0.42, 0.97
11.93, 4.48, -12.8, -0.14, 0.39, 0.94
16.21, 3.4, -10.43, -0.12, 0.41, 0.95
15.7, 4.18, -8.06, -0.13, 0.41, 0.94
18.06, 4.97, -6.61, -0.13, 0.4, 0.92
23.54, 5.04, -4.9, -0.13, 0.43, 0.92
23.09, 5.38, -4.29, -0.13, 0.44, 0.93
22.28, 5.67, -4.76, -0.13, 0.44, 0.92
22.48, 5.87, -4.8, -0.14, 0.44, 0.91
22.14, 5.7, -5.09, -0.15, 0.45, 0.92
19.86, 5.97, -4.8, -0.15, 0.47, 0.93
16.5, 6.57, -4.39, -0.15, 0.47, 0.92
16.16, 6.18, -4.09, -0.15, 0.48, 0.92
14.67, 6.58, -4.89, -0.15, 0.49, 0.92
13.0, 6.31, -5.54, -0.16, 0.49, 0.92
9.89, 6.53, -5.65, -0.15, 0.49, 0.92
9.05, 6.65, -5.29, -0.16, 0.49, 0.92
7.98, 7.06, -5.4, -0.15, 0.48, 0.91
7.8, 7.85, -4.74, -0.16, 0.47, 0.92
8.19, 7.94, -3.74, -0.15, 0.49, 0.91
7.77, 8.19, -3.41, -0.17, 0.49, 0.92
6.21, 7.49, -3.93, -0.16, 0.5, 0.91
2.82, 6.28, -4.57, -0.18, 0.51, 0.93
-0.17, 5.07, -4.34, -0.18, 0.49, 0.91
0.13, 5.16, -4.27, -0.18, 0.48, 0.9
2.02, 5.39, -3.13, -0.17, 0.47, 0.91
10.03, 5.8, 0.0, -0.21, 0.5, 0.92
8.13, 2.22, -0.1, -0.2, 0.51, 0.97
5.35, 1.74, 0.16, -0.19, 0.5, 0.97
5.13, 0.68, 0.76, -0.2, 0.49, 0.96
4.86, 0.94, 1.22, -0.18, 0.5, 0.94
5.5, 1.13, 1.15, -0.18, 0.48, 0.92
6.39, 1.53, 1.48, -0.18, 0.48, 0.91
6.51, 1.77, 1.12, -0.18, 0.49, 0.9
3.63, 2.54, 1.11, -0.17, 0.49, 0.89
1.37, 2.61, 1.14, -0.17, 0.49, 0.88
-0.12, 2.82, 0.87, -0.16, 0.5, 0.87
-2.21, 2.88, 0.68, -0.16, 0.5, 0.86
-4.43, 3.07, -0.6, -0.16, 0.49, 0.86
-5.25, 3.67, -1.48, -0.17, 0.49, 0.87
-7.67, 3.55, -1.9, -0.18, 0.48, 0.89
-7.44, 4.02, -2.64, -0.18, 0.48, 0.9
-7.37, 4.52, -2.45, -0.18, 0.47, 0.9
-5.32, 4.32, -2.09, -0.19, 0.48, 0.92
-6.51, 2.82, -1.92, -0.19, 0.48, 0.94
-7.31, 2.16, -1.34, -0.2, 0.48, 0.93
-6.23, 2.56, -1.09, -0.19, 0.47, 0.93
-4.4, 2.21, -0.55, -0.19, 0.46, 0.92
-4.05, 2.87, 0.03, -0.18, 0.46, 0.92
-3.67, 3.24, 0.47, -0.19, 0.45, 0.9
-3.12, 3.35, 0.37, -0.18, 0.47, 0.9
-4.4, 3.83, 0.25, -0.18, 0.46, 0.88
-2.78, 4.0, 0.15, -0.19, 0.45, 0.89
-2.24, 3.4, 0.01, -0.19, 0.45, 0.9
-3.35, 3.25, 0.09, -0.19, 0.46, 0.9
-4.47, 4.22, 0.48, -0.19, 0.45, 0.9
-2.9, 4.27, 0.28, -0.19, 0.45, 0.9
-1.78, 3.57, 0.76, -0.2, 0.47, 0.91
-3.68, 3.79, 1.12, -0.2, 0.48, 0.93
-4.44, 3.84, 0.87, -0.2, 0.47, 0.91
-2.61, 3.16, 1.16, -0.2, 0.48, 0.93
-1.44, 2.48, 0.77, -0.21, 0.47, 0.93
-0.99, 0.94, 1.26, -0.21, 0.48, 0.93
-2.57, 1.54, 1.17, -0.2, 0.49, 0.92
-5.28, 2.35, 0.79, -0.19, 0.49, 0.91
-6.48, 2.75, -0.83, -0.22, 0.39, 0.82
2.04, 11.69, -2.75, -0.2, 0.42, 0.87
-5.23, -0.9, 0.75, -0.2, 0.47, 0.94
-10.02, 0.55, 0.61, -0.19, 0.47, 0.94
-12.45, 1.6, 1.16, -0.19, 0.51, 0.93
-15.08, 3.32, 0.72, -0.2, 0.51, 0.91
-19.13, 2.88, -0.11, -0.19, 0.49, 0.89
-20.09, 3.24, -0.74, -0.19, 0.51, 0.9
-18.76, 5.63, -2.95, -0.24, 0.41, 0.89
-37.38, 3.65, -3.45, -0.09, 0.61, 1.07
-39.35, 8.89, -6.83, -0.3, 0.36, 0.78
-15.22, -6.01, -5.18, -0.15, 0.44, 0.91
-18.41, -1.48, -8.59, -0.24, 0.38, 0.9
-17.98, -0.21, -7.09, -0.17, 0.36, 0.94
-26.45, 3.01, -3.82, -0.2, 0.43, 0.97
-25.42, 2.03, -2.93, -0.19, 0.31, 0.9
-5.25, -2.04, -4.41, -0.25, 0.27, 0.95
-8.09, -0.12, -0.42, -0.2, 0.31, 0.98
3.35, -0.56, 2.23, -0.23, 0.3, 0.97
10.67, 0.19, 2.4, -0.22, 0.31, 0.96
14.45, -0.74, 2.9, -0.2, 0.37, 0.97
13.06, -0.95, 3.4, -0.2, 0.41, 0.96
12.95, -1.06, 2.51, -0.2, 0.43, 0.93
10.26, 0.73, 1.48, -0.19, 0.43, 0.91
14.38, -1.12, 0.52, -0.22, 0.43, 0.9
9.72, -1.41, 0.21, -0.2, 0.47, 0.93
-7.87, 0.08, 0.79, -0.15, 0.52, 0.95
-16.04, 1.58, -1.38, -0.19, 0.47, 0.92
-18.19, 1.17, -2.8, -0.2, 0.44, 0.93
-23.8, 1.9, -3.22, -0.2, 0.43, 0.93
-22.72, 1.35, -4.53, -0.21, 0.39, 0.91
-8.06, -4.89, -4.52, -0.16, 0.48, 1.0
-16.71, -3.2, -3.55, -0.21, 0.4, 0.98
-24.03, 1.64, -2.69, -0.21, 0.38, 0.96
-24.69, 1.98, -2.05, -0.2, 0.38, 0.93
-22.78, 2.22, -2.55, -0.2, 0.37, 0.92
-23.29, 3.55, -3.55, -0.21, 0.36, 0.94
-26.51, 2.38, -4.08, -0.19, 0.35, 0.94
-27.06, 2.19, -4.27, -0.2, 0.36, 0.96
-28.11, 2.53, -4.45, -0.19, 0.36, 0.98
-31.39, 3.52, -3.87, -0.2, 0.35, 0.98
-32.25, 4.41, -4.83, -0.21, 0.31, 0.96
-28.85, 4.16, -4.73, -0.23, 0.29, 0.97
-26.06, 3.13, -3.98, -0.21, 0.29, 1.0
-30.03, 3.22, -2.64, -0.2, 0.29, 1.0
-28.43, 4.17, -2.32, -0.23, 0.25, 0.95
-24.37, 2.12, -2.51, -0.22, 0.27, 0.99
-25.79, 3.14, -2.65, -0.22, 0.27, 1.0
-25.98, 4.3, -3.45, -0.21, 0.22, 0.95
-19.8, 3.08, -3.46, -0.22, 0.2, 0.96
-10.0, 1.49, -3.59, -0.24, 0.17, 0.97
0.7, -0.48, -2.74, -0.25, 0.16, 1.01
4.73, -0.29, -0.79, -0.23, 0.17, 1.01
8.16, 0.67, 1.63, -0.21, 0.17, 0.98
18.62, 2.04, 2.77, -0.23, 0.19, 0.99
15.77, 1.12, 5.58, -0.2, 0.24, 1.01
15.8, 3.31, 5.48, -0.22, 0.25, 0.97
18.96, 2.08, 5.32, -0.22, 0.26, 0.97
21.83, -0.18, 5.32, -0.23, 0.32, 1.0
18.45, 1.93, 4.53, -0.19, 0.3, 0.94
20.73, -0.21, 3.74, -0.22, 0.31, 0.98
17.39, 3.23, 2.65, -0.21, 0.3, 0.99
10.72, 0.48, 4.8, -0.22, 0.36, 1.01
12.03, 2.25, 4.26, -0.22, 0.3, 0.93
19.61, 0.41, 1.32, -0.25, 0.27, 0.94
19.9, -0.64, 1.88, -0.2, 0.35, 1.0
6.96, 4.39, 6.13, -0.21, 0.39, 0.96
-0.21, 4.56, 5.06, -0.21, 0.41, 0.94
-0.13, 1.24, 3.12, -0.22, 0.41, 0.95
-1.29, 0.92, 0.35, -0.22, 0.36, 0.92
3.51, 0.76, -1.35, -0.22, 0.32, 0.95
4.9, -0.19, -1.03, -0.22, 0.33, 0.98
1.41, -1.03, 0.44, -0.23, 0.32, 0.99
4.56, -0.34, -0.39, -0.28, 0.25, 0.91
12.44, -2.14, 0.04, -0.15, 0.34, 0.99
5.54, 0.99, 1.78, -0.24, 0.28, 0.96
12.18, 0.0, 2.62, -0.22, 0.3, 0.98
5.35, 2.0, 3.81, -0.25, 0.29, 0.92
7.55, 0.11, 5.85, -0.26, 0.39, 0.97
-9.62, 7.45, 4.8, -0.16, 0.47, 0.92
-13.08, 1.51, 3.38, -0.22, 0.47, 0.88
-19.0, 1.28, 0.15, -0.2, 0.47, 0.92
-25.75, 1.19, -4.72, -0.19, 0.41, 0.92
-27.64, -0.09, -8.5, -0.23, 0.4, 0.96
-27.66, -2.23, -8.62, -0.25, 0.29, 0.92
-11.33, -2.73, -10.51, -0.2, 0.17, 0.97
-2.09, -2.51, -9.82, -0.22, 0.17, 1.02
2.83, -2.08, -6.54, -0.23, 0.16, 1.01
0.33, 1.39, -0.28, -0.2, 0.26, 1.05
-0.38, 3.29, 5.2, -0.22, 0.25, 1.0
11.07, 2.47, 4.99, -0.21, 0.16, 0.96
25.35, 1.32, 5.26, -0.23, 0.2, 0.99
37.74, -5.96, 12.17, -0.23, 0.38, 1.1
35.45, -13.38, 18.95, -0.22, 0.44, 1.22
24.45, 6.75, 9.19, -0.39, 0.36, 1.01
29.75, 3.26, 7.45, -0.17, 0.43, 0.93
25.87, -1.89, 6.51, -0.18, 0.45, 0.94
15.59, -2.56, 4.8, -0.21, 0.44, 0.94
12.59, -3.67, 4.47, -0.23, 0.44, 0.95
4.01, -3.01, 4.33, -0.18, 0.47, 0.95
-7.14, -0.94, 3.01, -0.19, 0.49, 0.93
-14.09, -0.46, 2.63, -0.17, 0.46, 0.91
-10.86, 2.37, 7.48, -0.17, 0.44, 0.88
-5.57, 2.04, 10.06, -0.18, 0.45, 0.86
2.57, 0.62, 12.4, -0.18, 0.45, 0.91
5.85, -0.1, 13.57, -0.21, 0.44, 0.94
4.12, -0.85, 14.33, -0.19, 0.42, 0.96
3.12, -1.44, 16.41, -0.2, 0.41, 0.97
5.98, -0.87, 18.0, -0.21, 0.41, 0.96
9.26, -0.72, 20.03, -0.22, 0.4, 0.96
10.12, 0.47, 22.1, -0.2, 0.4, 0.97
12.32, 2.3, 24.82, -0.2, 0.41, 0.96
11.38, 2.93, 26.42, -0.2, 0.43, 0.96
12.44, 3.09, 27.59, -0.18, 0.43, 0.94
10.66, 3.15, 26.88, -0.2, 0.43, 0.93
11.75, 4.06, 26.96, -0.18, 0.43, 0.93
10.74, 4.75, 26.93, -0.18, 0.43, 0.92
11.47, 4.96, 27.87, -0.16, 0.44, 0.91
9.44, 6.31, 28.45, -0.16, 0.45, 0.91
9.19, 7.51, 28.72, -0.16, 0.44, 0.88
10.25, 8.14, 29.4, -0.15, 0.44, 0.9
10.32, 8.99, 29.96, -0.16, 0.43, 0.89
9.88, 8.8, 29.71, -0.16, 0.45, 0.91
6.96, 9.57, 28.61, -0.16, 0.44, 0.89
5.68, 10.74, 28.15, -0.15, 0.42, 0.89
5.75, 11.79, 26.82, -0.16, 0.4, 0.87
10.96, 12.94, 25.45, -0.17, 0.4, 0.88
13.08, 12.9, 24.71, -0.17, 0.4, 0.88
8.61, 13.22, 24.5, -0.16, 0.47, 0.94
-2.85, 13.06, 23.61, -0.18, 0.44, 0.92
-2.69, 11.82, 22.23, -0.19, 0.45, 0.94
-6.86, 10.09, 20.74, -0.2, 0.46, 0.96
-12.37, 9.17, 19.91, -0.19, 0.46, 0.98
-14.81, 8.98, 19.83, -0.2, 0.44, 0.96
-12.0, 9.29, 21.12, -0.18, 0.45, 0.96
-9.55, 11.88, 23.59, -0.18, 0.46, 0.95
-6.8, 13.48, 24.96, -0.18, 0.46, 0.93
-1.3, 15.09, 26.51, -0.17, 0.45, 0.9
3.6, 16.28, 27.9, -0.17, 0.47, 0.91
6.4, 17.16, 29.13, -0.17, 0.48, 0.9
9.02, 15.49, 29.43, -0.18, 0.49, 0.9
5.12, 14.21, 28.43, -0.18, 0.5, 0.92
-4.19, 12.48, 25.64, -0.16, 0.48, 0.92
-9.51, 12.52, 24.22, -0.16, 0.48, 0.91
-13.37, 13.14, 23.25, -0.17, 0.45, 0.9
-11.13, 12.54, 23.03, -0.17, 0.44, 0.89
-10.54, 13.29, 23.78, -0.17, 0.44, 0.9
-7.49, 13.49, 23.59, -0.17, 0.43, 0.91
-4.28, 13.39, 23.03, -0.18, 0.43, 0.94
-2.14, 12.22, 21.74, -0.19, 0.41, 0.93
-3.31, 11.77, 20.93, -0.18, 0.42, 0.95
-5.32, 11.73, 20.36, -0.19, 0.42, 0.95
-8.81, 12.33, 20.16, -0.18, 0.42, 0.94
-8.35, 13.52, 20.84, -0.18, 0.43, 0.93
-3.54, 12.49, 21.16, -0.18, 0.45, 0.93
-4.27, 12.28, 21.29, -0.18, 0.46, 0.93
-5.87, 11.24, 20.83, -0.19, 0.45, 0.93
-6.32, 10.71, 19.03, -0.18, 0.44, 0.92
-6.01, 11.64, 17.22, -0.18, 0.41, 0.91
-1.56, 11.82, 15.52, -0.17, 0.41, 0.92
2.74, 10.95, 15.85, -0.18, 0.41, 0.93
3.84, 9.6, 15.82, -0.18, 0.44, 0.95
0.52, 8.41, 15.29, -0.19, 0.45, 0.95
-5.87, 8.74, 14.3, -0.19, 0.43, 0.94
-7.37, 8.0, 14.1, -0.19, 0.42, 0.93
-6.55, 5.9, 13.74, -0.18, 0.42, 0.94
-8.41, 4.52, 12.89, -0.18, 0.44, 0.95
-11.95, 3.78, 11.83, -0.19, 0.44, 0.96
-14.65, 4.06, 11.06, -0.19, 0.45, 0.95
-17.51, 4.75, 10.54, -0.18, 0.45, 0.93
-16.36, 5.93, 10.45, -0.17, 0.44, 0.91
-13.51, 6.64, 10.35, -0.16, 0.44, 0.91
-11.25, 8.03, 10.47, -0.16, 0.45, 0.9
-9.88, 8.52, 10.93, -0.17, 0.45, 0.9
-9.8, 8.22, 11.54, -0.17, 0.45, 0.9
-9.79, 8.66, 11.41, -0.17, 0.44, 0.89
-7.81, 9.86, 11.8, -0.16, 0.42, 0.89
-5.12, 10.98, 12.64, -0.15, 0.42, 0.89
-1.14, 11.93, 13.96, -0.16, 0.41, 0.88
5.29, 12.78, 14.85, -0.16, 0.42, 0.89
9.46, 13.26, 16.31, -0.17, 0.43, 0.9
10.31, 13.85, 15.89, -0.18, 0.43, 0.91
10.39, 14.22, 15.03, -0.18, 0.42, 0.91
10.75, 14.09, 13.95, -0.18, 0.42, 0.91
11.42, 13.96, 13.54, -0.19, 0.41, 0.92
12.53, 13.97, 13.25, -0.19, 0.42, 0.93
10.96, 14.16, 12.67, -0.19, 0.42, 0.93
11.66, 14.38, 12.51, -0.19, 0.43, 0.93
10.54, 13.49, 10.96, -0.2, 0.43, 0.94
7.83, 12.58, 9.06, -0.2, 0.42, 0.93
4.32, 11.45, 6.93, -0.2, 0.42, 0.94
2.03, 10.09, 5.44, -0.2, 0.41, 0.93
-0.02, 7.95, 3.22, -0.21, 0.4, 0.93
0.18, 6.96, 2.38, -0.2, 0.39, 0.94
3.45, 5.16, 1.35, -0.21, 0.41, 0.94
2.65, 2.62, -0.36, -0.22, 0.41, 0.95
0.29, 0.23, -2.63, -0.22, 0.41, 0.95
-2.19, -1.41, -4.51, -0.23, 0.4, 0.96
-4.3, -3.27, -7.04, -0.23, 0.39, 0.95
-5.8, -5.15, -8.77, -0.21, 0.41, 0.96
-8.32, -7.03, -10.51, -0.21, 0.41, 0.95
-8.6, -9.25, -10.69, -0.22, 0.42, 0.95
-10.29, -12.6, -11.61, -0.22, 0.43, 0.96
-11.97, -12.9, -12.74, -0.21, 0.43, 0.95
-12.06, -14.24, -13.55, -0.21, 0.43, 0.94
-14.72, -14.88, -14.7, -0.2, 0.45, 0.94
-16.13, -15.58, -15.57, -0.2, 0.44, 0.92
-15.5, -14.93, -15.83, -0.19, 0.45, 0.92
-14.02, -14.18, -15.16, -0.19, 0.45, 0.92
-10.71, -14.27, -15.05, -0.19, 0.44, 0.91
-4.31, -13.38, -14.89, -0.18, 0.43, 0.91
-1.25, -12.74, -14.45, -0.18, 0.44, 0.93
-0.86, -12.2, -15.45, -0.18, 0.42, 0.91
0.69, -11.51, -16.03, -0.18, 0.4, 0.92
-0.25, -10.17, -15.74, -0.16, 0.41, 0.94
0.22, -9.77, -15.91, -0.18, 0.38, 0.92
1.96, -9.45, -16.81, -0.17, 0.39, 0.92
2.38, -9.15, -18.33, -0.18, 0.36, 0.9
-0.5, -7.81, -20.94, -0.15, 0.36, 0.91
1.25, -7.58, -21.27, -0.18, 0.35, 0.91
3.91, -9.51, -20.93, -0.19, 0.38, 0.93
1.33, -10.99, -20.06, -0.17, 0.39, 0.95
-1.99, -12.15, -20.0, -0.17, 0.38, 0.94
-0.74, -12.77, -20.48, -0.18, 0.38, 0.93
2.27, -12.83, -19.16, -0.19, 0.4, 0.94
5.58, -14.15, -18.33, -0.2, 0.43, 0.97
5.38, -13.69, -18.49, -0.19, 0.43, 0.97
4.61, -11.01, -18.85, -0.19, 0.41, 0.95
7.06, -8.76, -20.03, -0.18, 0.43, 0.95
9.86, -6.34, -20.38, -0.19, 0.41, 0.92
13.96, -6.45, -19.76, -0.18, 0.45, 0.95
9.82, -7.51, -18.65, -0.18, 0.47, 0.94
9.13, -9.94, -17.76, -0.18, 0.47, 0.94
6.96, -12.18, -18.41, -0.18, 0.46, 0.94
5.9, -13.0, -20.14, -0.17, 0.44, 0.92
9.13, -13.49, -21.02, -0.18, 0.42, 0.91
10.76, -13.78, -19.79, -0.16, 0.45, 0.93
6.41, -13.15, -17.84, -0.16, 0.47, 0.94
8.29, -12.63, -17.37, -0.16, 0.44, 0.9
10.27, -10.04, -17.57, -0.15, 0.44, 0.9
11.61, -8.83, -18.48, -0.16, 0.45, 0.9
11.68, -8.85, -19.09, -0.16, 0.46, 0.9
7.92, -8.34, -17.58, -0.16, 0.46, 0.91
6.61, -8.6, -16.71, -0.16, 0.45, 0.89
8.58, -8.89, -16.73, -0.16, 0.44, 0.89
11.29, -8.94, -16.99, -0.15, 0.46, 0.91
11.65, -9.6, -16.23, -0.16, 0.47, 0.92
10.34, -9.88, -16.32, -0.16, 0.47, 0.93
8.29, -9.7, -16.92, -0.15, 0.46, 0.93
6.83, -8.24, -17.74, -0.15, 0.45, 0.92
8.97, -7.56, -17.68, -0.16, 0.46, 0.91
11.07, -7.47, -17.03, -0.16, 0.46, 0.92
9.94, -7.25, -16.64, -0.16, 0.49, 0.91
7.33, -7.58, -17.5, -0.15, 0.48, 0.92
5.41, -7.25, -18.16, -0.15, 0.46, 0.9
8.24, -7.77, -17.48, -0.17, 0.45, 0.9
10.44, -8.01, -16.92, -0.17, 0.46, 0.91
11.93, -9.0, -16.48, -0.17, 0.47, 0.91
10.05, -8.86, -15.49, -0.16, 0.5, 0.92
6.52, -8.85, -16.44, -0.16, 0.49, 0.92
5.96, -7.83, -17.73, -0.16, 0.48, 0.9
6.75, -7.07, -18.25, -0.16, 0.47, 0.89
8.38, -6.28, -18.06, -0.16, 0.47, 0.89
9.75, -5.5, -17.29, -0.14, 0.49, 0.89
9.28, -5.76, -16.83, -0.16, 0.5, 0.89
6.64, -6.07, -17.31, -0.16, 0.49, 0.88
6.83, -6.95, -17.19, -0.16, 0.5, 0.9
4.38, -6.34, -17.29, -0.15, 0.5, 0.89
2.07, -5.58, -16.83, -0.15, 0.52, 0.89
1.35, -5.29, -15.77, -0.16, 0.52, 0.89
4.56, -5.0, -13.77, -0.16, 0.52, 0.88
7.7, -5.51, -13.25, -0.16, 0.53, 0.9
7.9, -5.38, -13.05, -0.16, 0.53, 0.89
7.33, -4.29, -12.13, -0.16, 0.53, 0.9
7.19, -4.25, -10.9, -0.16, 0.53, 0.9
7.32, -4.27, -9.93, -0.16, 0.53, 0.89
8.06, -4.18, -9.02, -0.16, 0.53, 0.89
10.2, -3.81, -8.09, -0.16, 0.52, 0.88
13.06, -4.62, -6.8, -0.17, 0.53, 0.9
7.52, -6.05, -8.27, -0.16, 0.54, 0.91
1.15, -4.76, -9.26, -0.17, 0.51, 0.89
-0.79, -3.85, -10.61, -0.15, 0.5, 0.88
-2.62, -1.61, -9.99, -0.15, 0.5, 0.87
-0.76, -0.84, -7.68, -0.14, 0.51, 0.86
5.26, -0.08, -4.57, -0.15, 0.52, 0.85
10.17, -0.35, -3.12, -0.16, 0.52, 0.85
15.53, -0.37, -1.97, -0.15, 0.52, 0.86
17.67, -1.07, -0.86, -0.16, 0.54, 0.87
16.26, -0.89, -0.03, -0.17, 0.55, 0.87
15.84, -1.19, -0.25, -0.18, 0.56, 0.88
13.65, -0.61, -0.4, -0.16, 0.56, 0.88
12.84, -1.14, -1.24, -0.16, 0.57, 0.9
9.65, -1.48, -1.68, -0.18, 0.58, 0.9
5.47, -4.32, -4.02, -0.19, 0.57, 0.93
-5.02, -5.64, -7.19, -0.18, 0.56, 0.94
-14.09, -6.56, -9.67, -0.18, 0.52, 0.93
-18.19, -7.35, -10.77, -0.18, 0.5, 0.92
-19.38, -7.09, -10.73, -0.17, 0.49, 0.91
-17.97, -6.93, -8.91, -0.16, 0.49, 0.9
-12.41, -6.06, -7.45, -0.16, 0.48, 0.89
-6.52, -5.79, -6.0, -0.16, 0.49, 0.89
-3.21, -5.29, -4.7, -0.16, 0.48, 0.88
1.13, -5.14, -4.86, -0.16, 0.49, 0.88
0.28, -5.32, -5.17, -0.15, 0.51, 0.89
-1.8, -4.93, -6.1, -0.15, 0.5, 0.89
-4.51, -5.48, -6.49, -0.14, 0.5, 0.88
-6.7, -4.44, -6.76, -0.14, 0.49, 0.88
-5.66, -4.23, -6.63, -0.15, 0.5, 0.87
-4.74, -3.88, -6.54, -0.14, 0.5, 0.87
-3.87, -3.17, -6.58, -0.14, 0.5, 0.86
-3.23, -2.42, -6.16, -0.14, 0.5, 0.86
-2.7, -1.1, -6.46, -0.14, 0.5, 0.85
-1.64, 0.22, -5.87, -0.13, 0.51, 0.85
-1.38, 2.0, -5.35, -0.14, 0.51, 0.84
0.04, 3.0, -4.91, -0.14, 0.5, 0.84
2.25, 4.11, -3.51, -0.14, 0.51, 0.84
2.68, 5.07, -2.83, -0.14, 0.51, 0.85
3.57, 5.36, -2.44, -0.14, 0.52, 0.85
3.76, 5.58, -1.92, -0.14, 0.51, 0.86
4.66, 4.72, -2.48, -0.17, 0.54, 0.91
-1.96, 4.18, -2.16, -0.17, 0.55, 0.92
-2.72, 0.64, -1.83, -0.19, 0.57, 0.95
-5.11, 0.91, -2.09, -0.19, 0.54, 0.96
-5.56, 1.84, -2.27, -0.18, 0.53, 0.96
-4.42, 3.11, -2.04, -0.17, 0.5, 0.93
-4.01, 3.61, -1.73, -0.17, 0.48, 0.91
-2.83, 2.93, -0.93, -0.18, 0.48, 0.9
-2.86, 2.35, 0.08, -0.17, 0.48, 0.9
-2.25, 1.22, 0.54, -0.17, 0.47, 0.89
-2.32, 1.2, 0.96, -0.17, 0.47, 0.88
-1.49, 0.82, 0.87, -0.17, 0.48, 0.88
0.03, 0.12, 1.12, -0.18, 0.5, 0.9
-0.38, 0.1, 0.93, -0.18, 0.51, 0.91
-1.81, 0.95, 0.76, -0.17, 0.5, 0.9
-2.82, 1.63, 0.39, -0.17, 0.51, 0.9
-3.64, 1.7, 0.59, -0.17, 0.5, 0.89
-4.55, 1.41, 0.54, -0.17, 0.51, 0.88
-6.16, 0.54, 0.84, -0.17, 0.52, 0.89
-9.57, 0.98, 0.58, -0.16, 0.52, 0.9
-10.98, 0.79, -0.41, -0.16, 0.52, 0.9
-13.89, 3.58, -0.45, -0.18, 0.49, 0.87
-10.38, 1.54, 1.62, -0.16, 0.5, 0.88
-9.06, 3.42, 2.85, -0.16, 0.51, 0.87
-6.36, 3.41, 3.84, -0.17, 0.5, 0.88
-6.81, 4.17, 4.48, -0.16, 0.5, 0.89
-6.43, 4.05, 4.63, -0.16, 0.5, 0.89
-7.24, 3.93, 4.62, -0.16, 0.49, 0.9
-8.71, 4.08, 3.96, -0.16, 0.47, 0.9
-9.14, 3.85, 3.67, -0.16, 0.46, 0.91
-7.92, 3.28, 5.0, -0.17, 0.46, 0.92
-5.44, 3.38, 6.24, -0.17, 0.46, 0.92
-4.66, 3.48, 8.12, -0.17, 0.47, 0.92
-2.46, 4.12, 9.36, -0.18, 0.47, 0.91
-1.02, 4.51, 9.73, -0.17, 0.48, 0.9
-1.14, 5.52, 9.35, -0.17, 0.48, 0.9
-2.05, 6.09, 9.33, -0.17, 0.48, 0.9
-2.9, 6.2, 9.51, -0.17, 0.49, 0.9
-4.93, 6.16, 9.96, -0.16, 0.5, 0.91
-5.93, 6.33, 9.87, -0.16, 0.5, 0.89
-4.66, 5.85, 10.26, -0.17, 0.49, 0.89
-5.09, 6.18, 9.52, -0.18, 0.48, 0.9
-6.34, 5.81, 8.72, -0.17, 0.48, 0.9
-8.73, 6.0, 7.93, -0.17, 0.47, 0.91
-10.52, 6.12, 8.23, -0.16, 0.47, 0.91
-11.82, 5.26, 9.69, -0.17, 0.47, 0.92
-10.87, 5.57, 10.34, -0.17, 0.48, 0.91
-8.41, 5.96, 11.0, -0.18, 0.47, 0.91
-6.74, 6.16, 11.06, -0.17, 0.46, 0.91
-6.2, 6.89, 11.22, -0.17, 0.46, 0.92
-5.61, 5.96, 11.77, -0.18, 0.47, 0.93
-7.58, 6.28, 11.62, -0.18, 0.46, 0.93
-6.25, 6.27, 13.39, -0.18, 0.44, 0.91
-2.31, 7.06, 14.49, -0.18, 0.45, 0.91
-0.74, 5.69, 15.6, -0.17, 0.47, 0.93
-2.82, 5.56, 15.9, -0.17, 0.49, 0.93
-6.05, 6.95, 16.54, -0.17, 0.49, 0.92
-6.61, 8.6, 17.45, -0.17, 0.48, 0.9
-4.22, 7.78, 17.55, -0.18, 0.49, 0.9
-4.38, 8.59, 17.3, -0.17, 0.48, 0.9
-2.61, 8.61, 17.0, -0.17, 0.48, 0.89
-2.09, 7.64, 17.0, -0.17, 0.48, 0.91
-1.97, 7.08, 17.03, -0.17, 0.47, 0.92
-3.36, 7.51, 17.71, -0.16, 0.47, 0.91
-0.8, 8.59, 19.96, -0.16, 0.46, 0.89
2.97, 10.34, 21.97, -0.16, 0.46, 0.89
6.85, 10.61, 22.15, -0.17, 0.48, 0.88
4.87, 10.69, 21.06, -0.16, 0.48, 0.9
0.03, 11.75, 19.54, -0.17, 0.47, 0.89
-3.32, 12.13, 18.13, -0.16, 0.46, 0.9
-7.51, 11.07, 16.99, -0.18, 0.47, 0.91
-11.67, 8.98, 16.08, -0.17, 0.47, 0.93
-14.53, 8.32, 16.03, -0.18, 0.47, 0.93
-15.17, 8.62, 16.06, -0.17, 0.46, 0.91
-14.64, 9.45, 16.22, -0.18, 0.46, 0.91
-12.79, 9.86, 16.63, -0.17, 0.47, 0.92
-11.97, 10.97, 17.22, -0.17, 0.46, 0.92
-10.5, 11.57, 17.67, -0.17, 0.46, 0.92
-9.57, 11.48, 18.74, -0.17, 0.46, 0.93
-9.93, 11.74, 19.01, -0.17, 0.47, 0.93
-9.16, 11.48, 20.43, -0.18, 0.46, 0.92
-5.67, 11.38, 22.63, -0.18, 0.46, 0.92
-2.62, 11.42, 24.7, -0.18, 0.47, 0.92
0.14, 12.45, 25.7, -0.17, 0.47, 0.91
1.72, 13.24, 24.72, -0.16, 0.48, 0.92
1.09, 14.21, 24.44, -0.17, 0.47, 0.91
1.38, 14.68, 23.81, -0.17, 0.45, 0.89
3.06, 15.35, 23.57, -0.18, 0.46, 0.91
1.58, 15.17, 23.86, -0.18, 0.46, 0.92
2.21, 15.03, 24.0, -0.18, 0.46, 0.92
0.32, 15.35, 24.73, -0.17, 0.47, 0.92
-0.61, 14.67, 24.86, -0.18, 0.46, 0.93
0.87, 13.32, 25.1, -0.19, 0.46, 0.93
1.23, 13.45, 24.92, -0.18, 0.45, 0.92
1.32, 14.05, 25.29, -0.18, 0.45, 0.91
2.63, 15.06, 25.66, -0.18, 0.45, 0.9
4.81, 15.61, 25.2, -0.18, 0.45, 0.9
5.19, 16.05, 24.35, -0.18, 0.47, 0.92
3.83, 17.55, 23.67, -0.18, 0.45, 0.9
4.95, 18.32, 23.43, -0.18, 0.45, 0.9
6.24, 19.74, 23.84, -0.18, 0.46, 0.89
10.29, 20.6, 25.04, -0.18, 0.43, 0.9
6.91, 17.96, 22.59, -0.17, 0.53, 0.95
-2.33, 14.96, 22.0, -0.18, 0.49, 0.92
-5.77, 14.77, 21.29, -0.19, 0.49, 0.9
-5.84, 15.48, 20.64, -0.18, 0.47, 0.88
0.22, 15.25, 20.19, -0.19, 0.47, 0.9
2.36, 13.48, 19.7, -0.19, 0.5, 0.91
0.67, 13.25, 18.73, -0.19, 0.49, 0.91
-0.37, 13.37, 18.41, -0.2, 0.49, 0.9
-1.87, 13.47, 18.06, -0.2, 0.49, 0.89
0.72, 13.64, 18.05, -0.19, 0.48, 0.89
3.01, 13.32, 18.02, -0.18, 0.49, 0.89
1.77, 13.67, 16.67, -0.18, 0.49, 0.88
0.58, 13.34, 15.94, -0.19, 0.49, 0.88
-0.51, 14.26, 15.29, -0.19, 0.48, 0.88
-0.09, 15.74, 15.45, -0.19, 0.47, 0.86
3.77, 15.55, 14.89, -0.19, 0.47, 0.87
4.88, 15.01, 13.49, -0.19, 0.48, 0.88
3.99, 15.01, 11.93, -0.19, 0.47, 0.88
-0.3, 16.02, 10.84, -0.19, 0.48, 0.88
-4.21, 16.86, 9.65, -0.2, 0.47, 0.87
-5.32, 17.25, 8.82, -0.2, 0.46, 0.87
-1.78, 15.38, 7.23, -0.22, 0.49, 0.9
-7.12, 8.49, 2.74, -0.24, 0.5, 0.97
-21.38, 4.93, 1.36, -0.23, 0.48, 0.97
-28.63, 2.55, 1.35, -0.23, 0.46, 0.94
-25.96, 1.8, 2.18, -0.22, 0.45, 0.9
-18.17, 1.76, 3.56, -0.21, 0.46, 0.9
-7.98, 2.32, 5.43, -0.21, 0.45, 0.88
-0.7, 3.21, 5.82, -0.21, 0.47, 0.88
3.08, 5.08, 5.26, -0.21, 0.47, 0.88
4.22, 5.81, 3.44, -0.21, 0.48, 0.89
2.91, 5.86, 2.4, -0.21, 0.47, 0.9
1.15, 4.61, 1.55, -0.21, 0.48, 0.91
-3.51, 2.79, 0.8, -0.21, 0.47, 0.91
-3.51, 0.82, 0.35, -0.22, 0.45, 0.9
-1.7, -0.83, 0.8, -0.2, 0.46, 0.89
0.86, -0.96, 1.09, -0.21, 0.46, 0.88
3.0, -1.18, 0.72, -0.21, 0.46, 0.88
3.7, -1.28, -0.25, -0.2, 0.47, 0.9
1.67, -1.03, -1.25, -0.2, 0.46, 0.89
2.09, -0.51, -1.29, -0.21, 0.46, 0.88
4.8, -0.31, -1.06, -0.21, 0.47, 0.88
7.14, -0.92, -0.67, -0.22, 0.48, 0.89
8.99, -2.25, -0.83, -0.21, 0.49, 0.89
8.27, -2.8, -1.67, -0.21, 0.48, 0.9
6.66, -3.46, -2.74, -0.22, 0.49, 0.91
4.33, -4.68, -5.21, -0.22, 0.5, 0.91
0.97, -5.06, -7.06, -0.21, 0.5, 0.91
-2.58, -5.93, -7.95, -0.22, 0.5, 0.92
-6.29, -7.45, -9.22, -0.21, 0.51, 0.92
-10.69, -8.62, -10.48, -0.21, 0.5, 0.91
-12.27, -9.98, -11.29, -0.21, 0.48, 0.9
-14.1, -10.37, -13.02, -0.21, 0.49, 0.91
-14.67, -12.43, -13.53, -0.2, 0.47, 0.91
-15.84, -13.25, -14.71, -0.2, 0.46, 0.9
-16.05, -13.82, -14.56, -0.2, 0.45, 0.9
-13.37, -14.1, -14.48, -0.19, 0.45, 0.89
-10.44, -15.04, -14.49, -0.2, 0.46, 0.9
-8.74, -14.74, -15.05, -0.2, 0.45, 0.9
-7.67, -13.98, -16.24, -0.18, 0.45, 0.9
-7.99, -12.83, -16.97, -0.18, 0.45, 0.89
-6.68, -12.17, -16.51, -0.18, 0.44, 0.89
-4.23, -11.09, -15.36, -0.18, 0.45, 0.88
-0.38, -11.52, -14.01, -0.18, 0.46, 0.9
-0.58, -10.95, -13.86, -0.18, 0.45, 0.91
-1.65, -9.72, -13.19, -0.17, 0.45, 0.9
-2.38, -9.13, -13.06, -0.17, 0.46, 0.9
-3.38, -8.19, -13.0, -0.17, 0.45, 0.9
-2.35, -6.44, -12.92, -0.18, 0.44, 0.89
2.17, -5.54, -12.73, -0.18, 0.43, 0.88
6.7, -5.09, -11.54, -0.18, 0.44, 0.9
13.52, -5.29, -8.52, -0.19, 0.45, 0.92
18.35, -6.46, -6.86, -0.2, 0.48, 0.94
20.18, -7.41, -7.8, -0.19, 0.46, 0.94
20.92, -6.85, -8.19, -0.19, 0.46, 0.94
21.66, -6.29, -8.59, -0.19, 0.46, 0.93
22.39, -5.74, -8.98, -0.18, 0.45, 0.93
23.13, -5.18, -9.37, -0.18, 0.45, 0.92
24.68, -5.49, -7.85, -0.19, 0.49, 0.95
22.19, -8.56, -8.19, -0.21, 0.54, 0.97
13.6, -13.43, -12.35, -0.22, 0.53, 0.97
-1.19, -15.78, -18.43, -0.2, 0.48, 0.97
-15.98, -16.19, -23.98, -0.2, 0.43, 0.95
-24.11, -18.0, -27.18, -0.18, 0.46, 0.96
-29.55, -18.82, -27.92, -0.19, 0.44, 0.94
-27.59, -19.8, -26.87, -0.18, 0.41, 0.92
-19.7, -19.4, -24.65, -0.18, 0.42, 0.9
-11.12, -17.86, -22.61, -0.18, 0.43, 0.91
-4.44, -16.49, -21.11, -0.17, 0.43, 0.9
1.46, -14.2, -20.17, -0.17, 0.43, 0.89
6.01, -12.0, -19.17, -0.16, 0.42, 0.89
11.7, -11.4, -18.64, -0.18, 0.44, 0.9
13.24, -11.06, -18.13, -0.17, 0.46, 0.9
10.26, -11.51, -18.9, -0.16, 0.49, 0.92
6.64, -11.87, -20.17, -0.16, 0.48, 0.91
5.28, -12.36, -21.29, -0.16, 0.48, 0.9
6.96, -13.17, -21.02, -0.17, 0.47, 0.9
7.8, -13.67, -20.0, -0.15, 0.47, 0.91
7.06, -13.22, -19.33, -0.15, 0.5, 0.92
4.56, -13.29, -19.25, -0.15, 0.48, 0.89
6.67, -11.99, -19.87, -0.15, 0.46, 0.88
11.04, -11.53, -19.46, -0.15, 0.46, 0.88
11.75, -11.38, -18.35, -0.16, 0.51, 0.91
8.52, -12.06, -16.66, -0.16, 0.52, 0.92
4.21, -12.27, -16.93, -0.16, 0.51, 0.91
2.49, -11.38, -16.88, -0.16, 0.49, 0.89
6.19, -9.58, -17.06, -0.14, 0.5, 0.88
7.93, -8.77, -16.89, -0.15, 0.5, 0.89
9.05, -8.52, -16.25, -0.15, 0.51, 0.9
6.61, -8.88, -14.67, -0.16, 0.5, 0.9
6.21, -9.03, -14.52, -0.15, 0.49, 0.89
6.91, -8.12, -15.59, -0.13, 0.49, 0.88
5.24, -6.8, -15.72, -0.14, 0.5, 0.9
3.25, -8.06, -16.23, -0.15, 0.5, 0.89
1.56, -8.83, -15.17, -0.14, 0.5, 0.9
-0.77, -9.25, -15.1, -0.15, 0.49, 0.9
-1.93, -9.31, -16.75, -0.15, 0.48, 0.89
-2.56, -9.06, -17.8, -0.15, 0.48, 0.91
-5.97, -7.55, -18.18, -0.14, 0.49, 0.92
-6.87, -7.25, -18.17, -0.16, 0.48, 0.9
-5.96, -6.96, -16.84, -0.15, 0.48, 0.9
-4.54, -6.64, -15.19, -0.15, 0.49, 0.9
-1.82, -6.74, -14.09, -0.15, 0.49, 0.91
-0.03, -6.96, -13.87, -0.15, 0.49, 0.9
-0.75, -7.12, -14.12, -0.14, 0.49, 0.92
-0.87, -6.83, -13.95, -0.15, 0.48, 0.91
-0.76, -6.65, -13.22, -0.15, 0.47, 0.91
0.03, -5.87, -12.83, -0.15, 0.47, 0.9
1.96, -5.32, -12.28, -0.15, 0.48, 0.9
2.32, -5.27, -12.0, -0.15, 0.49, 0.91
1.32, -4.93, -11.84, -0.15, 0.48, 0.91
-0.25, -4.64, -12.41, -0.14, 0.48, 0.9
-1.74, -3.53, -11.93, -0.13, 0.47, 0.89
-1.28, -3.19, -12.45, -0.13, 0.47, 0.88
-0.48, -2.96, -12.69, -0.14, 0.47, 0.89
-1.44, -2.15, -12.29, -0.14, 0.48, 0.89
-1.27, -2.18, -12.01, -0.14, 0.48, 0.89
0.06, -1.38, -10.44, -0.14, 0.47, 0.88
3.47, -0.97, -9.01, -0.15, 0.48, 0.89
6.7, 0.25, -7.03, -0.15, 0.47, 0.88
9.47, 0.58, -6.54, -0.15, 0.49, 0.88
10.13, 0.85, -6.28, -0.15, 0.49, 0.9
7.27, 2.02, -6.53, -0.15, 0.49, 0.9
4.73, 2.49, -6.77, -0.15, 0.49, 0.91
4.9, 2.76, -6.52, -0.16, 0.49, 0.9
5.75, 2.75, -6.0, -0.17, 0.49, 0.9
5.19, 1.95, -5.38, -0.15, 0.51, 0.91
4.48, 1.67, -4.45, -0.16, 0.51, 0.91
3.51, 2.05, -4.64, -0.16, 0.5, 0.91
2.43, 2.09, -4.67, -0.17, 0.5, 0.91
4.06, 3.12, -1.98, -0.16, 0.49, 0.9
7.48, 4.09, 0.8, -0.15, 0.49, 0.89
14.64, 1.71, 0.71, -0.18, 0.55, 0.91
9.66, 0.87, 0.9, -0.17, 0.52, 0.92
7.67, 1.15, 0.8, -0.18, 0.51, 0.92
6.5, 1.13, 0.64, -0.17, 0.52, 0.91
5.38, 1.48, 0.48, -0.17, 0.52, 0.91
5.03, 1.02, 0.03, -0.17, 0.52, 0.9
3.98, 1.43, -0.16, -0.17, 0.51, 0.89
3.25, 1.56, -0.11, -0.16, 0.5, 0.88
2.78, 1.96, -0.09, -0.16, 0.49, 0.88
1.63, 1.83, -0.05, -0.16, 0.5, 0.88
0.54, 2.25, 0.22, -0.17, 0.5, 0.88
-0.2, 2.33, 0.22, -0.16, 0.51, 0.88
-0.06, 2.47, -0.12, -0.17, 0.51, 0.9
-0.76, 3.12, -0.75, -0.17, 0.5, 0.89
-3.56, 4.28, -0.87, -0.17, 0.5, 0.9
-2.39, 3.9, -1.15, -0.17, 0.51, 0.89
-2.35, 3.39, -1.58, -0.17, 0.51, 0.9
-3.76, 3.15, -1.16, -0.17, 0.51, 0.9
-3.4, 2.84, -1.29, -0.18, 0.5, 0.9
-2.53, 2.24, -1.08, -0.17, 0.49, 0.9
-2.58, 2.52, -1.12, -0.18, 0.49, 0.89
-1.64, 3.68, -1.13, -0.17, 0.5, 0.9
-2.35, 2.92, -0.38, -0.17, 0.49, 0.9
-1.12, 2.64, -0.02, -0.18, 0.49, 0.9
-0.86, 2.67, 0.2, -0.18, 0.49, 0.89
-0.99, 2.01, 0.19, -0.17, 0.51, 0.9
-2.82, 2.45, 0.25, -0.17, 0.5, 0.89
-2.14, 2.09, -0.4, -0.18, 0.5, 0.89
-0.56, 1.42, -0.6, -0.18, 0.49, 0.9
-0.77, 1.49, -0.32, -0.18, 0.49, 0.9
-0.9, 0.97, 0.04, -0.18, 0.51, 0.9
-3.51, 1.97, 0.07, -0.18, 0.51, 0.89
-3.32, 2.58, -0.26, -0.18, 0.5, 0.9
-2.19, 1.55, -0.48, -0.17, 0.51, 0.88
-3.16, 3.41, -1.16, -0.17, 0.52, 0.9
-8.48, 1.15, -1.5, -0.18, 0.49, 0.89
-5.58, 0.72, -1.18, -0.17, 0.49, 0.9
-6.42, 3.48, -0.78, -0.19, 0.47, 0.9
4.93, -8.82, 1.46, -0.16, 0.53, 0.94
-2.64, -4.71, 1.67, -0.21, 0.5, 0.92
-2.05, 2.15, 2.35, -0.21, 0.51, 0.92
-1.03, 1.42, 2.64, -0.23, 0.5, 0.85
-18.22, -3.91, 1.14, -0.03, 0.55, 0.8
-17.98, -4.17, 1.6, -0.17, 0.53, 0.86
-15.9, -1.04, -0.74, -0.2, 0.54, 0.88
-22.44, 0.31, -2.18, -0.17, 0.54, 0.9
-24.37, 0.93, -2.93, -0.18, 0.51, 0.9
-23.83, -0.14, -3.34, -0.18, 0.49, 0.91
-25.83, 0.47, -2.86, -0.18, 0.47, 0.91
-24.49, 3.52, 2.51, -0.14, 0.41, 0.88
-12.41, 2.72, 7.09, -0.15, 0.49, 0.88
-1.53, 2.87, 12.48, -0.16, 0.5, 0.88
3.32, 3.27, 15.96, -0.17, 0.51, 0.88
5.81, 4.29, 17.77, -0.17, 0.5, 0.88
9.11, 4.45, 18.26, -0.18, 0.5, 0.89
10.63, 3.48, 18.16, -0.18, 0.5, 0.91
5.46, 3.74, 17.29, -0.17, 0.53, 0.92
-0.63, 4.96, 18.1, -0.16, 0.52, 0.89
-0.55, 5.79, 20.06, -0.16, 0.52, 0.89
0.08, 7.13, 22.37, -0.16, 0.53, 0.87
4.16, 8.95, 23.93, -0.16, 0.52, 0.86
6.68, 9.46, 24.48, -0.16, 0.52, 0.86
6.01, 10.35, 25.06, -0.15, 0.52, 0.86
5.87, 10.8, 25.16, -0.16, 0.51, 0.86
4.16, 11.14, 25.54, -0.15, 0.52, 0.86
1.06, 11.94, 25.7, -0.16, 0.52, 0.86
1.93, 12.7, 25.58, -0.18, 0.49, 0.85
-1.06, 11.88, 24.72, -0.16, 0.52, 0.89
-7.09, 12.82, 24.28, -0.17, 0.5, 0.89
-10.54, 13.58, 23.81, -0.17, 0.5, 0.89
-12.41, 13.06, 23.64, -0.17, 0.51, 0.89
-11.72, 12.56, 23.47, -0.18, 0.52, 0.92
-10.35, 11.23, 26.66, -0.2, 0.51, 0.93
-11.73, 13.28, 28.65, -0.17, 0.52, 0.91
-4.66, 13.22, 29.36, -0.18, 0.5, 0.9
3.18, 15.38, 29.09, -0.17, 0.49, 0.89
4.53, 17.16, 28.94, -0.16, 0.49, 0.9
3.15, 18.85, 29.41, -0.17, 0.48, 0.9
4.7, 19.07, 30.19, -0.17, 0.48, 0.89
3.89, 18.38, 30.86, -0.16, 0.5, 0.9
2.15, 17.66, 30.69, -0.16, 0.51, 0.89
-0.22, 17.35, 29.87, -0.16, 0.5, 0.89
-3.52, 17.71, 28.03, -0.16, 0.49, 0.87
-4.7, 18.02, 26.48, -0.17, 0.47, 0.88
-3.25, 17.06, 25.81, -0.18, 0.45, 0.88
-0.87, 15.61, 25.66, -0.18, 0.46, 0.91
-2.42, 14.7, 25.27, -0.19, 0.47, 0.94
-5.77, 15.79, 24.36, -0.21, 0.45, 0.93
-4.91, 16.1, 22.98, -0.21, 0.44, 0.93
-7.99, 16.37, 18.71, -0.2, 0.47, 0.95
-9.78, 19.7, 16.0, -0.23, 0.48, 0.98
-15.67, 24.45, 11.83, -0.23, 0.46, 0.96
-18.03, 23.05, 9.58, -0.22, 0.48, 0.95
-22.06, 22.48, 9.41, -0.2, 0.48, 0.96
-22.44, 19.96, 11.43, -0.2, 0.47, 0.93
-17.32, 19.09, 14.7, -0.19, 0.44, 0.87
-7.33, 18.52, 17.55, -0.16, 0.44, 0.85
2.18, 18.91, 19.36, -0.17, 0.43, 0.84
7.08, 20.96, 19.87, -0.18, 0.42, 0.84
10.57, 20.58, 18.55, -0.18, 0.45, 0.88
7.03, 19.64, 16.95, -0.19, 0.47, 0.92
-1.0, 17.0, 16.49, -0.2, 0.48, 0.94
-8.8, 13.43, 16.51, -0.2, 0.5, 0.93
-12.39, 10.85, 16.48, -0.21, 0.48, 0.91
-8.06, 9.88, 16.09, -0.2, 0.48, 0.88
-5.94, 10.21, 15.18, -0.19, 0.49, 0.88
-3.31, 12.16, 14.57, -0.2, 0.47, 0.87
0.49, 13.01, 13.88, -0.2, 0.48, 0.88
1.48, 13.67, 12.95, -0.2, 0.5, 0.88
0.27, 14.58, 11.97, -0.21, 0.48, 0.89
-1.29, 13.18, 11.11, -0.21, 0.48, 0.91
-3.07, 11.65, 11.01, -0.21, 0.49, 0.91
-4.74, 10.58, 11.68, -0.22, 0.48, 0.9
-4.35, 10.04, 12.44, -0.21, 0.48, 0.88
-3.3, 10.29, 13.51, -0.21, 0.47, 0.88
0.03, 10.0, 13.91, -0.21, 0.48, 0.87
1.0, 11.19, 14.04, -0.21, 0.49, 0.88
0.64, 11.56, 13.29, -0.2, 0.49, 0.89
-1.25, 11.75, 12.64, -0.22, 0.49, 0.89
-3.77, 11.93, 11.48, -0.22, 0.49, 0.9
-5.64, 11.36, 11.09, -0.22, 0.49, 0.89
-5.78, 10.32, 10.77, -0.22, 0.48, 0.89
-6.83, 10.53, 10.84, -0.22, 0.48, 0.89
-5.22, 10.64, 9.55, -0.22, 0.49, 0.88
-4.74, 10.77, 9.58, -0.22, 0.48, 0.89
-5.03, 10.54, 9.75, -0.21, 0.49, 0.89
-3.9, 10.22, 10.12, -0.22, 0.47, 0.89
-0.97, 9.37, 9.99, -0.22, 0.48, 0.88
-0.34, 9.09, 8.99, -0.22, 0.47, 0.89
-2.37, 8.97, 7.31, -0.22, 0.48, 0.89
-5.47, 8.96, 6.42, -0.22, 0.48, 0.89
-8.72, 8.21, 5.81, -0.23, 0.48, 0.89
-10.42, 7.38, 5.69, -0.23, 0.48, 0.89
-10.96, 6.69, 7.26, -0.22, 0.47, 0.9
-10.28, 6.98, 7.64, -0.22, 0.48, 0.88
-6.04, 6.88, 8.94, -0.23, 0.49, 0.87
-2.9, 8.95, 8.79, -0.24, 0.49, 0.89
-1.74, 9.73, 9.1, -0.23, 0.5, 0.89
-1.35, 9.99, 9.16, -0.23, 0.5, 0.88
-2.48, 10.38, 7.15, -0.23, 0.5, 0.88
-3.74, 10.54, 6.42, -0.23, 0.49, 0.88
-3.35, 9.68, 5.15, -0.23, 0.49, 0.89
-3.9, 8.81, 3.74, -0.24, 0.47, 0.89
-3.71, 7.29, 3.41, -0.24, 0.47, 0.89
-2.95, 5.96, 3.64, -0.24, 0.46, 0.9
-2.15, 4.84, 4.95, -0.25, 0.46, 0.9
-0.86, 4.54, 5.53, -0.23, 0.46, 0.88
-0.06, 5.17, 6.25, -0.23, 0.46, 0.89
-0.96, 6.38, 6.51, -0.23, 0.47, 0.9
-1.85, 6.95, 5.9, -0.23, 0.47, 0.88
-3.63, 6.73, 5.22, -0.24, 0.48, 0.89
-8.38, 5.7, 3.55, -0.24, 0.48, 0.9
-9.51, 5.37, 2.77, -0.24, 0.46, 0.9
-10.71, 3.98, 2.09, -0.24, 0.47, 0.9
-9.29, 3.35, 1.16, -0.24, 0.47, 0.9
-8.73, 2.9, 0.66, -0.25, 0.46, 0.89
-6.95, 2.39, 0.58, -0.24, 0.46, 0.89
-5.27, 1.98, 0.5, -0.25, 0.46, 0.88
-3.03, 1.75, 0.34, -0.24, 0.46, 0.88
-0.98, 1.19, 0.17, -0.24, 0.46, 0.89
0.34, 0.37, -0.07, -0.25, 0.45, 0.89
4.13, -0.38, 0.22, -0.25, 0.43, 0.89
8.28, -0.72, 0.32, -0.24, 0.43, 0.9
10.6, -0.75, 0.74, -0.24, 0.44, 0.9
13.45, -1.05, 1.49, -0.24, 0.43, 0.9
17.46, -1.21, 2.21, -0.24, 0.43, 0.89
20.63, -0.19, 2.88, -0.24, 0.44, 0.88
24.24, -0.49, 4.06, -0.23, 0.47, 0.88
22.83, -0.56, 5.34, -0.24, 0.49, 0.88
22.94, -0.64, 6.44, -0.25, 0.5, 0.87
24.36, -0.77, 6.79, -0.23, 0.5, 0.85
24.81, -0.29, 7.19, -0.23, 0.54, 0.87
22.3, -0.86, 7.67, -0.24, 0.56, 0.87
21.32, -1.0, 7.52, -0.24, 0.56, 0.86
21.45, -1.12, 7.15, -0.23, 0.58, 0.87
19.97, -1.02, 6.58, -0.24, 0.57, 0.86
18.42, -1.3, 5.71, -0.23, 0.59, 0.86
16.26, -0.67, 4.09, -0.24, 0.59, 0.84
12.58, -0.88, 1.75, -0.23, 0.58, 0.86
8.08, -1.52, -0.22, -0.23, 0.59, 0.85
4.16, -2.22, -2.61, -0.23, 0.57, 0.85
1.09, -2.54, -3.76, -0.23, 0.55, 0.85
-1.46, -3.54, -4.87, -0.23, 0.55, 0.86
-2.55, -5.83, -5.25, -0.24, 0.55, 0.86
-5.88, -8.18, -7.03, -0.23, 0.55, 0.87
-10.41, -9.93, -8.41, -0.23, 0.53, 0.88
-13.43, -11.67, -10.37, -0.23, 0.52, 0.88
-16.43, -13.2, -12.01, -0.23, 0.51, 0.87
-16.11, -15.61, -13.34, -0.23, 0.49, 0.87
-15.52, -17.25, -13.46, -0.23, 0.5, 0.88
-14.4, -18.34, -13.48, -0.22, 0.5, 0.88
-10.74, -19.93, -13.25, -0.23, 0.5, 0.88
-8.32, -20.85, -13.61, -0.22, 0.5, 0.88
-6.87, -21.71, -14.42, -0.23, 0.49, 0.89
-7.62, -21.73, -15.63, -0.22, 0.49, 0.88
-8.46, -21.54, -17.17, -0.21, 0.48, 0.87
-5.84, -20.71, -18.66, -0.21, 0.46, 0.86
-5.54, -19.51, -19.75, -0.2, 0.49, 0.88
-7.93, -18.53, -20.32, -0.2, 0.48, 0.87
-3.93, -18.32, -20.46, -0.2, 0.45, 0.86
1.24, -18.65, -20.18, -0.2, 0.45, 0.86
4.98, -19.48, -19.59, -0.18, 0.48, 0.87
2.8, -19.99, -19.8, -0.19, 0.5, 0.89
0.9, -21.26, -19.62, -0.18, 0.51, 0.89
-2.87, -21.2, -19.8, -0.19, 0.49, 0.88
-3.19, -21.32, -20.23, -0.18, 0.48, 0.87
0.0, -21.19, -20.21, -0.19, 0.49, 0.87
-2.71, -20.72, -20.74, -0.19, 0.49, 0.88
-5.42, -20.26, -21.27, -0.19, 0.5, 0.88
-8.13, -19.79, -21.79, -0.18, 0.5, 0.89
-10.84, -19.32, -22.32, -0.18, 0.51, 0.89
-7.58, -17.97, -21.79, -0.18, 0.5, 0.87
-0.66, -16.79, -21.34, -0.17, 0.49, 0.87
-0.07, -14.93, -22.35, -0.16, 0.52, 0.9
2.52, -14.84, -22.02, -0.17, 0.48, 0.88
7.09, -15.0, -20.77, -0.18, 0.47, 0.89
7.26, -14.64, -20.07, -0.17, 0.47, 0.91
6.38, -14.17, -20.81, -0.16, 0.47, 0.9
4.51, -13.98, -21.76, -0.15, 0.5, 0.91
-0.13, -14.09, -22.9, -0.17, 0.47, 0.9
-0.7, -15.17, -23.33, -0.16, 0.46, 0.89
-1.55, -15.71, -22.87, -0.16, 0.47, 0.9
-1.46, -15.89, -22.58, -0.17, 0.48, 0.9
0.25, -16.7, -22.69, -0.17, 0.49, 0.91
-2.42, -16.96, -23.18, -0.17, 0.5, 0.92
-2.93, -17.93, -24.41, -0.17, 0.5, 0.92
-5.25, -18.29, -25.9, -0.17, 0.49, 0.92
-6.96, -16.79, -26.56, -0.16, 0.47, 0.9
-3.31, -15.2, -25.43, -0.16, 0.48, 0.91
0.87, -14.58, -24.48, -0.17, 0.5, 0.91
-0.25, -14.88, -24.58, -0.17, 0.5, 0.92
-1.66, -14.92, -24.83, -0.16, 0.49, 0.91
-2.39, -14.38, -25.16, -0.15, 0.48, 0.91
-3.83, -13.0, -25.86, -0.14, 0.48, 0.9
-5.24, -12.33, -25.97, -0.14, 0.47, 0.88
-3.08, -12.29, -25.69, -0.15, 0.48, 0.88
-1.4, -13.16, -22.9, -0.16, 0.5, 0.9
-2.44, -13.89, -20.09, -0.15, 0.52, 0.91
-2.8, -14.41, -19.14, -0.15, 0.51, 0.9
-2.0, -13.63, -19.16, -0.13, 0.51, 0.9
-2.07, -12.96, -19.34, -0.14, 0.51, 0.9
1.3, -11.22, -20.03, -0.15, 0.48, 0.89
4.46, -9.77, -19.45, -0.14, 0.48, 0.89
5.62, -8.26, -17.73, -0.14, 0.48, 0.89
5.28, -7.76, -17.28, -0.14, 0.49, 0.9
3.99, -6.4, -17.92, -0.13, 0.47, 0.89
2.28, -5.47, -18.29, -0.13, 0.46, 0.89
1.88, -5.26, -17.87, -0.14, 0.46, 0.89
3.35, -6.8, -17.16, -0.14, 0.46, 0.89
2.88, -7.06, -16.04, -0.14, 0.47, 0.9
0.66, -7.12, -15.11, -0.14, 0.49, 0.9
-1.13, -7.18, -14.88, -0.14, 0.5, 0.9
-1.99, -6.4, -15.0, -0.15, 0.5, 0.91
-1.58, -5.0, -14.49, -0.15, 0.49, 0.91
1.27, -4.48, -13.53, -0.16, 0.49, 0.91
3.7, -4.02, -12.23, -0.15, 0.5, 0.91
3.53, -2.89, -11.41, -0.15, 0.51, 0.91
3.21, -2.74, -10.83, -0.14, 0.51, 0.91
2.12, -2.34, -10.63, -0.14, 0.51, 0.9
2.17, -2.16, -10.02, -0.15, 0.49, 0.9
3.65, -1.93, -9.48, -0.15, 0.49, 0.9
2.86, -1.33, -8.9, -0.14, 0.49, 0.9
1.05, -1.05, -8.9, -0.13, 0.5, 0.89
-0.35, -0.41, -8.09, -0.14, 0.5, 0.89
-0.24, -1.06, -7.51, -0.14, 0.49, 0.89
2.64, -0.27, -6.46, -0.14, 0.48, 0.89
1.67, 0.83, -5.64, -0.14, 0.47, 0.88
3.22, 1.59, -5.37, -0.14, 0.47, 0.89
3.95, 2.29, -5.25, -0.14, 0.47, 0.88
4.25, 3.29, -4.96, -0.14, 0.48, 0.89
3.16, 3.87, -4.45, -0.15, 0.47, 0.88
3.22, 4.22, -4.48, -0.15, 0.48, 0.88
4.01, 5.12, -3.96, -0.15, 0.48, 0.88
3.67, 5.96, -3.51, -0.15, 0.49, 0.88
3.36, 6.51, -3.03, -0.16, 0.49, 0.89
4.06, 7.08, -2.51, -0.16, 0.48, 0.89
4.38, 7.41, -2.33, -0.16, 0.48, 0.88
5.48, 8.01, -2.03, -0.16, 0.48, 0.88
5.1, 9.21, -1.66, -0.15, 0.49, 0.89
8.35, 7.03, -3.12, -0.19, 0.53, 0.97
-0.35, 2.86, -1.51, -0.2, 0.52, 0.99
-2.32, 1.53, -0.58, -0.22, 0.51, 0.98
0.87, 1.01, -0.22, -0.2, 0.5, 0.97
2.03, 1.64, 0.0, -0.19, 0.49, 0.96
3.06, 2.55, 0.22, -0.18, 0.49, 0.94
3.27, 3.96, -0.24, -0.18, 0.48, 0.91
4.67, 3.96, -0.1, -0.17, 0.48, 0.9
1.97, 3.31, 0.31, -0.17, 0.47, 0.88
2.48, 2.32, 0.56, -0.17, 0.47, 0.87
1.57, 2.43, 0.82, -0.17, 0.46, 0.86
1.95, 2.71, 0.25, -0.17, 0.47, 0.85
1.74, 2.98, 0.23, -0.17, 0.49, 0.87
2.09, 3.35, -0.54, -0.17, 0.49, 0.87
1.61, 2.94, -0.83, -0.19, 0.51, 0.9
-0.88, 2.57, -1.11, -0.19, 0.51, 0.91
-2.08, 2.56, -0.96, -0.18, 0.51, 0.91
-3.64, 2.9, -1.17, -0.18, 0.51, 0.9
-5.09, 3.65, -1.87, -0.18, 0.5, 0.9
-5.92, 3.57, -1.72, -0.18, 0.49, 0.9
-7.23, 3.22, -1.97, -0.18, 0.49, 0.9
-6.95, 3.38, -2.13, -0.19, 0.48, 0.9
-7.76, 2.93, -1.58, -0.19, 0.48, 0.91
-7.38, 2.77, -1.08, -0.2, 0.47, 0.91
-5.47, 2.16, -0.96, -0.2, 0.47, 0.91
-5.67, 2.29, -0.5, -0.19, 0.47, 0.91
-5.64, 2.38, -0.42, -0.18, 0.47, 0.9
-5.93, 2.45, -0.34, -0.19, 0.47, 0.91
-6.75, 2.87, -0.86, -0.19, 0.47, 0.9
-4.44, 2.44, -1.33, -0.2, 0.46, 0.9
-5.21, 1.51, -0.53, -0.18, 0.46, 0.9
-0.75, 0.9, -0.54, -0.2, 0.46, 0.9
-1.67, 0.6, -0.17, -0.19, 0.46, 0.91
-1.7, 1.58, 0.32, -0.19, 0.46, 0.9
-0.6, 1.75, 0.55, -0.19, 0.46, 0.9
0.42, 2.57, 0.35, -0.19, 0.46, 0.9
0.82, 1.87, 1.21, -0.2, 0.48, 0.92
-2.0, 1.69, 2.03, -0.19, 0.51, 0.91
-8.08, 3.44, 2.35, -0.18, 0.53, 0.9
-4.39, 3.34, 0.12, -0.19, 0.44, 0.86
-0.45, 1.19, 0.76, -0.22, 0.52, 0.93
-2.0, 0.25, 0.0, -0.15, 0.4, 0.89
4.22, -1.17, -0.23, -0.2, 0.41, 0.88
5.58, -0.64, 1.41, -0.17, 0.46, 0.93
-0.7, 1.72, 1.48, -0.19, 0.46, 0.91
0.38, 1.39, 1.7, -0.19, 0.47, 0.91
-0.25, 2.51, 1.61, -0.19, 0.48, 0.9
-0.26, 1.49, 1.28, -0.19, 0.49, 0.91
2.49, 1.22, 0.54, -0.21, 0.48, 0.91
1.22, 1.51, 0.81, -0.19, 0.49, 0.92
1.61, 2.2, 1.05, -0.23, 0.47, 0.88
-2.64, -14.52, 5.29, -0.02, 0.66, 0.89
-8.86, -5.27, 1.51, -0.33, 0.49, 0.9
-5.96, -2.74, 0.09, -0.23, 0.51, 0.9
-6.57, 1.08, -0.71, -0.22, 0.52, 0.92
-10.18, 1.64, -1.0, -0.2, 0.5, 0.9
-10.22, 0.67, -1.01, -0.21, 0.49, 0.9
-11.68, -0.22, -0.83, -0.18, 0.48, 0.91
-14.61, 0.5, -1.09, -0.18, 0.48, 0.9
-14.5, 0.45, -1.89, -0.2, 0.47, 0.91
-15.21, -0.1, -1.9, -0.19, 0.46, 0.92
-15.45, -0.53, -1.77, -0.2, 0.46, 0.92
-16.83, -1.14, -2.08, -0.19, 0.45, 0.91
-15.22, -0.16, -1.8, -0.2, 0.44, 0.92
-13.4, 0.26, -1.09, -0.21, 0.43, 0.93
-15.32, -0.44, -0.53, -0.19, 0.43, 0.94
-17.03, 0.29, -0.47, -0.19, 0.43, 0.93
-17.09, 0.36, -0.71, -0.18, 0.43, 0.92
-16.87, 0.48, -0.34, -0.19, 0.44, 0.93
-16.79, -1.09, 3.88, -0.17, 0.39, 0.89
-7.07, 0.36, 6.84, -0.18, 0.44, 0.9
3.66, -0.03, 9.79, -0.19, 0.46, 0.9
6.16, 0.34, 10.38, -0.18, 0.48, 0.92
3.78, 0.89, 9.4, -0.18, 0.48, 0.92
0.18, 1.32, 9.38, -0.19, 0.47, 0.91
-2.07, 1.54, 9.74, -0.18, 0.47, 0.91
-2.97, 1.84, 10.8, -0.18, 0.47, 0.92
-0.84, 2.04, 13.02, -0.18, 0.46, 0.9
3.87, 2.83, 15.34, -0.18, 0.47, 0.91
6.79, 2.6, 16.93, -0.18, 0.48, 0.92
6.57, 3.77, 17.88, -0.18, 0.47, 0.91
4.63, 4.87, 18.87, -0.17, 0.48, 0.91
4.25, 5.77, 20.06, -0.17, 0.48, 0.9
4.41, 6.49, 20.83, -0.17, 0.48, 0.89
3.19, 7.32, 20.02, -0.17, 0.49, 0.89
-0.06, 8.41, 18.76, -0.17, 0.49, 0.9
-3.93, 8.42, 19.09, -0.17, 0.46, 0.89
-3.65, 8.52, 19.82, -0.17, 0.46, 0.91
-4.07, 8.17, 20.13, -0.17, 0.46, 0.9
-4.61, 8.66, 20.14, -0.17, 0.46, 0.91
-5.14, 8.72, 20.71, -0.17, 0.45, 0.91
-7.97, 9.74, 20.66, -0.17, 0.46, 0.92
-7.8, 9.68, 20.72, -0.19, 0.46, 0.91
-5.54, 9.85, 22.93, -0.18, 0.44, 0.91
-2.77, 11.61, 24.43, -0.18, 0.46, 0.91
-2.54, 12.11, 25.12, -0.18, 0.47, 0.91
-0.52, 12.83, 25.1, -0.18, 0.46, 0.9
2.18, 12.62, 25.13, -0.19, 0.45, 0.92
3.09, 13.08, 25.32, -0.18, 0.45, 0.93
3.35, 12.33, 24.67, -0.19, 0.45, 0.93
2.83, 12.08, 24.83, -0.18, 0.45, 0.92
1.9, 12.38, 24.72, -0.18, 0.45, 0.92
2.4, 12.42, 25.06, -0.19, 0.44, 0.92
5.29, 12.57, 25.38, -0.18, 0.43, 0.91
8.28, 12.75, 25.8, -0.18, 0.44, 0.91
7.15, 13.26, 25.44, -0.18, 0.45, 0.91
5.94, 13.93, 24.83, -0.18, 0.46, 0.91
2.74, 14.47, 23.44, -0.18, 0.45, 0.91
1.49, 13.86, 22.34, -0.19, 0.46, 0.92
-1.18, 12.63, 21.79, -0.19, 0.47, 0.92
-4.42, 12.04, 20.9, -0.18, 0.48, 0.91
-6.18, 12.06, 20.87, -0.18, 0.48, 0.9
-4.56, 12.38, 20.58, -0.18, 0.47, 0.89
-2.87, 12.56, 20.58, -0.17, 0.47, 0.89
-1.59, 12.67, 20.46, -0.18, 0.48, 0.91
-2.84, 13.32, 19.58, -0.17, 0.48, 0.9
-4.58, 13.47, 19.54, -0.18, 0.47, 0.89
-4.61, 13.61, 19.37, -0.18, 0.48, 0.9
-4.99, 13.06, 19.47, -0.18, 0.48, 0.9
-6.54, 13.15, 19.16, -0.19, 0.48, 0.9
-6.85, 13.04, 19.9, -0.18, 0.49, 0.91
-4.4, 13.65, 19.51, -0.18, 0.47, 0.9
-1.32, 14.58, 19.95, -0.18, 0.47, 0.9
-0.99, 14.46, 19.39, -0.19, 0.47, 0.9
-0.66, 14.33, 18.83, -0.19, 0.47, 0.91
-0.33, 14.21, 18.27, -0.2, 0.46, 0.91
0.0, 14.09, 17.71, -0.2, 0.46, 0.91
-0.57, 14.1, 17.21, -0.19, 0.45, 0.91
-0.96, 13.22, 16.52, -0.19, 0.47, 0.92
-1.18, 12.82, 16.12, -0.19, 0.47, 0.91
-1.4, 12.42, 15.72, -0.19, 0.47, 0.91
-1.62, 12.01, 15.31, -0.19, 0.47, 0.9
-1.84, 11.61, 14.91, -0.19, 0.47, 0.9
-2.04, 12.19, 14.78, -0.19, 0.47, 0.9
-1.74, 12.23, 14.27, -0.19, 0.47, 0.9
-1.88, 11.69, 13.94, -0.19, 0.48, 0.9
-1.19, 10.82, 13.57, -0.19, 0.47, 0.9
-2.39, 10.48, 12.96, -0.19, 0.47, 0.91
-3.35, 10.2, 11.74, -0.19, 0.47, 0.89
-3.28, 9.88, 10.77, -0.19, 0.47, 0.9
-4.32, 9.58, 10.35, -0.19, 0.46, 0.9
-3.48, 8.06, 9.53, -0.2, 0.47, 0.92
-3.96, 6.65, 8.83, -0.2, 0.46, 0.91
-4.96, 6.38, 7.95, -0.2, 0.47, 0.91
-6.26, 6.06, 7.05, -0.2, 0.47, 0.91
-7.56, 5.73, 6.15, -0.2, 0.46, 0.91
-8.86, 5.41, 5.25, -0.2, 0.46, 0.91
-10.16, 5.09, 4.34, -0.2, 0.46, 0.92
-11.46, 4.77, 3.44, -0.2, 0.46, 0.92
-12.76, 4.44, 2.54, -0.2, 0.45, 0.92
-14.06, 4.12, 1.64, -0.2, 0.45, 0.92
-13.34, 3.48, 2.7, -0.2, 0.45, 0.93
-9.85, 3.77, 4.15, -0.21, 0.45, 0.91
-7.04, 3.95, 3.83, -0.21, 0.45, 0.91
-4.22, 4.14, 3.5, -0.21, 0.45, 0.91
-1.41, 4.32, 3.18, -0.21, 0.46, 0.91
1.4, 4.51, 2.85, -0.21, 0.46, 0.91
-1.07, 4.38, 2.2, -0.2, 0.46, 0.92
-3.2, 4.26, 1.68, -0.2, 0.46, 0.91
-4.33, 2.83, 1.43, -0.2, 0.45, 0.91
-5.79, 2.34, 1.84, -0.2, 0.46, 0.91
-6.22, 2.38, 2.26, -0.2, 0.46, 0.91
-5.22, 2.36, 2.33, -0.2, 0.47, 0.9
-3.9, 2.28, 2.45, -0.2, 0.47, 0.89
-2.43, 3.17, 1.99, -0.2, 0.47, 0.89
-1.43, 3.46, 1.51, -0.2, 0.46, 0.89
-2.33, 2.79, 1.45, -0.19, 0.48, 0.91
-5.63, 3.56, 1.23, -0.2, 0.47, 0.91
-6.09, 2.95, 1.42, -0.2, 0.47, 0.91
-4.83, 2.6, 1.87, -0.2, 0.47, 0.92
-5.53, 2.47, 2.32, -0.2, 0.47, 0.9
-2.27, 2.62, 2.61, -0.2, 0.47, 0.89
-1.96, 2.81, 3.14, -0.2, 0.48, 0.89
-0.64, 3.61, 3.52, -0.2, 0.48, 0.89
-1.0, 4.15, 3.17, -0.2, 0.48, 0.9
-0.58, 4.53, 3.39, -0.2, 0.48, 0.9
-0.76, 4.25, 3.52, -0.21, 0.48, 0.9
-1.5, 4.15, 2.88, -0.2, 0.47, 0.89
-1.95, 4.06, 2.2, -0.21, 0.47, 0.89
-3.66, 4.34, 1.12, -0.2, 0.46, 0.9
-3.83, 4.16, 0.21, -0.21, 0.44, 0.9
-3.75, 2.9, 0.22, -0.2, 0.45, 0.91
-5.56, 2.21, -0.19, -0.21, 0.45, 0.91
-5.31, 1.76, -0.7, -0.21, 0.44, 0.92
-6.43, 2.04, -0.52, -0.2, 0.44, 0.92
-6.84, 2.19, -0.07, -0.21, 0.44, 0.91
-4.81, 2.32, 0.2, -0.21, 0.43, 0.9
-2.77, 2.41, -0.13, -0.2, 0.43, 0.9
-2.6, 2.68, 0.09, -0.2, 0.43, 0.89
0.54, 2.13, 0.22, -0.21, 0.44, 0.9
0.89, 1.59, 0.7, -0.21, 0.46, 0.91
0.58, 1.02, 0.64, -0.21, 0.46, 0.92
0.43, 1.12, 0.96, -0.21, 0.46, 0.92
0.93, 1.6, 0.61, -0.21, 0.46, 0.9
2.33, 1.45, 0.51, -0.21, 0.46, 0.91
0.95, 1.39, 0.45, -0.21, 0.47, 0.91
0.75, 0.96, 0.27, -0.21, 0.46, 0.9
0.5, 1.22, 0.36, -0.21, 0.46, 0.9
0.22, 1.48, 0.11, -0.21, 0.46, 0.9
0.51, 1.31, 0.32, -0.22, 0.47, 0.91
-0.42, 0.96, 0.69, -0.22, 0.47, 0.91
-0.57, 1.05, 0.87, -0.22, 0.46, 0.91
-0.4, 1.02, 1.05, -0.21, 0.47, 0.92
-2.16, 0.9, 1.19, -0.21, 0.47, 0.92
-2.01, 0.78, 0.8, -0.21, 0.46, 0.9
-0.8, 0.83, 0.61, -0.21, 0.46, 0.9
-1.0, 0.86, 0.61, -0.21, 0.46, 0.9
-1.98, 1.01, 0.67, -0.21, 0.46, 0.9
-1.13, 0.19, 0.38, -0.21, 0.46, 0.9
-1.36, 0.03, 0.15, -0.21, 0.45, 0.91
0.12, 0.21, 0.09, -0.21, 0.45, 0.9
0.54, 0.46, 0.23, -0.2, 0.44, 0.91
1.93, 0.37, 0.54, -0.21, 0.44, 0.9
3.34, 0.19, 0.5, -0.22, 0.44, 0.91
4.36, -0.29, 0.96, -0.21, 0.44, 0.91
5.63, 0.09, 1.34, -0.21, 0.44, 0.91
7.43, 0.02, 1.67, -0.21, 0.45, 0.91
9.61, -0.52, 1.82, -0.21, 0.45, 0.91
10.51, -0.29, 2.06, -0.21, 0.45, 0.91
11.38, 0.11, 2.5, -0.21, 0.45, 0.89
13.26, 0.16, 2.87, -0.2, 0.46, 0.89
15.22, -0.22, 3.04, -0.21, 0.47, 0.89
14.77, -0.52, 3.38, -0.21, 0.48, 0.9
13.7, -1.09, 4.19, -0.21, 0.49, 0.91
14.5, -0.95, 4.83, -0.21, 0.48, 0.9
16.56, -1.44, 5.28, -0.22, 0.47, 0.89
16.74, -1.51, 5.58, -0.22, 0.49, 0.9
18.0, -1.12, 5.36, -0.22, 0.49, 0.9
18.41, -1.42, 4.88, -0.22, 0.49, 0.9
16.35, -2.58, 2.87, -0.22, 0.51, 0.92
12.0, -3.97, 0.15, -0.22, 0.5, 0.92
9.41, -5.84, -2.22, -0.22, 0.51, 0.93
2.89, -7.81, -5.35, -0.22, 0.5, 0.94
-3.67, -10.64, -8.78, -0.23, 0.5, 0.94
-7.32, -13.2, -11.8, -0.22, 0.47, 0.94
-11.36, -17.01, -13.8, -0.23, 0.51, 0.95
-12.49, -18.72, -14.25, -0.23, 0.48, 0.94
-11.17, -22.1, -15.79, -0.22, 0.47, 0.93
-10.9, -22.03, -16.78, -0.21, 0.46, 0.93
-9.31, -21.48, -17.96, -0.2, 0.43, 0.9
-6.78, -20.29, -19.39, -0.19, 0.43, 0.89
-4.45, -19.1, -20.25, -0.19, 0.43, 0.88
0.28, -18.22, -22.02, -0.19, 0.43, 0.87
0.73, -16.61, -23.45, -0.18, 0.42, 0.87
0.54, -14.24, -24.88, -0.17, 0.41, 0.86
1.49, -10.92, -25.45, -0.16, 0.42, 0.85
2.58, -9.4, -25.22, -0.17, 0.44, 0.86
6.48, -9.64, -23.35, -0.17, 0.46, 0.86
8.76, -9.92, -20.45, -0.17, 0.47, 0.86
11.55, -10.28, -17.82, -0.17, 0.5, 0.87
13.82, -11.12, -18.06, -0.18, 0.51, 0.87
15.36, -11.06, -19.62, -0.17, 0.52, 0.87
10.95, -10.06, -19.98, -0.18, 0.55, 0.89
10.19, -10.33, -20.38, -0.18, 0.57, 0.89
10.65, -11.28, -18.58, -0.2, 0.56, 0.89
12.36, -12.73, -17.64, -0.19, 0.58, 0.9
13.45, -14.39, -17.14, -0.19, 0.58, 0.9
13.83, -16.2, -18.47, -0.18, 0.58, 0.9
11.98, -17.63, -20.39, -0.18, 0.57, 0.91
7.09, -17.9, -22.16, -0.19, 0.54, 0.9
2.56, -17.97, -22.51, -0.19, 0.53, 0.9
-1.66, -17.64, -22.78, -0.17, 0.52, 0.9
-4.45, -17.03, -22.63, -0.17, 0.52, 0.9
-6.86, -16.81, -21.86, -0.18, 0.53, 0.9
-6.67, -16.79, -20.46, -0.19, 0.53, 0.91
-6.22, -16.31, -18.47, -0.18, 0.52, 0.91
-4.06, -14.53, -17.62, -0.17, 0.49, 0.89
-2.61, -12.06, -19.47, -0.17, 0.51, 0.88
-2.12, -11.54, -20.85, -0.17, 0.5, 0.89
-3.66, -10.59, -21.87, -0.16, 0.5, 0.89
-7.0, -10.06, -22.74, -0.16, 0.51, 0.89
-9.25, -10.38, -23.2, -0.16, 0.5, 0.89
-9.63, -10.19, -23.96, -0.16, 0.48, 0.87
-9.57, -9.61, -25.05, -0.15, 0.48, 0.87
-7.62, -10.07, -25.01, -0.15, 0.49, 0.86
-6.94, -10.33, -23.67, -0.14, 0.5, 0.87
-7.22, -10.51, -21.9, -0.14, 0.5, 0.87
-5.58, -11.03, -20.57, -0.14, 0.5, 0.86
-2.98, -10.93, -19.48, -0.14, 0.5, 0.86
1.22, -10.77, -16.92, -0.15, 0.5, 0.87
3.03, -10.25, -15.47, -0.15, 0.5, 0.89
0.67, -9.12, -14.87, -0.15, 0.52, 0.9
0.51, -7.51, -12.97, -0.16, 0.52, 0.9
-0.8, -6.83, -12.3, -0.16, 0.52, 0.9
0.56, -5.86, -12.06, -0.15, 0.51, 0.88
1.96, -4.93, -11.35, -0.16, 0.52, 0.89
1.19, -4.04, -11.74, -0.15, 0.52, 0.88
0.91, -2.78, -11.71, -0.15, 0.5, 0.88
0.18, -1.53, -11.3, -0.15, 0.49, 0.88
0.87, -0.27, -11.05, -0.14, 0.48, 0.88
0.9, 0.7, -11.7, -0.16, 0.46, 0.87
2.31, 0.83, -10.69, -0.16, 0.47, 0.87
1.75, 1.6, -8.64, -0.15, 0.45, 0.88
1.74, 3.45, -6.57, -0.15, 0.48, 0.89
1.96, 3.23, -5.15, -0.15, 0.49, 0.91
3.25, 2.56, -4.86, -0.16, 0.5, 0.91
3.0, 1.89, -5.22, -0.17, 0.51, 0.9
0.6, 1.18, -7.01, -0.17, 0.49, 0.91
-2.39, 1.64, -8.48, -0.18, 0.5, 0.92
-3.66, 1.92, -9.44, -0.19, 0.49, 0.93
-4.0, 2.11, -9.12, -0.19, 0.49, 0.94
-3.73, 1.9, -8.95, -0.2, 0.5, 0.95
-4.63, 0.99, -9.16, -0.2, 0.49, 0.95
-4.96, 0.57, -9.22, -0.2, 0.48, 0.94
-5.21, 0.22, -8.95, -0.19, 0.47, 0.92
-4.05, 0.58, -8.04, -0.19, 0.46, 0.93
-2.84, -0.07, -7.29, -0.19, 0.47, 0.93
-4.12, 0.22, -6.74, -0.19, 0.45, 0.91
-2.89, 0.72, -6.0, -0.19, 0.44, 0.91
-0.16, 0.09, -5.38, -0.18, 0.46, 0.9
-1.12, 0.41, -5.0, -0.17, 0.46, 0.89
-1.26, -0.64, -4.5, -0.17, 0.46, 0.89
-1.8, -0.77, -4.18, -0.15, 0.46, 0.88
-2.84, -1.1, -3.71, -0.15, 0.47, 0.86
-2.37, -0.45, -4.09, -0.14, 0.47, 0.85
-0.38, 0.08, -2.95, -0.13, 0.48, 0.82
1.18, -0.13, -2.37, -0.12, 0.5, 0.81
2.14, -0.77, -1.61, -0.12, 0.5, 0.8
3.83, -2.25, -0.93, -0.11, 0.51, 0.81
1.35, -3.84, -0.3, -0.11, 0.5, 0.81
-2.26, -4.55, 1.48, -0.11, 0.48, 0.79
-2.14, -3.91, 4.37, -0.12, 0.46, 0.77
2.29, -2.87, 7.23, -0.14, 0.45, 0.77
9.63, 0.09, 10.94, -0.15, 0.47, 0.8
13.8, 4.29, 12.77, -0.16, 0.48, 0.83
18.61, 11.43, 12.82, -0.18, 0.51, 0.88
12.45, 5.67, -12.54, -0.39, 0.71, 1.21
-57.21, -0.66, -9.07, -0.26, 0.42, 1.28
-55.29, 0.77, -4.45, -0.34, 0.5, 1.19
-28.51, -3.79, -3.54, -0.31, 0.43, 1.1
-9.64, 1.44, -4.32, -0.22, 0.41, 1.04
-0.54, 5.0, -2.95, -0.19, 0.34, 0.98
3.16, 6.64, -0.63, -0.17, 0.38, 0.94
2.56, 7.55, 1.0, -0.17, 0.39, 0.91
0.38, 5.64, 2.4, -0.16, 0.4, 0.87
2.31, 3.25, 3.31, -0.17, 0.4, 0.84
3.93, 0.57, 3.81, -0.18, 0.42, 0.84
3.14, -1.1, 3.53, -0.18, 0.43, 0.85
1.77, -1.16, 2.8, -0.17, 0.45, 0.87
1.8, -0.86, 1.72, -0.18, 0.46, 0.89
2.71, -0.26, 1.15, -0.2, 0.47, 0.91
4.6, -0.1, 0.05, -0.21, 0.48, 0.95
4.43, 0.67, -0.29, -0.21, 0.48, 0.96
3.8, 0.64, -0.38, -0.2, 0.47, 0.96
3.34, 1.19, -0.29, -0.19, 0.46, 0.94
2.28, 2.13, -0.23, -0.18, 0.45, 0.91
1.38, 1.91, 0.18, -0.18, 0.44, 0.9
0.76, 2.23, 0.9, -0.18, 0.45, 0.9
0.23, 1.96, 1.32, -0.19, 0.45, 0.91
-0.12, 1.64, 1.57, -0.19, 0.47, 0.92
-0.09, 1.21, 1.45, -0.2, 0.47, 0.91
0.44, 1.3, 1.21, -0.2, 0.47, 0.92
0.87, 0.72, 0.98, -0.2, 0.48, 0.92
0.1, 0.32, 0.78, -0.2, 0.48, 0.92
-0.83, -0.1, 1.11, -0.2, 0.48, 0.91
-2.92, -0.03, 0.97, -0.2, 0.48, 0.91
-4.97, 0.22, 0.65, -0.19, 0.47, 0.9
-5.48, 0.04, 0.33, -0.18, 0.48, 0.9
-7.76, 0.25, -0.34, -0.18, 0.49, 0.91
-11.42, 0.7, -0.52, -0.18, 0.48, 0.91
-11.79, -0.09, 0.27, -0.18, 0.45, 0.9
-10.98, -0.53, 0.25, -0.19, 0.47, 0.92
-10.22, -0.98, 1.95, -0.18, 0.46, 0.91
-7.62, -0.57, 4.15, -0.17, 0.47, 0.91
-5.54, 0.48, 6.25, -0.18, 0.47, 0.9
-0.93, 0.22, 8.48, -0.18, 0.49, 0.9
-0.44, 1.0, 9.34, -0.18, 0.5, 0.91
-1.26, 1.27, 9.6, -0.18, 0.51, 0.91
-1.95, 2.34, 10.05, -0.18, 0.51, 0.93
-1.75, 3.09, 10.97, -0.18, 0.51, 0.93
-1.56, 3.84, 11.88, -0.18, 0.5, 0.92
-1.36, 4.59, 12.8, -0.18, 0.5, 0.92
-1.17, 5.34, 13.72, -0.18, 0.5, 0.92
-0.97, 6.08, 14.63, -0.18, 0.49, 0.92
-0.78, 6.83, 15.55, -0.18, 0.49, 0.91
-0.58, 7.58, 16.46, -0.18, 0.49, 0.91
-0.39, 8.33, 17.38, -0.17, 0.49, 0.91
-0.19, 9.08, 18.3, -0.17, 0.48, 0.91
0.0, 9.83, 19.21, -0.17, 0.48, 0.9
0.2, 10.58, 20.13, -0.17, 0.48, 0.9
0.39, 11.33, 21.05, -0.17, 0.47, 0.9
0.59, 12.07, 21.96, -0.17, 0.47, 0.9
0.78, 12.82, 22.88, -0.17, 0.47, 0.89
0.98, 13.57, 23.79, -0.17, 0.46, 0.89
1.17, 14.32, 24.71, -0.17, 0.46, 0.89
1.06, 14.13, 24.51, -0.18, 0.47, 0.93
-1.98, 13.29, 24.25, -0.18, 0.47, 0.93
-5.18, 12.29, 24.11, -0.2, 0.46, 0.94
-8.4, 11.49, 23.96, -0.2, 0.45, 0.94
-8.29, 12.2, 24.7, -0.2, 0.45, 0.93
-6.0, 12.32, 25.72, -0.2, 0.47, 0.94
-6.41, 13.76, 26.87, -0.2, 0.49, 0.93
-5.16, 15.71, 27.57, -0.2, 0.48, 0.92
-2.06, 17.01, 27.8, -0.19, 0.49, 0.92
0.6, 19.0, 27.77, -0.2, 0.48, 0.9
9.52, 23.06, 28.55, -0.2, 0.46, 0.89
10.96, 26.98, 28.9, -0.19, 0.48, 0.89
13.46, 29.45, 28.83, -0.2, 0.47, 0.87
17.12, 30.41, 28.15, -0.2, 0.49, 0.89
14.19, 28.38, 26.18, -0.21, 0.49, 0.92
5.7, 26.12, 25.22, -0.21, 0.47, 0.93
-1.47, 22.74, 23.46, -0.2, 0.47, 0.92
-10.22, 21.48, 22.6, -0.19, 0.45, 0.91
-13.93, 21.06, 22.67, -0.18, 0.43, 0.87
-11.38, 19.21, 21.96, -0.19, 0.44, 0.88
-9.38, 17.88, 22.35, -0.2, 0.43, 0.89
-5.85, 15.92, 21.19, -0.2, 0.45, 0.91
-7.07, 15.25, 20.25, -0.21, 0.45, 0.91
-8.15, 13.96, 18.25, -0.21, 0.43, 0.91
-10.48, 13.07, 16.44, -0.22, 0.43, 0.92
-8.25, 12.58, 16.0, -0.22, 0.44, 0.93
-10.26, 12.3, 15.8, -0.22, 0.43, 0.92
-8.76, 12.36, 15.76, -0.23, 0.43, 0.93
-5.02, 11.8, 16.16, -0.23, 0.43, 0.92
-2.91, 11.94, 16.8, -0.23, 0.43, 0.9
0.51, 12.48, 16.84, -0.23, 0.43, 0.91
2.97, 12.7, 17.01, -0.23, 0.45, 0.92
2.86, 13.2, 16.51, -0.23, 0.45, 0.91
3.14, 13.26, 16.48, -0.22, 0.45, 0.91
0.6, 14.63, 16.41, -0.22, 0.45, 0.89
-0.05, 16.1, 16.95, -0.21, 0.46, 0.89
2.66, 16.67, 17.58, -0.22, 0.46, 0.9
5.5, 14.75, 17.87, -0.22, 0.49, 0.9
3.99, 14.17, 17.34, -0.22, 0.48, 0.89
2.54, 14.54, 17.24, -0.22, 0.49, 0.88
2.61, 14.83, 17.09, -0.21, 0.5, 0.88
2.77, 14.65, 16.9, -0.22, 0.51, 0.88
1.28, 14.64, 16.93, -0.22, 0.51, 0.87
1.11, 15.58, 16.11, -0.22, 0.5, 0.86
1.0, 15.61, 15.37, -0.22, 0.51, 0.86
0.64, 15.74, 13.64, -0.22, 0.51, 0.86
0.1, 14.85, 11.96, -0.23, 0.5, 0.87
0.44, 13.28, 9.88, -0.23, 0.5, 0.88
-2.44, 11.06, 9.03, -0.24, 0.5, 0.89
-3.41, 8.66, 7.56, -0.23, 0.48, 0.88
-3.14, 6.64, 6.38, -0.23, 0.47, 0.89
-2.2, 5.74, 6.16, -0.23, 0.47, 0.89
-1.58, 5.27, 5.38, -0.23, 0.46, 0.88
-1.97, 4.93, 4.48, -0.23, 0.46, 0.88
-2.68, 4.19, 3.7, -0.23, 0.46, 0.89
-2.19, 3.69, 2.0, -0.25, 0.45, 0.9
-1.98, 2.24, 1.22, -0.25, 0.45, 0.91
-4.46, 2.12, 0.49, -0.25, 0.45, 0.91
-4.69, 1.67, 0.11, -0.26, 0.44, 0.9
-3.22, 1.92, 0.59, -0.24, 0.45, 0.89
0.66, 2.15, 1.2, -0.24, 0.46, 0.87
5.41, 1.67, 1.8, -0.24, 0.48, 0.88
6.51, 1.08, 2.93, -0.24, 0.49, 0.88
8.36, 0.25, 3.2, -0.24, 0.49, 0.86
8.62, 0.19, 3.51, -0.23, 0.5, 0.86
10.13, 0.52, 3.01, -0.22, 0.5, 0.86
11.69, 0.6, 2.22, -0.22, 0.5, 0.85
12.48, 0.48, 2.4, -0.23, 0.52, 0.86
14.47, 0.0, 2.74, -0.24, 0.51, 0.86
14.95, -0.29, 2.91, -0.24, 0.53, 0.87
15.44, -0.54, 2.93, -0.24, 0.54, 0.87
13.49, -0.31, 3.53, -0.24, 0.55, 0.87
13.06, -0.51, 4.09, -0.24, 0.55, 0.86
14.48, -0.52, 4.29, -0.24, 0.53, 0.85
17.21, -0.26, 4.33, -0.23, 0.54, 0.85
17.48, -0.06, 4.05, -0.23, 0.54, 0.86
15.44, -0.33, 2.31, -0.24, 0.58, 0.88
11.84, -2.58, 1.29, -0.25, 0.55, 0.87
9.72, -4.09, -1.54, -0.25, 0.55, 0.87
5.23, -5.41, -4.28, -0.25, 0.54, 0.89
-2.12, -7.48, -6.95, -0.24, 0.55, 0.9
-8.16, -11.0, -9.29, -0.25, 0.54, 0.91
-13.37, -14.24, -11.64, -0.24, 0.54, 0.92
-20.07, -16.85, -13.48, -0.24, 0.53, 0.91
-23.12, -18.83, -14.11, -0.24, 0.52, 0.9
-18.78, -20.8, -15.05, -0.23, 0.5, 0.87
-12.94, -20.86, -15.38, -0.22, 0.48, 0.86
-7.54, -21.01, -16.77, -0.22, 0.48, 0.86
-5.14, -19.63, -18.47, -0.21, 0.47, 0.87
-1.16, -19.58, -20.8, -0.21, 0.45, 0.86
-2.09, -18.73, -22.96, -0.19, 0.45, 0.86
-3.83, -18.19, -23.96, -0.19, 0.45, 0.86
-6.03, -17.74, -24.8, -0.2, 0.44, 0.85
-5.17, -18.88, -25.61, -0.19, 0.45, 0.85
-2.12, -18.43, -25.18, -0.19, 0.43, 0.83
4.79, -20.38, -25.16, -0.2, 0.44, 0.84
1.46, -20.58, -25.78, -0.18, 0.48, 0.87
-2.74, -20.24, -27.79, -0.19, 0.44, 0.85
-3.43, -19.58, -29.97, -0.19, 0.46, 0.86
-5.05, -20.52, -28.04, -0.21, 0.49, 0.89
-6.93, -24.56, -25.52, -0.22, 0.54, 0.9
-9.84, -24.1, -23.62, -0.22, 0.54, 0.92
-12.91, -22.14, -23.68, -0.2, 0.57, 0.94
-16.93, -19.89, -23.86, -0.2, 0.59, 0.94
-13.26, -18.07, -23.93, -0.22, 0.55, 0.92
-5.95, -15.48, -22.93, -0.21, 0.55, 0.92
0.22, -12.77, -21.65, -0.2, 0.54, 0.93
7.29, -10.87, -21.28, -0.21, 0.51, 0.91
12.3, -9.8, -22.58, -0.2, 0.51, 0.91
11.93, -10.31, -22.76, -0.2, 0.52, 0.92
10.58, -12.7, -23.31, -0.2, 0.48, 0.92
8.63, -15.44, -23.16, -0.19, 0.47, 0.92
3.25, -16.77, -23.15, -0.18, 0.45, 0.91
-1.54, -18.93, -24.14, -0.17, 0.48, 0.91
-7.35, -20.54, -24.54, -0.19, 0.46, 0.9
-10.82, -22.35, -23.13, -0.17, 0.46, 0.91
-12.35, -22.04, -21.41, -0.18, 0.45, 0.89
-7.75, -22.13, -21.16, -0.17, 0.46, 0.89
-5.88, -20.85, -22.2, -0.16, 0.46, 0.88
-4.97, -18.35, -24.06, -0.15, 0.46, 0.88
-3.39, -14.5, -25.82, -0.14, 0.44, 0.85
1.31, -12.31, -25.71, -0.15, 0.44, 0.85
7.09, -11.98, -24.86, -0.16, 0.46, 0.88
7.42, -11.96, -23.58, -0.16, 0.47, 0.89
3.12, -12.38, -21.87, -0.16, 0.49, 0.92
1.17, -13.23, -21.21, -0.16, 0.48, 0.9
0.3, -13.2, -21.24, -0.16, 0.48, 0.89
1.29, -13.93, -21.19, -0.16, 0.48, 0.88
0.0, -14.19, -21.44, -0.16, 0.5, 0.9
-2.42, -13.87, -20.64, -0.16, 0.52, 0.91
-2.99, -13.28, -19.22, -0.17, 0.52, 0.92
-1.91, -12.0, -17.74, -0.17, 0.51, 0.92
0.48, -10.72, -17.92, -0.15, 0.52, 0.91
2.08, -8.05, -18.45, -0.15, 0.5, 0.9
2.93, -5.95, -18.04, -0.15, 0.51, 0.9
0.64, -5.27, -18.13, -0.15, 0.5, 0.88
-0.55, -3.63, -17.96, -0.15, 0.47, 0.88
0.27, -2.7, -16.8, -0.15, 0.46, 0.87
2.37, -2.45, -15.69, -0.14, 0.47, 0.87
3.17, -2.93, -14.14, -0.14, 0.46, 0.89
4.17, -3.67, -12.95, -0.13, 0.47, 0.89
2.7, -3.8, -11.45, -0.14, 0.47, 0.89
1.87, -3.03, -11.19, -0.15, 0.48, 0.89
1.38, -2.25, -10.89, -0.16, 0.48, 0.89
2.08, -1.34, -9.77, -0.17, 0.49, 0.89
2.87, -0.83, -9.29, -0.17, 0.49, 0.89
3.33, 0.05, -8.05, -0.16, 0.5, 0.9
3.24, 2.33, -6.9, -0.17, 0.51, 0.89
4.83, 3.03, -6.17, -0.19, 0.51, 0.88
6.61, 3.73, -5.99, -0.19, 0.52, 0.89
6.64, 5.2, -5.69, -0.17, 0.5, 0.91
6.19, 6.18, -5.26, -0.17, 0.5, 0.91
5.87, 6.95, -4.19, -0.17, 0.51, 0.93
5.61, 7.06, -3.35, -0.17, 0.51, 0.93
3.45, 6.03, -3.45, -0.17, 0.51, 0.93
1.09, 4.75, -3.9, -0.18, 0.49, 0.92
-2.96, 3.67, -4.24, -0.18, 0.48, 0.91
-5.43, 3.41, -4.03, -0.17, 0.47, 0.89
-5.98, 2.93, -3.84, -0.17, 0.46, 0.87
-3.34, 2.58, -3.67, -0.16, 0.47, 0.89
-2.14, 3.2, -3.96, -0.16, 0.46, 0.88
-0.96, 4.51, -3.45, -0.15, 0.45, 0.88
2.98, 6.29, -2.09, -0.15, 0.45, 0.88
3.66, 5.88, -2.55, -0.18, 0.48, 0.93
-0.32, 4.74, -1.59, -0.19, 0.48, 0.95
-2.82, 3.26, -0.53, -0.22, 0.47, 0.95
-2.05, 2.82, -0.19, -0.21, 0.47, 0.93
-1.16, 2.93, -0.35, -0.21, 0.47, 0.92
-1.26, 2.77, -0.16, -0.2, 0.49, 0.92
-1.93, 3.33, -0.29, -0.2, 0.48, 0.91
-1.37, 2.79, -0.34, -0.2, 0.48, 0.91
-0.16, 2.6, -0.73, -0.2, 0.47, 0.9
0.08, 2.35, -0.52, -0.19, 0.46, 0.9
-0.3, 2.9, -0.23, -0.19, 0.45, 0.9
-0.71, 2.41, 0.2, -0.18, 0.45, 0.89
-1.29, 2.83, 0.34, -0.19, 0.45, 0.89
-1.09, 2.49, 0.25, -0.2, 0.47, 0.9
-1.58, 1.93, 0.46, -0.2, 0.48, 0.91
-1.56, 1.9, 0.14, -0.2, 0.48, 0.92
-2.16, 2.0, -0.38, -0.2, 0.48, 0.92
-2.46, 1.91, -0.7, -0.2, 0.47, 0.91
-2.7, 2.01, -0.98, -0.2, 0.47, 0.91
-4.57, 2.13, -0.92, -0.2, 0.47, 0.91
-4.83, 2.19, -0.63, -0.2, 0.47, 0.91
-5.59, 2.65, -0.13, -0.2, 0.46, 0.91
-6.1, 2.09, -0.25, -0.21, 0.46, 0.9
-5.46, 2.42, -0.14, -0.2, 0.46, 0.9
-7.03, 1.88, -0.06, -0.2, 0.46, 0.91
-7.06, 1.18, -0.03, -0.21, 0.46, 0.91
-7.09, 0.93, -0.38, -0.21, 0.46, 0.93
-6.07, 0.56, -0.43, -0.2, 0.45, 0.92
-5.29, 0.77, -0.38, -0.21, 0.46, 0.92
-3.8, 0.95, -0.45, -0.21, 0.46, 0.93
-2.67, 0.54, -0.61, -0.21, 0.45, 0.92
-2.81, 0.89, -1.25, -0.2, 0.44, 0.92
0.3, 2.32, -1.41, -0.2, 0.43, 0.91
2.67, 3.37, -1.47, -0.2, 0.43, 0.91
2.96, 3.03, -0.81, -0.21, 0.45, 0.93
0.03, 2.52, -0.36, -0.2, 0.46, 0.93
-3.35, 2.65, -0.32, -0.2, 0.47, 0.91
-5.86, 2.83, -0.58, -0.21, 0.46, 0.9
-6.04, 2.03, -0.62, -0.21, 0.46, 0.89
-7.01, 1.71, -0.71, -0.21, 0.46, 0.91
-11.32, 2.02, 1.2, -0.2, 0.45, 0.92
-8.96, 2.41, 2.61, -0.19, 0.47, 0.9
-5.66, 2.44, 3.42, -0.2, 0.47, 0.89
-4.22, 4.2, 3.86, -0.2, 0.47, 0.9
-1.64, 4.69, 4.43, -0.21, 0.48, 0.91
-4.67, 3.74, 5.56, -0.2, 0.48, 0.92
-4.09, 3.55, 8.12, -0.2, 0.48, 0.9
-3.58, 3.95, 9.35, -0.21, 0.48, 0.89
-1.39, 4.14, 10.54, -0.2, 0.49, 0.9
-1.02, 5.1, 12.35, -0.19, 0.49, 0.89
2.5, 4.55, 14.0, -0.2, 0.48, 0.89
2.58, 5.53, 14.48, -0.19, 0.49, 0.9
1.23, 5.95, 14.86, -0.19, 0.49, 0.9
-0.97, 6.33, 15.09, -0.19, 0.49, 0.9
-2.03, 7.14, 16.62, -0.2, 0.48, 0.89
-0.3, 7.81, 18.22, -0.21, 0.48, 0.89
-0.07, 7.24, 18.27, -0.2, 0.49, 0.89
-1.37, 7.32, 18.87, -0.2, 0.48, 0.9
-1.43, 7.75, 18.82, -0.21, 0.48, 0.91
-3.71, 8.67, 19.84, -0.2, 0.48, 0.89
-0.32, 9.69, 21.03, -0.2, 0.47, 0.88
-0.27, 10.54, 22.61, -0.2, 0.48, 0.9
-0.33, 11.41, 23.39, -0.21, 0.48, 0.9
-0.68, 10.99, 25.32, -0.2, 0.5, 0.9
-0.76, 11.35, 27.06, -0.19, 0.49, 0.9
2.21, 14.0, 29.17, -0.2, 0.49, 0.88
7.41, 15.2, 29.61, -0.21, 0.49, 0.87
8.85, 16.49, 29.16, -0.2, 0.5, 0.88
7.73, 17.43, 28.55, -0.21, 0.49, 0.88
6.02, 17.88, 28.93, -0.2, 0.49, 0.89
7.3, 17.7, 28.32, -0.23, 0.5, 0.9
3.01, 15.8, 26.57, -0.21, 0.51, 0.91
-0.52, 15.81, 24.7, -0.2, 0.48, 0.9
-2.8, 16.82, 24.48, -0.2, 0.48, 0.89
-4.48, 17.67, 24.33, -0.21, 0.48, 0.89
-2.17, 17.77, 24.12, -0.21, 0.48, 0.89
-4.54, 18.35, 24.83, -0.19, 0.48, 0.9
-6.41, 18.7, 24.5, -0.19, 0.49, 0.9
-5.56, 18.35, 24.9, -0.2, 0.48, 0.9
-4.82, 19.11, 24.7, -0.22, 0.47, 0.88
-1.22, 18.67, 24.45, -0.22, 0.47, 0.88
-0.38, 17.32, 24.03, -0.23, 0.47, 0.9
-1.9, 17.03, 23.37, -0.23, 0.47, 0.91
-3.78, 17.18, 23.04, -0.24, 0.45, 0.9
-1.58, 16.32, 23.63, -0.24, 0.47, 0.89
-0.78, 15.65, 22.94, -0.23, 0.48, 0.88
1.45, 16.7, 22.83, -0.21, 0.46, 0.88
1.54, 18.24, 22.47, -0.2, 0.47, 0.9
2.41, 18.26, 22.71, -0.21, 0.47, 0.91
2.71, 17.45, 22.93, -0.21, 0.48, 0.91
1.6, 18.56, 22.5, -0.21, 0.48, 0.9
-1.02, 20.2, 22.26, -0.21, 0.47, 0.88
-0.86, 20.41, 22.01, -0.23, 0.47, 0.88
-2.3, 19.34, 22.36, -0.23, 0.49, 0.89
-1.84, 18.03, 22.6, -0.23, 0.5, 0.88
-2.36, 17.02, 21.39, -0.23, 0.52, 0.86
-4.49, 17.22, 21.45, -0.22, 0.51, 0.86
-1.57, 17.58, 20.71, -0.23, 0.52, 0.85
-0.81, 17.38, 19.98, -0.23, 0.53, 0.86
-2.16, 17.02, 18.76, -0.23, 0.53, 0.85
-3.78, 17.5, 16.81, -0.23, 0.51, 0.85
-4.01, 16.85, 16.64, -0.22, 0.53, 0.88
-6.2, 16.53, 16.12, -0.23, 0.52, 0.87
-3.1, 15.1, 14.56, -0.22, 0.52, 0.87
-3.57, 14.13, 13.74, -0.23, 0.52, 0.88
-3.55, 13.39, 13.91, -0.24, 0.49, 0.86
2.68, 12.57, 14.12, -0.23, 0.5, 0.87
4.06, 12.76, 13.43, -0.22, 0.51, 0.86
5.43, 11.88, 11.93, -0.23, 0.5, 0.87
4.66, 12.16, 9.86, -0.23, 0.51, 0.87
2.66, 10.54, 7.3, -0.25, 0.51, 0.88
-3.25, 8.21, 4.94, -0.25, 0.5, 0.87
-5.41, 6.68, 3.35, -0.24, 0.49, 0.86
-5.31, 4.9, 2.28, -0.25, 0.5, 0.87
-6.69, 4.58, 2.5, -0.25, 0.5, 0.87
-7.0, 4.56, 3.07, -0.25, 0.49, 0.87
-6.97, 4.97, 4.48, -0.24, 0.49, 0.87
-8.58, 5.84, 6.14, -0.25, 0.5, 0.87
-6.52, 6.12, 7.36, -0.25, 0.5, 0.87
-5.63, 6.29, 8.02, -0.25, 0.5, 0.87
-5.64, 6.62, 7.95, -0.25, 0.51, 0.87
-6.27, 6.86, 7.43, -0.25, 0.52, 0.87
-7.09, 6.51, 6.1, -0.26, 0.51, 0.87
-6.41, 5.46, 4.58, -0.25, 0.52, 0.88
-8.93, 4.46, 3.25, -0.25, 0.54, 0.86
-9.85, 3.83, 3.22, -0.25, 0.53, 0.86
-7.75, 4.04, 3.84, -0.24, 0.52, 0.84
-3.54, 5.41, 3.9, -0.24, 0.52, 0.83
0.66, 5.66, 2.9, -0.23, 0.53, 0.84
0.3, 5.33, 1.67, -0.23, 0.52, 0.87
-3.9, 5.06, 1.54, -0.23, 0.52, 0.89
-7.77, 4.5, 1.27, -0.24, 0.5, 0.89
-9.67, 4.35, 0.67, -0.24, 0.49, 0.88
-11.68, 4.19, 0.42, -0.23, 0.49, 0.88
-15.11, 3.67, -0.22, -0.24, 0.47, 0.88
-17.82, 3.72, -0.32, -0.25, 0.47, 0.88
-19.35, 4.17, 0.58, -0.26, 0.47, 0.86
-14.74, 4.15, 1.5, -0.27, 0.46, 0.86
-9.38, 3.68, 1.78, -0.27, 0.47, 0.88
-7.54, 3.3, 2.25, -0.26, 0.47, 0.89
-7.38, 2.96, 2.13, -0.26, 0.47, 0.88
-5.93, 2.81, 2.54, -0.25, 0.48, 0.87
-2.39, 1.65, 2.16, -0.25, 0.48, 0.86
-0.89, 1.45, 1.49, -0.25, 0.49, 0.87
-0.61, 0.58, 0.46, -0.25, 0.5, 0.86
0.89, -0.18, -0.41, -0.24, 0.5, 0.86
1.37, -0.16, -1.11, -0.25, 0.51, 0.87
0.8, -0.42, -1.57, -0.25, 0.5, 0.87
1.5, -0.27, -1.09, -0.25, 0.49, 0.88
1.39, -0.01, -1.53, -0.25, 0.48, 0.88
0.56, 0.83, -0.9, -0.24, 0.48, 0.89
-0.26, 1.2, -0.09, -0.25, 0.48, 0.89
-0.33, 1.64, 0.51, -0.26, 0.48, 0.89
-0.19, 1.54, 1.25, -0.26, 0.47, 0.89
0.93, 1.69, 1.54, -0.26, 0.48, 0.89
1.45, 1.52, 1.56, -0.26, 0.48, 0.88
4.12, 0.95, 1.96, -0.26, 0.47, 0.87
6.3, 0.34, 2.55, -0.26, 0.48, 0.87
8.39, -0.28, 2.87, -0.26, 0.46, 0.86
11.07, -0.51, 3.14, -0.26, 0.47, 0.86
13.93, -1.07, 3.5, -0.26, 0.47, 0.87
14.44, -1.01, 4.09, -0.25, 0.48, 0.86
16.91, -1.54, 4.81, -0.25, 0.47, 0.87
19.0, -2.33, 5.09, -0.25, 0.48, 0.88
20.45, -2.46, 6.24, -0.25, 0.48, 0.87
22.6, -2.58, 6.96, -0.25, 0.51, 0.87
23.89, -2.61, 7.76, -0.24, 0.52, 0.87
23.38, -2.22, 8.12, -0.25, 0.55, 0.87
23.11, -1.71, 8.36, -0.24, 0.54, 0.86
24.45, -1.77, 8.19, -0.24, 0.55, 0.85
23.06, -1.29, 8.13, -0.23, 0.56, 0.85
23.67, -1.2, 5.74, -0.28, 0.58, 0.84
19.79, -3.07, 2.91, -0.26, 0.57, 0.87
7.73, -3.96, -0.41, -0.24, 0.58, 0.88
-1.88, -5.58, -3.33, -0.25, 0.57, 0.87
-4.96, -8.9, -5.62, -0.26, 0.56, 0.87
-9.67, -12.19, -8.09, -0.25, 0.55, 0.88
-14.92, -15.38, -8.83, -0.24, 0.54, 0.88
-15.29, -17.77, -9.35, -0.25, 0.53, 0.86
-13.16, -18.77, -9.6, -0.24, 0.52, 0.85
-6.72, -18.83, -10.6, -0.24, 0.5, 0.84
0.51, -17.54, -11.14, -0.23, 0.47, 0.84
7.18, -15.38, -10.78, -0.23, 0.46, 0.85
10.16, -12.51, -10.35, -0.23, 0.46, 0.86
11.43, -10.19, -10.94, -0.23, 0.45, 0.86
11.4, -8.56, -12.75, -0.25, 0.46, 0.87
12.45, -8.77, -15.03, -0.27, 0.45, 0.87
8.58, -9.4, -16.21, -0.26, 0.49, 0.9
1.25, -9.85, -15.96, -0.26, 0.5, 0.89
-1.43, -11.13, -17.05, -0.26, 0.5, 0.88
-2.15, -13.23, -18.65, -0.24, 0.55, 0.89
-5.77, -13.39, -18.87, -0.24, 0.55, 0.88
-2.55, -17.92, -19.35, -0.24, 0.6, 0.9
-3.59, -21.25, -21.41, -0.22, 0.61, 0.89
-6.89, -23.04, -23.8, -0.21, 0.61, 0.89
-10.67, -24.84, -26.9, -0.2, 0.6, 0.88
-11.92, -26.8, -29.09, -0.19, 0.59, 0.87
-13.16, -28.76, -31.28, -0.19, 0.59, 0.87
-14.4, -30.72, -33.47, -0.18, 0.58, 0.86
-15.65, -32.68, -35.66, -0.18, 0.57, 0.86
-15.02, -32.48, -35.67, -0.17, 0.55, 0.84
-14.22, -31.61, -36.29, -0.17, 0.55, 0.84
-14.92, -30.19, -35.8, -0.16, 0.52, 0.83
-10.0, -28.37, -34.9, -0.17, 0.48, 0.81
-3.59, -25.72, -33.04, -0.16, 0.47, 0.82
1.25, -24.2, -33.41, -0.17, 0.46, 0.82
0.5, -22.49, -34.17, -0.14, 0.51, 0.86
-10.82, -17.78, -34.37, -0.16, 0.48, 0.83
-1.84, -16.87, -32.53, -0.18, 0.43, 0.8
2.89, -16.83, -29.61, -0.16, 0.47, 0.85
3.79, -16.15, -27.84, -0.18, 0.45, 0.85
6.84, -17.12, -27.72, -0.16, 0.48, 0.86
3.45, -16.54, -28.26, -0.14, 0.51, 0.89
-0.92, -16.61, -30.22, -0.16, 0.49, 0.88
-2.64, -16.57, -31.77, -0.17, 0.47, 0.88
-4.95, -19.03, -31.08, -0.17, 0.5, 0.92
-8.77, -22.11, -29.67, -0.19, 0.51, 0.93
-14.71, -26.01, -28.84, -0.17, 0.54, 0.95
-22.3, -29.1, -29.71, -0.18, 0.54, 0.95
-26.45, -31.51, -30.74, -0.19, 0.51, 0.94
-28.24, -32.51, -30.62, -0.18, 0.48, 0.95
-27.15, -31.0, -29.73, -0.19, 0.46, 0.95
-25.08, -28.39, -26.67, -0.18, 0.45, 0.96
-17.9, -23.84, -23.02, -0.18, 0.44, 0.95
-9.56, -17.96, -21.01, -0.17, 0.44, 0.95
-2.51, -11.14, -18.94, -0.16, 0.43, 0.94
2.75, -4.67, -17.56, -0.15, 0.44, 0.93
6.03, -0.62, -16.35, -0.16, 0.46, 0.91
8.03, 0.21, -14.3, -0.16, 0.45, 0.9
7.0, -2.54, -13.93, -0.16, 0.48, 0.91
4.73, -4.58, -13.83, -0.16, 0.46, 0.91
1.68, -6.61, -14.34, -0.14, 0.47, 0.91
-1.8, -7.06, -14.44, -0.13, 0.47, 0.92
-4.33, -6.22, -14.19, -0.14, 0.45, 0.91
-1.6, -3.76, -13.28, -0.14, 0.45, 0.89
1.29, -0.81, -12.1, -0.14, 0.44, 0.89
5.67, 2.93, -10.29, -0.14, 0.45, 0.88
9.93, 7.4, -9.84, -0.14, 0.45, 0.88
13.19, 10.67, -9.85, -0.14, 0.47, 0.88
13.35, 12.93, -9.53, -0.14, 0.47, 0.89
12.01, 13.65, -8.8, -0.15, 0.47, 0.87
11.35, 14.14, -7.27, -0.15, 0.46, 0.87
12.12, 13.21, -5.69, -0.16, 0.46, 0.87
12.53, 11.79, -5.02, -0.16, 0.47, 0.88
11.62, 10.01, -3.85, -0.16, 0.48, 0.89
8.62, 8.02, -3.45, -0.17, 0.49, 0.91
5.22, 7.45, -3.77, -0.17, 0.48, 0.91
3.71, 7.59, -3.3, -0.18, 0.47, 0.92
1.63, 8.49, -3.51, -0.17, 0.47, 0.9
3.48, 9.04, -3.31, -0.18, 0.47, 0.9
5.44, 10.29, -2.09, -0.19, 0.46, 0.9
9.32, 10.68, -2.17, -0.2, 0.46, 0.89
13.98, 10.44, -4.25, -0.21, 0.48, 0.9
7.03, 8.96, -4.52, -0.23, 0.47, 1.0
-0.94, 4.31, -1.97, -0.25, 0.48, 0.98
3.21, 1.14, -0.88, -0.24, 0.49, 0.96
4.0, 0.98, -0.79, -0.22, 0.48, 0.95
3.6, 3.36, -0.8, -0.2, 0.47, 0.92
6.18, 3.73, -1.21, -0.2, 0.46, 0.9
5.47, 4.22, -0.74, -0.2, 0.46, 0.89
4.32, 4.39, -0.38, -0.2, 0.47, 0.89
4.12, 4.32, -0.19, -0.2, 0.46, 0.87
4.19, 3.45, 0.04, -0.21, 0.46, 0.88
2.81, 2.88, 0.23, -0.21, 0.47, 0.87
2.62, 1.74, 0.32, -0.21, 0.48, 0.88
2.11, 1.31, -0.31, -0.21, 0.49, 0.9
-0.24, 1.49, -0.48, -0.21, 0.51, 0.92
-3.0, 1.93, -0.73, -0.22, 0.51, 0.91
-2.95, 1.87, -0.55, -0.22, 0.52, 0.95
-6.88, 3.09, -0.87, -0.2, 0.5, 0.91
-6.76, 1.49, -1.8, -0.2, 0.49, 0.9
-7.3, 0.33, -1.47, -0.18, 0.48, 0.93
-11.93, 3.18, -1.9, -0.21, 0.47, 0.9
-14.21, 4.67, -1.54, -0.21, 0.48, 0.89
-13.22, 4.08, -1.48, -0.23, 0.45, 0.87
-2.7, 1.74, -2.4, -0.26, 0.43, 0.89
-5.46, 1.7, -1.46, -0.23, 0.44, 0.91
-6.8, 1.39, -0.33, -0.2, 0.44, 0.87
-6.68, 1.7, 0.3, -0.2, 0.49, 0.92
-12.62, 3.14, 0.06, -0.21, 0.47, 0.88
0.05, -6.61, 2.8, -0.27, 0.51, 0.96
-9.56, 2.17, 0.18, -0.25, 0.45, 0.92
-2.22, 1.53, 0.24, -0.24, 0.42, 0.9
-0.66, 0.96, 0.77, -0.2, 0.45, 0.92
-6.54, 1.42, 1.51, -0.21, 0.46, 0.91
-8.15, 1.5, 1.7, -0.2, 0.47, 0.9
-9.96, 3.24, 1.45, -0.2, 0.49, 0.9
-7.94, 1.39, -0.72, -0.23, 0.42, 0.9
-0.59, 0.07, -2.32, -0.21, 0.39, 0.91
1.96, -0.96, -1.93, -0.22, 0.4, 0.92
5.32, -0.32, -0.69, -0.23, 0.4, 0.92
7.96, -1.19, 0.21, -0.22, 0.41, 0.93
5.74, 0.72, 0.91, -0.22, 0.41, 0.88
7.89, 0.93, 3.01, -0.23, 0.43, 0.9
13.74, -0.12, 3.29, -0.23, 0.43, 0.92
14.47, -1.27, 2.88, -0.21, 0.46, 0.94
11.07, 0.44, 3.65, -0.21, 0.46, 0.89
9.0, 1.85, 3.61, -0.21, 0.49, 0.88
10.14, 1.49, 2.53, -0.21, 0.49, 0.88
8.3, 2.16, 2.12, -0.2, 0.51, 0.89
2.07, -1.32, 2.59, -0.19, 0.55, 0.92
-11.11, 1.59, 2.65, -0.19, 0.6, 0.88
-15.57, 1.93, -0.41, -0.18, 0.53, 0.87
-11.29, 1.54, -5.29, -0.23, 0.47, 0.89
-6.83, -0.09, -6.23, -0.22, 0.44, 0.92
-7.22, -0.16, -4.92, -0.21, 0.45, 0.89
-5.19, -0.96, -2.98, -0.22, 0.42, 0.92
-2.24, -5.38, 0.75, -0.18, 0.47, 0.95
-7.7, -0.12, 1.58, -0.26, 0.46, 0.93
-10.37, 4.93, 1.61, -0.23, 0.48, 0.93
-13.12, 2.06, 1.87, -0.22, 0.47, 0.9
-10.97, 1.45, 1.66, -0.23, 0.49, 0.91
-10.85, 1.08, 0.72, -0.22, 0.49, 0.91
-32.49, 6.83, -0.96, -0.21, 0.47, 0.82
-14.26, -3.03, -1.51, -0.22, 0.52, 0.97
-26.98, -0.84, -1.95, -0.21, 0.47, 0.91
-23.16, 1.0, -3.04, -0.25, 0.45, 0.92
-25.97, 1.04, -3.06, -0.21, 0.46, 0.93
-34.64, 0.06, -3.52, -0.22, 0.46, 0.93
-37.61, 0.29, -3.37, -0.22, 0.43, 0.92
-28.03, 4.05, 5.33, -0.19, 0.39, 0.87
-16.58, 2.34, 10.59, -0.18, 0.47, 0.87
-8.97, 1.41, 14.48, -0.17, 0.46, 0.89
-4.74, -0.27, 18.98, -0.19, 0.46, 0.9
-4.97, -1.7, 22.75, -0.17, 0.5, 0.91
-5.09, -2.74, 25.68, -0.18, 0.51, 0.9
-6.67, -2.06, 26.52, -0.17, 0.51, 0.88
-6.46, -0.32, 27.18, -0.18, 0.5, 0.87
-6.11, 1.63, 27.64, -0.18, 0.48, 0.87
-1.69, 3.45, 29.52, -0.19, 0.47, 0.88
-6.33, 5.29, 31.7, -0.18, 0.48, 0.91
-6.33, 7.55, 33.09, -0.2, 0.45, 0.9
-1.36, 8.38, 34.16, -0.22, 0.44, 0.91
-0.93, 8.49, 34.12, -0.22, 0.45, 0.94
-3.01, 9.71, 33.38, -0.22, 0.42, 0.94
-5.32, 10.45, 32.82, -0.21, 0.4, 0.95
-8.89, 12.89, 33.32, -0.21, 0.39, 0.95
-9.42, 13.9, 34.0, -0.22, 0.39, 0.95
-4.33, 16.21, 36.68, -0.21, 0.37, 0.94
1.51, 16.69, 37.77, -0.21, 0.37, 0.93
5.99, 16.78, 37.52, -0.22, 0.37, 0.94
5.32, 16.67, 36.82, -0.21, 0.37, 0.95
1.57, 17.49, 36.06, -0.2, 0.38, 0.95
-0.75, 17.88, 36.62, -0.19, 0.37, 0.93
-1.83, 17.29, 35.8, -0.19, 0.37, 0.92
-1.6, 16.45, 34.61, -0.2, 0.39, 0.92
-6.63, 16.5, 32.12, -0.19, 0.42, 0.93
-12.27, 17.16, 30.09, -0.2, 0.4, 0.92
-12.52, 15.24, 27.67, -0.21, 0.43, 0.96
-19.29, 15.02, 25.96, -0.21, 0.41, 0.96
-19.61, 12.87, 23.51, -0.22, 0.38, 0.96
-21.21, 11.71, 22.12, -0.22, 0.38, 0.97
-23.2, 12.48, 21.48, -0.21, 0.37, 0.94
-23.06, 13.39, 20.87, -0.21, 0.35, 0.93
-17.5, 14.96, 21.11, -0.21, 0.31, 0.92
-7.44, 14.37, 21.07, -0.22, 0.31, 0.96
-3.3, 12.54, 22.15, -0.22, 0.33, 0.98
-1.61, 11.62, 24.52, -0.23, 0.32, 0.97
1.8, 9.77, 26.36, -0.22, 0.35, 0.98
-0.17, 13.29, 27.9, -0.22, 0.35, 0.96
3.73, 14.47, 28.65, -0.21, 0.35, 0.94
8.87, 13.83, 28.19, -0.21, 0.38, 0.95
9.22, 13.75, 26.62, -0.21, 0.4, 0.95
6.43, 13.68, 25.19, -0.2, 0.4, 0.95
0.8, 14.35, 23.28, -0.2, 0.41, 0.95
-3.64, 15.22, 21.27, -0.21, 0.41, 0.92
-6.09, 15.64, 20.31, -0.2, 0.39, 0.93
-4.7, 14.46, 18.34, -0.2, 0.39, 0.93
-3.72, 13.13, 16.93, -0.21, 0.4, 0.93
-5.17, 12.27, 16.41, -0.21, 0.39, 0.93
-6.25, 11.88, 16.95, -0.21, 0.39, 0.93
-7.11, 12.83, 17.29, -0.21, 0.39, 0.92
-5.06, 12.81, 16.64, -0.21, 0.39, 0.92
-4.95, 12.88, 15.98, -0.21, 0.39, 0.95
-7.34, 12.77, 15.79, -0.21, 0.4, 0.96
-10.09, 12.35, 15.32, -0.21, 0.39, 0.95
-8.39, 11.77, 14.96, -0.22, 0.38, 0.94
-6.35, 11.37, 15.24, -0.22, 0.38, 0.94
-4.06, 11.06, 14.71, -0.22, 0.37, 0.95
-1.74, 11.45, 13.43, -0.22, 0.36, 0.94
0.4, 10.93, 11.3, -0.23, 0.36, 0.94
0.75, 11.31, 8.32, -0.23, 0.36, 0.95
-4.16, 9.9, 5.29, -0.24, 0.35, 0.96
-8.9, 7.93, 2.35, -0.23, 0.35, 0.98
-15.07, 5.54, 1.93, -0.23, 0.34, 0.98
-15.25, 4.52, 3.59, -0.24, 0.32, 0.95
-7.47, 3.93, 4.99, -0.23, 0.33, 0.93
-1.1, 3.76, 5.65, -0.22, 0.34, 0.93
0.7, 4.26, 5.01, -0.22, 0.35, 0.94
-2.51, 3.89, 1.31, -0.23, 0.35, 0.95
-6.86, 3.32, 0.48, -0.22, 0.35, 0.94
-7.98, 3.6, 1.45, -0.22, 0.37, 0.92
-1.22, 2.38, 1.77, -0.24, 0.37, 0.92
1.87, 1.46, 2.02, -0.24, 0.38, 0.94
2.84, 1.53, 1.73, -0.23, 0.39, 0.93
3.81, 1.6, 1.44, -0.23, 0.39, 0.93
4.78, 1.67, 1.14, -0.22, 0.4, 0.92
5.75, 1.74, 0.85, -0.22, 0.4, 0.92
6.35, 1.37, 0.77, -0.22, 0.39, 0.92
7.33, 0.88, 0.73, -0.22, 0.4, 0.94
6.96, 0.67, 0.59, -0.22, 0.4, 0.93
9.23, 0.68, 0.57, -0.23, 0.39, 0.93
12.45, 0.51, 0.9, -0.23, 0.38, 0.92
14.97, 0.54, 1.01, -0.23, 0.37, 0.92
18.47, 0.51, 1.96, -0.23, 0.37, 0.92
21.31, 0.46, 2.75, -0.22, 0.38, 0.92
21.51, 0.12, 4.48, -0.24, 0.41, 0.94
21.73, -0.22, 5.89, -0.24, 0.42, 0.94
23.08, -0.36, 6.95, -0.23, 0.42, 0.92
25.44, -0.49, 7.19, -0.22, 0.44, 0.91
25.78, 0.1, 7.58, -0.22, 0.46, 0.92
25.48, -0.82, 7.93, -0.22, 0.48, 0.92
24.79, -0.95, 7.52, -0.22, 0.49, 0.91
25.32, -1.38, 7.72, -0.22, 0.5, 0.9
23.72, -1.71, 7.62, -0.22, 0.52, 0.91
22.31, -1.94, 6.76, -0.23, 0.52, 0.89
20.76, -1.8, 4.06, -0.22, 0.56, 0.93
17.61, -0.5, 2.63, -0.23, 0.51, 0.89
15.69, -0.25, 0.36, -0.22, 0.5, 0.88
13.59, 0.48, -0.8, -0.2, 0.47, 0.88
15.27, 0.07, -0.29, -0.22, 0.48, 0.89
16.0, -2.5, -0.34, -0.22, 0.49, 0.89
12.95, -6.07, -2.28, -0.21, 0.5, 0.91
5.72, -7.38, -5.06, -0.22, 0.47, 0.91
-1.42, -7.45, -8.11, -0.2, 0.46, 0.9
-2.49, -10.14, -9.09, -0.21, 0.46, 0.9
-2.07, -13.27, -9.89, -0.21, 0.47, 0.91
-5.52, -16.22, -12.41, -0.22, 0.47, 0.92
-6.84, -18.45, -13.45, -0.23, 0.45, 0.91
-5.22, -19.85, -15.38, -0.22, 0.45, 0.9
-3.67, -20.16, -16.01, -0.21, 0.43, 0.9
0.86, -20.93, -17.11, -0.21, 0.44, 0.91
1.56, -20.83, -18.48, -0.21, 0.44, 0.92
0.68, -21.06, -19.38, -0.2, 0.45, 0.91
1.9, -21.67, -21.21, -0.21, 0.43, 0.91
1.13, -20.95, -24.22, -0.2, 0.42, 0.91
-1.49, -19.99, -25.19, -0.19, 0.43, 0.91
-1.13, -19.14, -24.75, -0.2, 0.43, 0.9
1.85, -20.16, -22.99, -0.22, 0.47, 0.9
2.12, -21.87, -21.98, -0.24, 0.49, 0.92
-4.29, -20.59, -21.7, -0.25, 0.48, 0.94
-10.19, -17.59, -22.92, -0.26, 0.44, 0.94
-13.76, -12.16, -26.64, -0.24, 0.44, 0.94
-13.93, -6.17, -30.67, -0.22, 0.45, 0.92
-11.2, -3.18, -32.26, -0.2, 0.49, 0.92
-2.67, -4.85, -32.0, -0.2, 0.49, 0.89
6.49, -7.41, -31.94, -0.19, 0.48, 0.89
12.38, -9.82, -31.84, -0.18, 0.47, 0.88
15.99, -13.58, -32.16, -0.17, 0.47, 0.89
17.56, -17.67, -33.58, -0.17, 0.49, 0.9
6.31, -22.3, -34.25, -0.16, 0.51, 0.92
-4.13, -25.64, -33.73, -0.15, 0.51, 0.89
-8.77, -25.37, -33.67, -0.15, 0.51, 0.87
-8.51, -24.14, -34.25, -0.14, 0.54, 0.85
-6.06, -23.67, -34.24, -0.15, 0.55, 0.83
-0.08, -23.64, -32.74, -0.16, 0.53, 0.83
3.71, -21.91, -30.68, -0.15, 0.52, 0.83
8.4, -17.68, -29.48, -0.16, 0.5, 0.81
14.1, -15.91, -29.54, -0.15, 0.51, 0.81
18.29, -14.57, -28.61, -0.17, 0.51, 0.82
19.9, -14.92, -26.48, -0.17, 0.52, 0.85
15.76, -13.53, -23.53, -0.17, 0.52, 0.87
12.15, -13.09, -19.69, -0.17, 0.53, 0.88
9.0, -13.42, -16.75, -0.16, 0.53, 0.89
7.58, -12.86, -16.03, -0.15, 0.53, 0.88
6.81, -11.25, -16.88, -0.14, 0.53, 0.88
3.18, -9.83, -18.91, -0.14, 0.55, 0.89
-2.58, -6.55, -20.51, -0.13, 0.53, 0.87
-1.93, -4.05, -19.93, -0.14, 0.5, 0.85
3.96, -3.2, -18.62, -0.15, 0.51, 0.87
6.38, -3.43, -16.74, -0.16, 0.51, 0.88
8.52, -4.34, -16.08, -0.16, 0.5, 0.89
5.0, -4.7, -15.26, -0.15, 0.5, 0.89
2.06, -4.77, -14.02, -0.17, 0.5, 0.89
1.87, -5.19, -11.9, -0.17, 0.5, 0.89
1.25, -6.14, -10.48, -0.18, 0.53, 0.89
1.2, -6.03, -10.05, -0.18, 0.53, 0.9
0.72, -5.35, -10.17, -0.18, 0.53, 0.9
2.0, -4.56, -10.4, -0.18, 0.52, 0.9
2.56, -2.63, -10.55, -0.18, 0.51, 0.9
2.08, -0.69, -10.51, -0.18, 0.52, 0.9
1.26, 1.06, -10.25, -0.17, 0.51, 0.89
-0.01, 3.25, -9.85, -0.17, 0.51, 0.87
0.19, 4.64, -9.16, -0.16, 0.51, 0.87
0.59, 5.59, -8.59, -0.16, 0.51, 0.86
2.98, 6.81, -4.52, -0.14, 0.48, 0.85
18.16, 6.33, 1.49, -0.21, 0.58, 0.85
19.2, 1.25, -0.41, -0.2, 0.56, 0.93
9.27, -0.4, 0.54, -0.19, 0.55, 0.94
5.84, -0.52, 0.77, -0.2, 0.54, 0.93
4.06, 0.57, 0.35, -0.19, 0.54, 0.91
3.09, 2.0, -0.69, -0.19, 0.54, 0.9
2.59, 3.46, -1.87, -0.18, 0.53, 0.89
0.97, 4.57, -2.25, -0.18, 0.51, 0.88
0.88, 4.44, -2.08, -0.18, 0.5, 0.88
-0.09, 3.61, -1.88, -0.18, 0.49, 0.88
-1.31, 3.6, -1.62, -0.18, 0.49, 0.88
-1.5, 3.35, -1.83, -0.19, 0.49, 0.88
-2.92, 3.4, -1.69, -0.18, 0.5, 0.88
-2.46, 3.03, -0.58, -0.2, 0.51, 0.89
-2.64, 3.29, -0.25, -0.21, 0.52, 0.89
-1.22, 2.8, -0.33, -0.21, 0.52, 0.9
-2.29, 2.82, -0.35, -0.2, 0.53, 0.91
-3.9, 2.9, -0.77, -0.2, 0.52, 0.9
-6.0, 2.7, -0.58, -0.19, 0.52, 0.88
-7.64, 3.16, -0.87, -0.19, 0.51, 0.89
-8.2, 2.87, -1.29, -0.19, 0.5, 0.88
-9.81, 2.67, -1.18, -0.18, 0.5, 0.89
-8.87, 3.09, -1.42, -0.2, 0.49, 0.88
-7.83, 2.43, -1.22, -0.21, 0.48, 0.89
-7.56, 2.61, -0.44, -0.21, 0.48, 0.9
-4.83, 1.61, -0.05, -0.21, 0.46, 0.9
-2.25, 2.2, 0.91, -0.2, 0.46, 0.92
-2.52, 2.49, 1.94, -0.18, 0.5, 0.93
0.85, 3.06, 1.0, -0.21, 0.46, 0.89
2.38, 1.26, 1.48, -0.23, 0.46, 0.9
3.39, 1.67, 1.26, -0.17, 0.46, 0.9
2.32, 1.45, 1.7, -0.19, 0.49, 0.88
-0.06, 2.13, 1.77, -0.19, 0.52, 0.89
-0.31, 1.06, 1.06, -0.2, 0.51, 0.89
4.93, 2.01, -0.64, -0.29, 0.43, 0.8
-6.23, -0.84, -0.03, -0.04, 0.57, 0.86
-7.61, -5.14, 0.96, -0.2, 0.51, 0.85
-4.23, -2.73, -0.61, -0.21, 0.52, 0.88
-6.84, -0.33, -0.94, -0.21, 0.54, 0.91
-11.48, 0.29, -1.09, -0.21, 0.52, 0.9
-10.6, -1.22, -1.58, -0.2, 0.52, 0.89
-13.25, -0.68, -2.19, -0.21, 0.51, 0.9
-16.8, 0.36, -2.06, -0.19, 0.51, 0.9
-18.33, -1.2, -2.23, -0.2, 0.5, 0.91
-20.09, -0.07, -2.07, -0.21, 0.5, 0.9
-23.51, -0.55, -2.15, -0.19, 0.5, 0.91
-27.03, 0.16, -2.34, -0.19, 0.5, 0.91
-29.12, 0.39, -2.56, -0.19, 0.49, 0.91
-31.51, 0.17, 0.51, -0.15, 0.44, 0.88
-19.16, 0.93, 5.31, -0.19, 0.47, 0.87
-5.56, 0.66, 10.29, -0.19, 0.5, 0.88
-1.92, 0.56, 11.71, -0.18, 0.5, 0.89
-2.88, 0.31, 11.54, -0.19, 0.5, 0.9
-5.78, 0.53, 12.07, -0.19, 0.49, 0.92
-7.28, 1.42, 14.09, -0.18, 0.49, 0.91
-5.41, 2.6, 17.71, -0.19, 0.47, 0.9
-0.03, 4.12, 19.74, -0.18, 0.48, 0.9
3.26, 5.12, 21.29, -0.18, 0.49, 0.91
3.59, 7.79, 23.19, -0.18, 0.49, 0.9
2.17, 10.44, 24.8, -0.17, 0.47, 0.87
3.95, 12.52, 26.94, -0.18, 0.47, 0.86
5.87, 13.82, 28.7, -0.17, 0.46, 0.87
9.63, 13.18, 29.84, -0.19, 0.49, 0.89
8.29, 12.93, 30.58, -0.18, 0.48, 0.89
6.89, 12.97, 30.72, -0.18, 0.49, 0.89
4.51, 12.93, 30.56, -0.18, 0.49, 0.9
3.9, 14.0, 30.96, -0.18, 0.49, 0.89
3.46, 15.38, 31.55, -0.19, 0.5, 0.88
3.51, 15.43, 32.21, -0.18, 0.5, 0.88
1.49, 17.12, 32.04, -0.18, 0.52, 0.89
-1.15, 18.19, 31.35, -0.18, 0.51, 0.87
-1.77, 18.78, 30.09, -0.2, 0.51, 0.89
-4.87, 20.39, 29.39, -0.2, 0.5, 0.88
-6.74, 20.41, 28.92, -0.2, 0.51, 0.89
-10.06, 20.52, 28.43, -0.19, 0.52, 0.9
-17.35, 20.74, 25.25, -0.18, 0.51, 0.9
-20.74, 19.8, 24.47, -0.21, 0.48, 0.92
-22.32, 18.55, 24.86, -0.2, 0.47, 0.91
-19.01, 16.53, 26.55, -0.2, 0.46, 0.91
-14.16, 15.87, 28.29, -0.2, 0.44, 0.9
-6.63, 14.92, 30.51, -0.21, 0.42, 0.88
4.0, 15.02, 31.61, -0.21, 0.43, 0.91
7.98, 18.46, 33.06, -0.21, 0.44, 0.92
8.29, 21.22, 33.58, -0.21, 0.47, 0.92
7.04, 23.71, 33.96, -0.21, 0.47, 0.9
8.33, 25.43, 34.03, -0.21, 0.47, 0.89
13.91, 25.7, 33.53, -0.22, 0.47, 0.9
14.18, 24.39, 33.11, -0.22, 0.49, 0.93
8.01, 22.72, 32.3, -0.21, 0.5, 0.92
2.8, 22.99, 31.07, -0.21, 0.49, 0.9
0.96, 22.45, 29.95, -0.21, 0.48, 0.88
-0.18, 22.86, 28.7, -0.2, 0.48, 0.86
-0.22, 22.31, 28.59, -0.19, 0.47, 0.86
0.77, 22.03, 28.0, -0.2, 0.47, 0.85
1.38, 21.6, 26.66, -0.2, 0.47, 0.85
-1.76, 19.79, 23.77, -0.21, 0.47, 0.87
-5.37, 16.02, 20.54, -0.22, 0.49, 0.91
-5.48, 14.8, 18.47, -0.24, 0.44, 0.92
-11.98, 10.29, 17.92, -0.21, 0.47, 0.94
-13.51, 7.52, 17.8, -0.21, 0.47, 0.92
-13.56, 7.41, 17.7, -0.22, 0.46, 0.9
-8.22, 8.06, 18.49, -0.22, 0.46, 0.9
-2.85, 9.84, 18.48, -0.22, 0.47, 0.89
-0.35, 11.83, 17.77, -0.22, 0.47, 0.89
1.76, 13.87, 17.19, -0.22, 0.49, 0.9
1.42, 15.45, 16.54, -0.23, 0.49, 0.9
2.08, 16.72, 15.55, -0.23, 0.49, 0.9
0.7, 17.3, 13.92, -0.23, 0.49, 0.9
-2.67, 17.03, 12.25, -0.23, 0.5, 0.9
-8.25, 15.69, 9.67, -0.22, 0.49, 0.91
-13.31, 13.7, 7.7, -0.22, 0.48, 0.89
-14.33, 12.38, 6.27, -0.23, 0.46, 0.87
-14.07, 11.02, 5.38, -0.22, 0.47, 0.88
-13.91, 10.1, 5.14, -0.22, 0.46, 0.87
-11.0, 8.77, 4.93, -0.22, 0.47, 0.88
-10.09, 7.5, 3.96, -0.22, 0.47, 0.89
-12.06, 6.59, 3.42, -0.22, 0.48, 0.9
-13.89, 6.05, 2.4, -0.23, 0.47, 0.89
-9.95, 5.55, 1.26, -0.23, 0.46, 0.88
-9.77, 5.73, -0.12, -0.22, 0.44, 0.88
-10.16, 5.53, -1.54, -0.22, 0.44, 0.89
-10.14, 4.42, -2.22, -0.21, 0.43, 0.89
-11.83, 3.85, -0.76, -0.23, 0.47, 0.9
-9.93, 2.85, -0.12, -0.24, 0.45, 0.9
-5.22, 2.21, 0.64, -0.24, 0.46, 0.9
-4.46, 2.67, 0.83, -0.23, 0.46, 0.9
-3.38, 3.38, 1.13, -0.22, 0.45, 0.88
-0.32, 3.8, 0.76, -0.22, 0.44, 0.88
1.78, 3.65, 0.8, -0.22, 0.47, 0.9
0.13, 3.03, 1.41, -0.22, 0.49, 0.9
-1.73, 1.94, 1.9, -0.23, 0.49, 0.89
-0.59, 1.86, 1.9, -0.23, 0.49, 0.89
1.06, 1.97, 0.86, -0.22, 0.49, 0.88
0.19, 2.43, 0.03, -0.22, 0.49, 0.88
-0.18, 2.45, -0.31, -0.22, 0.5, 0.88
-0.41, 2.11, -0.67, -0.23, 0.49, 0.88
-0.66, 1.72, -0.95, -0.23, 0.49, 0.88
-1.4, 1.51, -1.04, -0.23, 0.49, 0.89
-1.87, 1.75, -0.84, -0.23, 0.49, 0.89
-1.49, 1.48, -1.16, -0.23, 0.49, 0.89
-2.22, 1.74, -0.91, -0.23, 0.48, 0.89
-3.04, 1.58, -0.56, -0.23, 0.48, 0.9
-2.9, 1.96, 0.01, -0.23, 0.48, 0.9
-2.34, 2.12, 0.06, -0.23, 0.48, 0.89
-2.35, 2.48, 0.12, -0.23, 0.48, 0.89
-2.21, 2.28, 0.47, -0.24, 0.48, 0.89
-2.34, 1.86, 0.06, -0.23, 0.48, 0.89
-1.06, 1.67, -0.11, -0.23, 0.47, 0.88
-0.66, 1.64, -0.38, -0.23, 0.47, 0.88
-0.09, 1.39, -0.19, -0.23, 0.47, 0.89
0.24, 1.33, -0.17, -0.23, 0.47, 0.89
0.59, 1.7, 0.0, -0.24, 0.47, 0.88
1.13, 1.65, 0.24, -0.23, 0.47, 0.88
1.63, 1.54, 0.31, -0.23, 0.47, 0.88
1.7, 1.76, 0.32, -0.23, 0.47, 0.88
2.0, 1.65, 0.29, -0.23, 0.49, 0.89
0.64, 1.61, 0.3, -0.24, 0.49, 0.88
1.35, 1.37, 0.9, -0.24, 0.49, 0.89
1.87, 1.41, 0.8, -0.24, 0.48, 0.89
1.77, 1.57, 0.78, -0.24, 0.49, 0.9
1.29, 1.68, 0.48, -0.23, 0.5, 0.89
0.39, 1.55, 0.83, -0.24, 0.49, 0.89
0.61, 1.51, 0.33, -0.24, 0.5, 0.88
0.18, 1.61, 0.13, -0.23, 0.49, 0.88
-0.03, 1.61, 0.23, -0.24, 0.49, 0.88
-0.34, 1.86, 0.05, -0.24, 0.48, 0.87
-0.26, 1.61, 0.17, -0.24, 0.48, 0.88
-1.25, 1.39, 0.32, -0.24, 0.49, 0.89
-0.29, 1.01, 0.53, -0.24, 0.49, 0.89
-0.25, 0.97, 0.83, -0.24, 0.49, 0.89
0.68, 1.12, 0.69, -0.24, 0.48, 0.88
2.59, 0.59, 0.38, -0.24, 0.47, 0.89
3.87, 0.38, 0.33, -0.24, 0.47, 0.89
4.87, -0.13, 0.67, -0.24, 0.47, 0.9
5.85, -0.61, 1.41, -0.25, 0.47, 0.9
7.41, -0.96, 1.97, -0.25, 0.47, 0.9
9.02, -1.1, 2.7, -0.24, 0.47, 0.89
13.3, -1.13, 2.92, -0.25, 0.46, 0.88
16.24, -1.62, 3.53, -0.24, 0.48, 0.89
17.96, -2.51, 4.47, -0.24, 0.48, 0.89
18.65, -3.54, 5.4, -0.24, 0.5, 0.89
21.88, -4.01, 6.16, -0.24, 0.5, 0.87
24.87, -3.93, 6.77, -0.23, 0.49, 0.86
30.38, -4.85, 7.0, -0.24, 0.51, 0.88
30.82, -5.53, 7.91, -0.24, 0.53, 0.88
28.41, -6.22, 8.06, -0.23, 0.56, 0.88
26.0, -7.2, 8.49, -0.21, 0.56, 0.82
31.94, -7.16, 3.75, -0.28, 0.62, 0.89
15.56, -10.89, -1.96, -0.25, 0.56, 0.91
3.35, -14.23, -7.77, -0.26, 0.57, 0.93
-11.02, -19.6, -13.74, -0.24, 0.57, 0.95
-26.46, -24.82, -19.95, -0.24, 0.54, 0.95
-37.54, -30.58, -25.41, -0.24, 0.5, 0.95
-46.48, -34.68, -28.64, -0.23, 0.47, 0.94
-50.27, -37.42, -31.96, -0.22, 0.45, 0.9
-44.8, -39.8, -31.1, -0.21, 0.44, 0.89
-40.36, -37.9, -31.01, -0.21, 0.41, 0.88
-30.88, -34.89, -29.12, -0.19, 0.4, 0.87
-22.57, -31.82, -27.38, -0.19, 0.4, 0.87
-14.25, -28.11, -25.16, -0.18, 0.4, 0.86
-3.94, -25.1, -23.01, -0.18, 0.39, 0.86
5.54, -22.48, -21.48, -0.18, 0.41, 0.87
7.41, -20.36, -21.71, -0.17, 0.43, 0.89
3.7, -17.61, -25.64, -0.16, 0.42, 0.86
2.64, -16.18, -27.17, -0.16, 0.42, 0.86
1.25, -15.19, -27.21, -0.15, 0.44, 0.87
3.06, -16.73, -26.5, -0.16, 0.46, 0.87
5.0, -18.52, -25.13, -0.17, 0.49, 0.89
0.34, -20.93, -25.27, -0.16, 0.51, 0.91
-3.95, -20.22, -26.67, -0.17, 0.47, 0.88
-0.21, -18.56, -27.16, -0.18, 0.47, 0.89
3.67, -16.38, -25.22, -0.18, 0.49, 0.92
4.74, -13.61, -23.33, -0.18, 0.52, 0.95
5.01, -11.35, -22.62, -0.18, 0.54, 0.94
4.81, -8.28, -22.3, -0.18, 0.51, 0.93
9.35, -6.04, -22.12, -0.18, 0.51, 0.93
13.34, -5.65, -21.14, -0.19, 0.5, 0.92
17.63, -8.13, -20.09, -0.19, 0.53, 0.95
14.43, -9.97, -19.27, -0.18, 0.53, 0.96
6.79, -12.77, -20.01, -0.17, 0.51, 0.95
2.12, -14.65, -21.29, -0.16, 0.52, 0.96
-5.0, -16.61, -23.7, -0.16, 0.5, 0.93
-6.89, -19.03, -24.93, -0.15, 0.48, 0.93
-9.9, -21.45, -24.12, -0.15, 0.49, 0.93
-12.21, -22.83, -23.96, -0.14, 0.48, 0.92
-12.66, -23.67, -24.19, -0.15, 0.47, 0.89
-10.24, -23.74, -25.38, -0.14, 0.45, 0.88
-6.74, -24.9, -27.12, -0.15, 0.45, 0.87
-7.74, -24.96, -28.24, -0.13, 0.45, 0.88
-11.61, -23.07, -28.69, -0.11, 0.44, 0.87
-11.07, -21.44, -27.85, -0.11, 0.44, 0.87
-9.93, -19.93, -26.1, -0.11, 0.44, 0.85
-5.64, -17.93, -24.95, -0.09, 0.43, 0.84
-0.58, -15.3, -23.37, -0.1, 0.44, 0.85
-0.16, -12.71, -21.93, -0.09, 0.46, 0.85
1.98, -10.77, -20.5, -0.1, 0.45, 0.85
4.96, -7.62, -19.09, -0.11, 0.45, 0.85
4.64, -5.09, -18.9, -0.1, 0.47, 0.86
4.69, -2.46, -18.59, -0.1, 0.48, 0.85
4.07, -0.27, -18.12, -0.1, 0.48, 0.87
4.36, 0.59, -17.74, -0.11, 0.5, 0.88
2.76, 1.98, -17.12, -0.12, 0.5, 0.87
4.77, 2.69, -16.37, -0.13, 0.49, 0.86
6.9, 2.5, -16.01, -0.13, 0.49, 0.88
4.66, 3.29, -16.39, -0.13, 0.49, 0.89
2.27, 4.69, -16.21, -0.12, 0.49, 0.9
1.15, 6.19, -15.22, -0.13, 0.48, 0.9
3.38, 7.27, -12.97, -0.14, 0.48, 0.9
6.67, 7.84, -10.37, -0.15, 0.49, 0.9
8.29, 7.61, -9.56, -0.16, 0.49, 0.92
8.09, 8.13, -8.25, -0.16, 0.5, 0.92
7.04, 8.45, -7.25, -0.16, 0.5, 0.92
5.48, 9.15, -6.57, -0.15, 0.5, 0.91
5.79, 9.2, -5.74, -0.16, 0.5, 0.91
6.7, 9.75, -5.33, -0.16, 0.49, 0.91
8.0, 10.08, -4.99, -0.17, 0.48, 0.9
9.79, 9.77, -4.53, -0.18, 0.48, 0.9
9.66, 9.05, -3.45, -0.17, 0.46, 0.91
8.12, 5.99, -2.42, -0.2, 0.51, 0.96
6.01, 3.35, -1.06, -0.23, 0.51, 0.99
4.19, 2.34, -0.03, -0.23, 0.52, 0.99
2.86, 0.82, 0.38, -0.21, 0.51, 0.98
4.8, 1.3, 0.36, -0.2, 0.49, 0.95
5.52, 2.92, -0.36, -0.18, 0.49, 0.94
5.34, 3.13, -0.16, -0.18, 0.49, 0.92
4.01, 2.8, 0.31, -0.18, 0.5, 0.9
2.25, 2.73, 0.09, -0.18, 0.48, 0.88
1.5, 2.67, -0.06, -0.18, 0.47, 0.87
-0.48, 2.66, -0.06, -0.17, 0.48, 0.87
-1.29, 2.51, -0.51, -0.17, 0.48, 0.87
-2.12, 2.45, -1.05, -0.18, 0.48, 0.87
-2.35, 2.95, -1.6, -0.18, 0.48, 0.89
-1.43, 2.78, -2.08, -0.19, 0.48, 0.91
-1.89, 2.32, -1.6, -0.21, 0.48, 0.93
-2.48, 2.01, -1.29, -0.19, 0.48, 0.92
-2.35, 2.55, -1.01, -0.2, 0.47, 0.92
0.48, 2.38, -0.76, -0.19, 0.48, 0.92
-0.98, 2.74, -0.67, -0.19, 0.49, 0.91
-1.73, 2.0, -0.27, -0.19, 0.49, 0.91
-1.09, 2.26, -0.45, -0.19, 0.48, 0.89
-0.31, 2.49, -0.77, -0.19, 0.49, 0.89
-0.44, 2.57, -1.12, -0.19, 0.49, 0.89
-1.83, 1.48, -1.42, -0.19, 0.49, 0.89
-2.22, 1.37, -2.03, -0.21, 0.48, 0.89
-1.95, 0.93, -1.51, -0.19, 0.48, 0.91
-5.58, 1.08, -0.96, -0.19, 0.5, 0.89
-3.98, 1.35, -1.47, -0.2, 0.47, 0.9
-4.83, 1.13, -1.24, -0.2, 0.48, 0.91
-6.74, 1.8, -0.7, -0.2, 0.47, 0.9
-7.48, 1.4, -0.46, -0.18, 0.49, 0.9
-9.38, 1.32, -0.57, -0.2, 0.49, 0.91
-11.48, 1.74, -0.76, -0.19, 0.49, 0.91
-13.68, 1.83, -1.11, -0.18, 0.48, 0.91
-13.19, 1.92, -2.5, -0.2, 0.46, 0.9
-11.41, 1.54, -2.7, -0.2, 0.46, 0.91
-9.39, 1.2, -2.65, -0.2, 0.43, 0.91
-6.58, 0.2, -2.43, -0.2, 0.41, 0.91
1.53, -0.61, -1.38, -0.21, 0.38, 0.92
5.15, -1.66, -0.03, -0.2, 0.39, 0.94
6.59, -0.89, 1.72, -0.19, 0.4, 0.94
6.87, -0.35, 4.05, -0.2, 0.42, 0.93
10.96, 0.9, 4.09, -0.21, 0.41, 0.91
13.48, 1.41, 4.09, -0.19, 0.44, 0.92
14.11, 1.58, 4.54, -0.2, 0.43, 0.9
16.54, 2.22, 4.17, -0.21, 0.42, 0.9
23.52, 1.28, 3.99, -0.2, 0.44, 0.91
22.74, -0.57, 5.32, -0.19, 0.5, 0.93
21.2, -0.29, 5.25, -0.21, 0.48, 0.9
24.99, -7.82, 9.12, -0.13, 0.61, 0.96
11.81, -3.58, 5.68, -0.2, 0.55, 0.87
18.19, 0.04, 4.36, -0.25, 0.53, 0.88
12.4, 0.18, 3.12, -0.21, 0.56, 0.89
10.63, -0.77, 2.93, -0.18, 0.57, 0.89
7.02, -1.42, 2.0, -0.2, 0.56, 0.88
5.35, -0.41, 1.61, -0.2, 0.55, 0.86
4.77, -0.4, 0.83, -0.21, 0.55, 0.87
4.07, -2.67, 1.25, -0.21, 0.57, 0.88
-2.42, -2.45, 0.83, -0.18, 0.59, 0.89
-11.86, -1.74, 0.41, -0.18, 0.58, 0.89
-17.65, 0.45, -1.02, -0.18, 0.57, 0.86
-19.64, 1.21, -2.2, -0.19, 0.56, 0.87
-22.91, -1.25, -2.54, -0.17, 0.57, 0.88
-35.12, 0.29, -2.95, -0.16, 0.57, 0.89
-38.67, 0.46, -4.1, -0.18, 0.55, 0.89
-42.16, 0.28, -1.56, -0.15, 0.48, 0.86
-31.22, 1.87, 3.62, -0.18, 0.52, 0.86
-20.05, 2.19, 8.35, -0.17, 0.5, 0.85
-9.22, 1.79, 11.65, -0.16, 0.52, 0.86
-6.41, 0.07, 14.32, -0.16, 0.52, 0.9
-6.0, 1.25, 16.53, -0.21, 0.49, 0.9
-3.93, 3.24, 20.05, -0.18, 0.51, 0.9
-2.76, 4.74, 22.1, -0.18, 0.51, 0.89
-1.67, 6.78, 24.51, -0.18, 0.52, 0.88
0.25, 8.96, 25.98, -0.18, 0.53, 0.87
1.32, 10.96, 27.54, -0.16, 0.53, 0.87
2.7, 12.16, 29.61, -0.17, 0.54, 0.88
7.2, 12.74, 31.74, -0.17, 0.52, 0.86
11.44, 13.45, 33.91, -0.17, 0.54, 0.86
12.19, 15.08, 35.04, -0.16, 0.54, 0.85
11.9, 17.08, 35.23, -0.16, 0.53, 0.85
8.87, 19.5, 35.27, -0.16, 0.52, 0.85
6.24, 21.21, 35.45, -0.17, 0.52, 0.85
1.29, 23.9, 35.94, -0.15, 0.52, 0.84
4.0, 25.54, 36.88, -0.16, 0.49, 0.82
7.54, 26.48, 36.93, -0.17, 0.52, 0.85
3.09, 25.73, 32.51, -0.19, 0.54, 0.88
-3.77, 23.25, 28.17, -0.21, 0.54, 0.94
-24.3, 20.31, 25.78, -0.2, 0.49, 0.95
-32.26, 17.47, 25.61, -0.21, 0.46, 0.94
-31.0, 16.45, 26.08, -0.21, 0.46, 0.93
-22.92, 15.54, 29.28, -0.21, 0.45, 0.91
-15.13, 15.72, 30.35, -0.2, 0.48, 0.93
-8.67, 19.31, 29.47, -0.21, 0.45, 0.9
-4.71, 20.41, 29.1, -0.22, 0.45, 0.91
-2.64, 22.15, 27.4, -0.2, 0.47, 0.92
-3.7, 23.91, 27.32, -0.2, 0.46, 0.9
-4.54, 25.59, 27.64, -0.2, 0.46, 0.9
-3.4, 26.07, 28.44, -0.21, 0.46, 0.9
-2.77, 23.43, 29.27, -0.19, 0.49, 0.94
-7.82, 22.14, 28.87, -0.2, 0.48, 0.91
-6.48, 21.53, 27.96, -0.2, 0.48, 0.88
-6.42, 21.12, 26.41, -0.21, 0.49, 0.86
-6.19, 19.56, 24.16, -0.21, 0.48, 0.84
-4.29, 19.0, 22.35, -0.22, 0.5, 0.87
-7.1, 16.74, 20.36, -0.23, 0.48, 0.87
-9.0, 15.36, 18.99, -0.22, 0.48, 0.89
-11.45, 14.29, 17.29, -0.22, 0.48, 0.89
-15.0, 14.77, 15.61, -0.22, 0.46, 0.88
-17.29, 14.96, 15.38, -0.21, 0.45, 0.9
-17.23, 14.39, 15.78, -0.21, 0.43, 0.92
-14.52, 12.74, 17.0, -0.21, 0.43, 0.93
-10.56, 12.03, 18.95, -0.21, 0.41, 0.92
-6.09, 13.06, 21.09, -0.21, 0.42, 0.9
-2.44, 14.04, 21.83, -0.21, 0.43, 0.9
-2.1, 14.94, 21.45, -0.2, 0.44, 0.9
-1.84, 16.88, 20.83, -0.21, 0.46, 0.9
-0.25, 17.03, 20.41, -0.22, 0.45, 0.9
0.55, 16.38, 19.2, -0.23, 0.47, 0.92
-0.03, 15.7, 18.97, -0.24, 0.48, 0.94
-1.03, 17.05, 17.22, -0.25, 0.5, 0.95
-1.96, 19.22, 15.35, -0.28, 0.5, 0.93
0.93, 22.93, 12.5, -0.27, 0.51, 0.94
3.54, 26.98, 12.38, -0.26, 0.49, 0.92
10.03, 29.77, 12.39, -0.26, 0.48, 0.9
15.05, 32.38, 12.65, -0.25, 0.5, 0.89
17.16, 33.84, 12.8, -0.26, 0.49, 0.87
20.58, 35.16, 12.89, -0.26, 0.49, 0.85
20.5, 36.06, 12.79, -0.26, 0.48, 0.84
21.81, 35.19, 12.33, -0.26, 0.48, 0.82
20.64, 34.32, 10.94, -0.25, 0.44, 0.81
22.47, 31.02, 9.26, -0.24, 0.44, 0.82
19.35, 26.93, 7.01, -0.24, 0.44, 0.83
12.14, 23.01, 5.42, -0.23, 0.43, 0.85
3.48, 18.22, 3.63, -0.24, 0.44, 0.87
-3.58, 11.93, 0.96, -0.25, 0.42, 0.88
-9.22, 5.89, -1.21, -0.27, 0.42, 0.91
-17.09, -0.06, -1.6, -0.28, 0.42, 0.93
-16.76, -0.25, 3.74, -0.26, 0.39, 0.87
-6.46, -2.96, 6.31, -0.27, 0.42, 0.86
0.48, -4.38, 9.61, -0.27, 0.46, 0.87
0.22, -3.98, 12.19, -0.28, 0.47, 0.86
-0.43, -2.43, 13.6, -0.29, 0.49, 0.87
-0.63, -1.33, 14.38, -0.3, 0.52, 0.85
1.33, -0.48, 14.22, -0.3, 0.53, 0.85
3.47, -0.4, 13.02, -0.3, 0.55, 0.85
5.38, -0.06, 12.22, -0.3, 0.55, 0.85
8.76, 0.0, 10.99, -0.3, 0.55, 0.84
11.43, -0.1, 10.35, -0.28, 0.56, 0.84
12.7, -0.07, 8.76, -0.28, 0.57, 0.84
14.99, 0.14, 7.58, -0.27, 0.57, 0.83
14.25, 0.2, 6.7, -0.26, 0.57, 0.82
14.82, -0.22, 6.16, -0.26, 0.57, 0.81
13.96, -0.91, 6.1, -0.25, 0.59, 0.83
12.87, -1.51, 5.32, -0.25, 0.57, 0.81
13.54, -2.68, 5.48, -0.24, 0.58, 0.81
13.48, -3.46, 4.85, -0.25, 0.56, 0.81
15.35, -4.59, 5.14, -0.26, 0.57, 0.82
14.74, -5.61, 5.36, -0.25, 0.57, 0.83
15.22, -6.77, 5.64, -0.26, 0.58, 0.82
14.28, -8.54, 5.32, -0.25, 0.58, 0.83
14.29, -11.02, 3.58, -0.26, 0.58, 0.84
10.64, -14.4, 0.78, -0.26, 0.58, 0.87
2.61, -17.8, -2.41, -0.28, 0.59, 0.9
-6.94, -22.99, -7.51, -0.28, 0.59, 0.92
-18.96, -28.85, -14.21, -0.27, 0.6, 0.94
-35.43, -34.58, -20.09, -0.28, 0.56, 0.96
-51.61, -39.83, -26.85, -0.28, 0.55, 0.96
-65.25, -44.98, -32.49, -0.27, 0.52, 0.96
-73.4, -46.02, -33.24, -0.25, 0.47, 0.93
-66.93, -48.65, -33.54, -0.26, 0.47, 0.91
-58.53, -49.97, -33.59, -0.25, 0.46, 0.91
-47.78, -46.8, -32.17, -0.25, 0.43, 0.9
-39.44, -44.5, -30.93, -0.24, 0.42, 0.9
-30.42, -40.19, -29.26, -0.21, 0.42, 0.89
-22.27, -34.81, -27.6, -0.2, 0.41, 0.89
-13.32, -31.13, -26.48, -0.19, 0.42, 0.9
-8.68, -24.03, -26.69, -0.16, 0.4, 0.88
-4.65, -19.41, -26.76, -0.15, 0.39, 0.85
0.45, -16.77, -25.66, -0.15, 0.41, 0.85
6.44, -18.23, -25.0, -0.17, 0.42, 0.86
7.92, -19.08, -25.83, -0.16, 0.41, 0.87
6.51, -19.61, -26.83, -0.13, 0.39, 0.86
3.91, -20.41, -29.03, -0.13, 0.41, 0.89
-1.99, -20.39, -30.6, -0.14, 0.42, 0.88
-1.5, -20.01, -30.73, -0.16, 0.41, 0.87
1.61, -19.95, -29.05, -0.16, 0.4, 0.87
7.26, -20.06, -27.62, -0.14, 0.43, 0.9
5.64, -17.83, -27.1, -0.15, 0.46, 0.91
6.83, -15.27, -27.07, -0.16, 0.46, 0.91
12.56, -13.18, -26.29, -0.16, 0.46, 0.9
18.79, -11.95, -25.16, -0.17, 0.46, 0.91
23.29, -10.31, -24.82, -0.17, 0.46, 0.9
22.73, -8.38, -23.77, -0.15, 0.5, 0.94
18.91, -8.67, -24.11, -0.16, 0.51, 0.93
18.8, -9.12, -24.48, -0.17, 0.5, 0.93
18.56, -9.27, -24.74, -0.18, 0.49, 0.91
19.69, -10.24, -24.33, -0.17, 0.51, 0.92
15.7, -13.5, -22.77, -0.17, 0.54, 0.95
8.61, -14.77, -21.84, -0.18, 0.56, 0.97
2.59, -15.79, -22.82, -0.17, 0.53, 0.95
-1.09, -14.54, -24.45, -0.16, 0.5, 0.94
-1.71, -12.84, -25.77, -0.17, 0.48, 0.93
-1.0, -11.58, -27.41, -0.17, 0.48, 0.93
-0.91, -10.49, -27.83, -0.17, 0.48, 0.94
-0.51, -10.27, -27.63, -0.18, 0.48, 0.93
-1.45, -10.7, -27.25, -0.18, 0.49, 0.95
-4.16, -11.69, -27.69, -0.17, 0.48, 0.93
-5.73, -14.31, -28.26, -0.16, 0.49, 0.93
-7.98, -15.06, -28.69, -0.16, 0.47, 0.9
-10.37, -15.78, -29.0, -0.14, 0.48, 0.9
-12.29, -15.32, -29.08, -0.13, 0.49, 0.89
-13.68, -14.19, -27.99, -0.13, 0.48, 0.86
-8.68, -13.02, -26.34, -0.13, 0.47, 0.85
-3.93, -11.73, -24.68, -0.12, 0.48, 0.84
3.74, -10.09, -23.16, -0.12, 0.49, 0.84
7.11, -7.93, -21.91, -0.13, 0.51, 0.85
8.48, -6.63, -21.7, -0.13, 0.48, 0.84
9.99, -4.79, -20.51, -0.13, 0.49, 0.83
12.83, -2.66, -18.74, -0.13, 0.47, 0.82
15.92, -1.68, -16.36, -0.14, 0.5, 0.83
17.48, -1.86, -15.2, -0.15, 0.52, 0.85
16.73, -3.0, -13.61, -0.15, 0.51, 0.87
14.88, -3.87, -12.48, -0.16, 0.53, 0.9
11.9, -3.58, -12.64, -0.16, 0.53, 0.9
9.32, -2.22, -13.25, -0.15, 0.52, 0.9
9.31, -0.45, -13.48, -0.15, 0.52, 0.9
7.32, 2.21, -13.7, -0.13, 0.51, 0.9
7.93, 5.7, -13.19, -0.14, 0.5, 0.88
8.57, 9.29, -12.22, -0.13, 0.5, 0.86
8.82, 11.79, -10.57, -0.13, 0.51, 0.86
6.74, 16.0, -8.58, -0.13, 0.49, 0.82
10.77, 15.55, -4.97, -0.1, 0.47, 0.81
27.03, 15.45, -3.61, -0.23, 0.67, 0.93
12.38, 9.71, -3.05, -0.21, 0.64, 1.0
-2.59, 5.06, -1.58, -0.22, 0.64, 1.02
-7.9, -1.85, -0.96, -0.23, 0.6, 0.99
-5.19, 0.5, -2.2, -0.22, 0.56, 0.93
-1.85, 2.42, -2.64, -0.21, 0.54, 0.93
-3.77, 4.32, -2.93, -0.2, 0.53, 0.93
-7.96, 5.22, -3.17, -0.19, 0.52, 0.91
-10.48, 5.16, -3.12, -0.18, 0.49, 0.89
-11.87, 4.65, -3.15, -0.18, 0.46, 0.86
-11.84, 4.2, -3.35, -0.18, 0.45, 0.86
-12.93, 3.45, -3.02, -0.19, 0.45, 0.85
-11.32, 2.2, -2.67, -0.2, 0.44, 0.87
-9.6, 0.88, -1.93, -0.2, 0.46, 0.91
-9.72, 1.62, -1.78, -0.2, 0.46, 0.94
-7.12, 2.06, -1.7, -0.21, 0.47, 0.94
-5.02, 2.39, -1.7, -0.21, 0.45, 0.93
-3.77, 2.77, -1.1, -0.21, 0.46, 0.93
-3.17, 3.27, -0.8, -0.2, 0.45, 0.91
-4.32, 3.24, -0.61, -0.19, 0.46, 0.9
-3.56, 2.78, -0.44, -0.19, 0.45, 0.89
-3.29, 2.83, -0.32, -0.2, 0.45, 0.89
-2.47, 1.89, -0.03, -0.2, 0.46, 0.89
-2.41, 1.65, -0.21, -0.21, 0.46, 0.9
-2.56, 1.42, 0.01, -0.21, 0.47, 0.91
-3.53, 1.35, 0.0, -0.2, 0.47, 0.91
-3.83, 1.03, -0.12, -0.21, 0.45, 0.91
-3.38, 0.73, -0.77, -0.21, 0.47, 0.91
-2.47, 1.77, -0.61, -0.2, 0.46, 0.91
-2.32, 1.58, -0.34, -0.21, 0.45, 0.91
-3.24, 1.43, -0.16, -0.2, 0.46, 0.91
-3.74, 1.57, -0.05, -0.2, 0.45, 0.9
-2.71, 1.92, -0.17, -0.2, 0.45, 0.9
-2.54, 1.41, -0.23, -0.21, 0.45, 0.91
-1.41, 0.93, -0.23, -0.2, 0.45, 0.9
-2.25, 1.18, 0.09, -0.21, 0.46, 0.91
-3.7, 1.2, 0.29, -0.21, 0.46, 0.9
-1.75, 1.95, -0.35, -0.2, 0.46, 0.9
-3.43, 2.09, 0.03, -0.2, 0.47, 0.91
-5.25, 2.06, -0.04, -0.2, 0.46, 0.91
-7.19, 2.17, 0.12, -0.21, 0.47, 0.91
-8.06, 2.17, 0.06, -0.2, 0.49, 0.92
-14.87, 2.19, 0.67, -0.2, 0.49, 0.89
-18.91, 0.97, 3.25, -0.27, 0.51, 0.87
-6.71, 1.8, -3.61, -0.22, 0.31, 0.84
3.19, -1.38, -3.64, -0.17, 0.41, 0.97
-10.61, 0.32, 0.42, -0.2, 0.44, 0.94
-4.77, 0.65, 0.09, -0.22, 0.39, 0.9
2.22, 0.22, 0.71, -0.22, 0.41, 0.92
0.94, 1.56, 1.79, -0.21, 0.43, 0.94
-0.21, 1.81, 2.29, -0.21, 0.45, 0.93
-0.05, 2.32, 2.11, -0.21, 0.46, 0.92
-0.32, 2.01, 1.04, -0.2, 0.47, 0.91
-2.23, 2.48, -0.06, -0.21, 0.49, 0.91
-4.71, 0.16, -0.96, -0.2, 0.48, 0.92
-5.91, 0.36, -1.94, -0.23, 0.45, 0.9
-6.09, 1.29, -1.99, -0.22, 0.44, 0.91
-6.64, 1.56, -1.67, -0.22, 0.43, 0.91
-8.17, 1.15, -1.0, -0.22, 0.43, 0.92
-9.57, 1.48, -0.92, -0.21, 0.43, 0.91
-10.14, 1.66, -0.89, -0.21, 0.43, 0.92
-9.54, 1.85, -0.96, -0.21, 0.42, 0.93
-8.54, 1.5, -0.85, -0.21, 0.41, 0.92
-6.86, 1.32, -1.06, -0.22, 0.41, 0.93
-7.07, 0.71, -0.64, -0.21, 0.41, 0.94
-5.4, 0.94, -0.73, -0.21, 0.4, 0.93
-5.0, 1.57, -0.09, -0.21, 0.4, 0.92
-3.9, 2.19, 0.18, -0.21, 0.4, 0.92
-3.04, 1.32, 0.29, -0.22, 0.42, 0.94
-3.66, 0.09, 1.12, -0.23, 0.43, 0.95
-4.67, -0.19, 1.12, -0.22, 0.43, 0.93
-4.19, -0.24, 1.23, -0.22, 0.44, 0.93
-5.73, 1.02, 1.22, -0.22, 0.45, 0.92
-5.0, 0.57, 1.45, -0.22, 0.47, 0.92
-10.45, -0.74, 1.26, -0.2, 0.5, 0.95
-20.9, 0.64, -0.01, -0.19, 0.5, 0.94
-27.23, 1.27, -1.84, -0.19, 0.49, 0.91
-29.23, 0.98, -3.26, -0.21, 0.46, 0.91
-31.89, 0.1, -1.86, -0.18, 0.43, 0.93
-23.78, -0.61, 4.22, -0.18, 0.45, 0.92
-16.29, -1.04, 11.51, -0.19, 0.45, 0.91
-5.87, -1.17, 12.85, -0.2, 0.46, 0.9
-7.32, -0.45, 11.74, -0.2, 0.46, 0.94
-12.98, 0.6, 12.49, -0.2, 0.43, 0.95
-13.16, 0.9, 16.8, -0.21, 0.42, 0.94
-7.41, 2.11, 22.29, -0.21, 0.43, 0.93
0.72, 2.72, 27.37, -0.21, 0.44, 0.92
7.21, 3.94, 29.41, -0.2, 0.46, 0.93
4.54, 6.81, 29.05, -0.19, 0.46, 0.92
0.49, 10.48, 27.49, -0.18, 0.43, 0.89
0.72, 12.32, 28.03, -0.18, 0.42, 0.9
-0.95, 14.21, 30.19, -0.18, 0.41, 0.88
3.58, 15.67, 33.55, -0.18, 0.4, 0.86
10.0, 16.38, 34.49, -0.19, 0.43, 0.88
10.21, 15.73, 33.34, -0.21, 0.45, 0.93
0.59, 15.5, 31.63, -0.2, 0.43, 0.95
-5.82, 15.7, 30.07, -0.21, 0.41, 0.93
-4.07, 16.2, 30.41, -0.22, 0.4, 0.92
-0.35, 17.04, 29.64, -0.22, 0.39, 0.92
0.77, 18.0, 28.06, -0.23, 0.39, 0.97
-3.25, 18.35, 26.62, -0.23, 0.36, 0.99
-4.87, 18.7, 25.09, -0.25, 0.35, 0.99
-6.04, 19.41, 22.82, -0.26, 0.33, 0.98
-5.41, 19.11, 23.28, -0.24, 0.29, 0.98
-3.34, 18.03, 24.59, -0.22, 0.32, 0.97
3.76, 17.75, 25.74, -0.23, 0.32, 0.94
8.09, 18.14, 25.59, -0.21, 0.33, 0.94
13.74, 17.31, 25.35, -0.22, 0.33, 0.93
14.53, 17.03, 25.41, -0.22, 0.34, 0.93
14.09, 15.91, 23.61, -0.22, 0.35, 0.94
8.54, 13.7, 18.75, -0.23, 0.36, 0.95
3.04, 12.38, 15.38, -0.23, 0.36, 0.94
-1.41, 10.68, 13.83, -0.23, 0.37, 0.94
-4.83, 8.25, 13.96, -0.23, 0.38, 0.93
-1.31, 6.9, 14.96, -0.23, 0.37, 0.91
4.09, 5.36, 16.33, -0.22, 0.39, 0.91
8.41, 5.41, 17.27, -0.23, 0.42, 0.92
8.23, 6.61, 19.32, -0.22, 0.44, 0.93
7.62, 8.34, 22.12, -0.22, 0.46, 0.92
10.82, 10.25, 24.37, -0.21, 0.48, 0.9
10.51, 13.34, 25.59, -0.2, 0.52, 0.9
9.1, 16.12, 25.77, -0.21, 0.53, 0.89
6.89, 17.07, 24.22, -0.22, 0.54, 0.88
2.7, 17.5, 23.14, -0.21, 0.54, 0.88
-0.38, 17.72, 22.83, -0.19, 0.54, 0.88
-0.92, 17.83, 23.77, -0.19, 0.53, 0.86
2.21, 17.62, 23.44, -0.19, 0.52, 0.84
6.02, 17.46, 22.83, -0.19, 0.52, 0.84
3.8, 17.18, 21.63, -0.21, 0.52, 0.85
1.0, 16.41, 19.65, -0.21, 0.51, 0.86
-2.89, 15.71, 19.17, -0.21, 0.49, 0.86
-7.0, 14.9, 19.97, -0.22, 0.49, 0.88
-7.09, 14.12, 21.63, -0.23, 0.46, 0.88
-1.96, 12.06, 22.24, -0.24, 0.46, 0.88
-1.51, 12.21, 21.56, -0.24, 0.45, 0.88
1.06, 12.28, 21.58, -0.24, 0.47, 0.89
0.44, 12.17, 20.11, -0.24, 0.46, 0.89
3.23, 12.22, 19.56, -0.24, 0.47, 0.89
2.96, 12.92, 19.05, -0.24, 0.46, 0.9
3.25, 13.01, 19.6, -0.25, 0.47, 0.9
3.7, 13.29, 19.62, -0.25, 0.47, 0.91
3.0, 14.45, 20.07, -0.25, 0.48, 0.9
4.32, 16.14, 21.09, -0.23, 0.47, 0.88
9.14, 15.69, 21.87, -0.24, 0.49, 0.89
10.12, 16.2, 22.99, -0.23, 0.5, 0.89
11.62, 16.57, 24.04, -0.23, 0.5, 0.88
13.77, 17.64, 24.56, -0.22, 0.51, 0.87
11.87, 19.38, 23.62, -0.22, 0.54, 0.84
6.0, 20.15, 21.49, -0.2, 0.55, 0.83
0.64, 20.97, 19.45, -0.21, 0.54, 0.83
-0.1, 18.8, 15.64, -0.24, 0.54, 0.83
-5.27, 15.43, 10.06, -0.24, 0.54, 0.84
-11.01, 11.17, 4.28, -0.25, 0.52, 0.88
-15.38, 7.52, 3.6, -0.26, 0.52, 0.89
-20.22, 5.36, 1.84, -0.25, 0.51, 0.89
-19.83, 3.42, 1.38, -0.25, 0.49, 0.88
-15.61, 3.24, 1.19, -0.25, 0.47, 0.86
-11.16, 3.96, 0.21, -0.24, 0.49, 0.88
-8.9, 3.25, -3.62, -0.26, 0.5, 0.9
-11.22, 2.29, -6.21, -0.27, 0.49, 0.91
-13.03, 1.03, -7.89, -0.27, 0.49, 0.92
-14.8, -0.09, -7.82, -0.26, 0.46, 0.9
-9.22, 0.07, -6.41, -0.25, 0.43, 0.88
-1.74, -0.25, -5.29, -0.25, 0.42, 0.87
2.52, -0.47, -5.0, -0.25, 0.43, 0.88
3.23, -0.8, -4.99, -0.27, 0.43, 0.9
2.23, -2.05, -3.27, -0.27, 0.42, 0.9
4.98, -2.54, -0.12, -0.27, 0.41, 0.88
7.83, -4.06, 1.93, -0.25, 0.42, 0.88
9.28, -4.87, 3.59, -0.25, 0.43, 0.88
8.6, -5.34, 5.22, -0.24, 0.44, 0.88
10.0, -5.35, 6.0, -0.24, 0.48, 0.88
5.33, -5.83, 5.87, -0.24, 0.5, 0.88
1.25, -5.86, 5.26, -0.23, 0.51, 0.89
0.0, -6.77, 4.25, -0.24, 0.53, 0.88
-0.32, -9.03, 1.97, -0.25, 0.54, 0.89
-6.61, -11.39, -1.61, -0.25, 0.55, 0.91
-13.38, -12.88, -3.94, -0.24, 0.53, 0.91
-16.84, -14.31, -6.45, -0.24, 0.51, 0.9
-15.06, -16.53, -7.77, -0.24, 0.51, 0.9
-13.22, -18.81, -9.16, -0.24, 0.5, 0.91
-10.87, -19.82, -9.67, -0.24, 0.49, 0.92
-10.12, -21.24, -11.42, -0.24, 0.48, 0.92
-10.26, -21.97, -12.99, -0.23, 0.47, 0.92
-13.09, -20.94, -14.17, -0.23, 0.46, 0.92
-14.54, -20.45, -14.7, -0.23, 0.45, 0.93
-14.33, -20.27, -14.55, -0.22, 0.44, 0.92
-14.06, -18.84, -13.57, -0.21, 0.44, 0.92
-13.97, -19.93, -12.93, -0.2, 0.46, 0.93
-15.83, -19.83, -12.54, -0.2, 0.45, 0.91
-15.38, -19.33, -12.12, -0.2, 0.43, 0.91
-10.42, -17.97, -12.34, -0.18, 0.41, 0.89
-2.45, -16.6, -11.88, -0.18, 0.41, 0.89
6.41, -16.69, -11.52, -0.19, 0.42, 0.9
9.25, -17.77, -12.54, -0.18, 0.43, 0.91
8.61, -17.93, -14.77, -0.18, 0.42, 0.91
5.35, -17.82, -16.83, -0.17, 0.41, 0.91
0.38, -17.06, -18.48, -0.17, 0.41, 0.92
-2.44, -17.86, -18.88, -0.18, 0.43, 0.93
-4.69, -18.97, -19.41, -0.17, 0.43, 0.91
-5.26, -19.46, -19.04, -0.17, 0.42, 0.91
-6.0, -20.63, -19.87, -0.17, 0.44, 0.91
-8.67, -20.45, -21.0, -0.16, 0.45, 0.9
-8.66, -19.18, -20.99, -0.16, 0.45, 0.89
-4.22, -18.36, -19.28, -0.16, 0.45, 0.9
2.83, -16.77, -17.61, -0.16, 0.46, 0.91
5.59, -15.64, -17.55, -0.16, 0.47, 0.92
3.6, -12.41, -16.89, -0.14, 0.5, 0.94
3.41, -10.43, -16.22, -0.15, 0.47, 0.91
5.87, -7.33, -15.03, -0.14, 0.45, 0.91
9.8, -6.07, -14.06, -0.15, 0.46, 0.91
13.71, -6.39, -14.1, -0.14, 0.46, 0.91
12.5, -6.38, -15.16, -0.13, 0.47, 0.93
8.33, -6.32, -17.61, -0.14, 0.47, 0.92
6.87, -7.62, -19.06, -0.15, 0.45, 0.92
4.35, -7.98, -21.3, -0.16, 0.46, 0.94
-1.96, -9.29, -24.17, -0.17, 0.45, 0.95
-7.96, -11.06, -29.15, -0.16, 0.44, 0.95
-15.16, -10.69, -30.93, -0.16, 0.45, 0.94
-13.71, -10.66, -31.01, -0.17, 0.39, 0.91
-4.58, -11.32, -27.85, -0.18, 0.4, 0.93
-0.97, -11.87, -25.26, -0.16, 0.43, 0.95
1.67, -11.54, -25.17, -0.16, 0.42, 0.92
3.41, -10.95, -25.93, -0.15, 0.41, 0.93
3.11, -10.48, -26.21, -0.15, 0.4, 0.92
3.41, -10.16, -25.0, -0.14, 0.4, 0.92
4.68, -10.89, -22.95, -0.14, 0.42, 0.93
5.38, -12.86, -22.57, -0.15, 0.44, 0.93
3.77, -13.74, -23.08, -0.14, 0.44, 0.93
0.72, -14.68, -24.38, -0.14, 0.45, 0.93
-1.21, -14.65, -25.0, -0.13, 0.44, 0.92
-1.35, -15.7, -24.9, -0.15, 0.45, 0.92
-0.7, -16.32, -23.83, -0.14, 0.45, 0.92
1.12, -16.54, -22.39, -0.14, 0.46, 0.91
4.27, -14.8, -21.75, -0.14, 0.47, 0.91
4.62, -13.28, -21.55, -0.15, 0.48, 0.92
6.09, -12.61, -20.93, -0.15, 0.46, 0.91
8.32, -10.87, -19.45, -0.14, 0.46, 0.91
10.55, -8.75, -18.67, -0.14, 0.46, 0.9
11.05, -6.75, -18.15, -0.12, 0.47, 0.9
8.49, -5.76, -18.23, -0.12, 0.49, 0.9
6.64, -4.28, -18.02, -0.12, 0.47, 0.89
6.8, -3.22, -16.54, -0.12, 0.47, 0.88
9.41, -2.75, -14.09, -0.14, 0.5, 0.88
8.8, -2.71, -13.97, -0.12, 0.5, 0.87
9.48, -2.61, -13.7, -0.12, 0.49, 0.88
8.51, -2.09, -13.26, -0.13, 0.5, 0.89
6.9, -1.48, -12.97, -0.13, 0.51, 0.89
5.88, -0.45, -12.35, -0.13, 0.5, 0.89
5.61, -0.12, -12.0, -0.13, 0.51, 0.88
5.61, 1.12, -11.35, -0.13, 0.5, 0.88
5.8, 2.91, -11.14, -0.14, 0.5, 0.88
5.33, 5.55, -10.68, -0.12, 0.5, 0.88
6.83, 6.64, -8.84, -0.14, 0.5, 0.88
6.67, 7.4, -7.42, -0.14, 0.51, 0.88
7.8, 7.39, -6.06, -0.15, 0.5, 0.88
8.72, 7.74, -5.04, -0.15, 0.49, 0.88
8.96, 8.42, -3.9, -0.16, 0.49, 0.88
8.69, 8.45, -2.92, -0.15, 0.5, 0.87
8.52, 9.12, -3.15, -0.15, 0.51, 0.88
8.2, 9.35, -2.93, -0.15, 0.51, 0.88
8.56, 10.41, -2.98, -0.16, 0.49, 0.88
9.27, 11.52, -2.06, -0.16, 0.49, 0.88
14.58, 10.92, -4.58, -0.2, 0.5, 0.91
5.92, 7.07, -3.92, -0.21, 0.49, 0.99
-0.2, 4.35, -1.84, -0.22, 0.51, 1.0
2.14, -0.09, -0.83, -0.23, 0.51, 0.99
4.67, -0.39, -0.33, -0.21, 0.51, 0.98
7.09, 1.39, 0.7, -0.19, 0.5, 0.96
7.08, 3.13, 0.7, -0.18, 0.5, 0.92
5.38, 4.57, 0.76, -0.17, 0.49, 0.88
5.17, 4.95, 0.72, -0.17, 0.48, 0.86
5.12, 4.8, 0.06, -0.18, 0.47, 0.85
4.62, 4.31, -0.04, -0.17, 0.47, 0.84
2.77, 4.07, 0.07, -0.17, 0.48, 0.86
1.65, 3.77, -0.4, -0.18, 0.49, 0.86
2.32, 3.19, -0.34, -0.19, 0.5, 0.87
0.77, 3.22, -0.58, -0.19, 0.52, 0.9
0.25, 2.64, -0.41, -0.2, 0.53, 0.92
-0.55, 2.29, -0.58, -0.21, 0.54, 0.93
-2.05, 1.64, -0.4, -0.19, 0.54, 0.92
-3.34, 2.66, -0.48, -0.2, 0.54, 0.92
-5.22, 2.98, -0.51, -0.19, 0.52, 0.9
-7.38, 3.06, -0.92, -0.2, 0.53, 0.89
-10.87, 3.87, -1.2, -0.18, 0.54, 0.87
-13.52, 3.92, -1.98, -0.19, 0.53, 0.86
-16.58, 3.47, -2.35, -0.18, 0.52, 0.87
-18.8, 3.35, -3.49, -0.19, 0.5, 0.87
-18.07, 2.58, -4.15, -0.2, 0.49, 0.9
-18.4, 0.87, -4.2, -0.2, 0.48, 0.92
-18.14, 2.12, -4.54, -0.21, 0.45, 0.91
-15.38, 1.13, -3.8, -0.21, 0.43, 0.92
-12.0, 1.09, -3.01, -0.2, 0.42, 0.92
-7.12, 1.27, -1.17, -0.21, 0.41, 0.92
-4.09, 1.59, -0.23, -0.21, 0.41, 0.92
-1.43, 1.51, 0.82, -0.21, 0.41, 0.93
1.49, 1.41, 1.65, -0.21, 0.42, 0.91
3.63, 1.12, 1.7, -0.2, 0.43, 0.91
5.36, 1.1, 1.93, -0.2, 0.44, 0.91
6.55, 1.11, 2.01, -0.2, 0.45, 0.91
7.35, 0.83, 1.97, -0.2, 0.47, 0.91
6.74, 0.93, 1.96, -0.2, 0.47, 0.9
6.17, 0.97, 1.99, -0.2, 0.47, 0.9
5.21, 1.04, 1.57, -0.2, 0.48, 0.9
3.74, 1.05, 1.3, -0.19, 0.48, 0.89
3.82, 0.87, 0.99, -0.2, 0.49, 0.9
2.37, 0.51, 0.64, -0.2, 0.48, 0.9
1.64, 0.59, 0.77, -0.2, 0.48, 0.9
1.18, 1.06, 0.53, -0.2, 0.48, 0.9
0.9, 0.71, 0.22, -0.2, 0.47, 0.91
0.27, 0.9, 0.54, -0.2, 0.47, 0.91
0.73, 1.09, 0.38, -0.2, 0.47, 0.91
1.03, 1.37, 1.19, -0.2, 0.47, 0.9
1.1, 1.22, 0.99, -0.2, 0.47, 0.9
1.09, 1.14, 1.17, -0.2, 0.47, 0.9
0.64, 1.4, 1.3, -0.19, 0.48, 0.91
-0.37, 1.32, 1.14, -0.19, 0.48, 0.9
-1.53, 1.44, 0.96, -0.19, 0.48, 0.9
-1.13, 1.28, 0.68, -0.2, 0.48, 0.9
-1.16, 1.46, 0.41, -0.2, 0.48, 0.9
-1.18, 1.67, 0.08, -0.21, 0.48, 0.89
0.55, 0.59, 0.0, -0.19, 0.49, 0.92
-1.6, 0.67, 0.12, -0.2, 0.48, 0.9
-2.65, 2.04, 0.17, -0.19, 0.48, 0.9
-3.04, 1.7, 0.16, -0.2, 0.48, 0.89
-3.33, 1.78, -0.21, -0.19, 0.49, 0.91
-8.12, 2.12, 0.34, -0.19, 0.52, 0.9
-3.73, 1.87, -1.64, -0.22, 0.44, 0.9
-3.29, 1.5, -0.64, -0.18, 0.47, 0.91
-5.96, 1.55, -0.67, -0.21, 0.47, 0.9
-3.83, 0.91, -0.64, -0.2, 0.45, 0.89
-3.08, 0.77, -0.29, -0.2, 0.46, 0.91
-3.5, 1.51, 0.19, -0.2, 0.47, 0.91
-2.76, 1.09, 0.01, -0.2, 0.46, 0.9
-2.82, 1.39, 0.03, -0.2, 0.46, 0.9
-1.9, 1.55, 0.51, -0.2, 0.46, 0.91
-1.4, 1.7, 0.19, -0.2, 0.46, 0.9
-1.29, 1.34, -0.06, -0.21, 0.47, 0.9
-1.48, 1.68, 0.35, -0.2, 0.46, 0.91
-1.4, 1.42, 0.6, -0.2, 0.46, 0.9
-1.68, 1.46, 0.1, -0.2, 0.46, 0.89
-1.59, 1.78, 0.55, -0.2, 0.46, 0.91
-2.11, 1.56, 0.26, -0.2, 0.47, 0.9
-1.61, 1.18, 0.04, -0.2, 0.47, 0.9
-2.34, 1.53, 0.36, -0.2, 0.47, 0.91
-2.75, 2.36, -0.1, -0.2, 0.47, 0.89
-2.51, 1.55, -0.19, -0.2, 0.47, 0.91
-2.99, 1.45, -0.41, -0.2, 0.47, 0.9
-3.35, 1.35, -0.41, -0.2, 0.46, 0.91
-3.51, 1.37, 0.06, -0.21, 0.46, 0.91
-3.05, 1.12, -0.2, -0.2, 0.46, 0.91
-4.87, 1.74, -0.22, -0.2, 0.47, 0.91
-5.41, 1.96, -0.55, -0.2, 0.47, 0.91
-5.83, 1.93, -0.72, -0.21, 0.46, 0.9
-5.83, 1.8, -0.78, -0.21, 0.46, 0.91
-4.95, 1.65, -1.01, -0.21, 0.45, 0.91
-4.04, 1.13, -0.61, -0.2, 0.45, 0.91
-3.71, 1.12, -0.3, -0.2, 0.44, 0.92
-2.33, 1.28, -0.13, -0.21, 0.44, 0.91
-1.87, 1.46, -0.07, -0.21, 0.44, 0.92
-0.59, 1.19, 0.25, -0.21, 0.44, 0.92
0.55, 1.37, 0.78, -0.21, 0.44, 0.91
1.41, 1.31, 0.93, -0.21, 0.44, 0.91
2.58, 1.38, 1.04, -0.21, 0.44, 0.91
4.19, 0.9, 0.91, -0.21, 0.45, 0.9
4.23, 0.93, 1.0, -0.21, 0.45, 0.91
3.63, 0.9, 1.11, -0.2, 0.46, 0.91
2.88, 0.97, 1.34, -0.21, 0.46, 0.91
1.95, 0.96, 1.22, -0.21, 0.47, 0.91
1.75, 1.22, 1.06, -0.2, 0.46, 0.9
1.83, 0.56, 0.96, -0.21, 0.47, 0.9
2.09, 1.62, 0.38, -0.22, 0.47, 0.9
1.29, 1.17, 0.76, -0.2, 0.47, 0.91
0.5, 0.64, 0.61, -0.21, 0.46, 0.89
-0.41, 1.1, 0.66, -0.2, 0.47, 0.9
-1.03, 0.96, 0.86, -0.21, 0.47, 0.9
-2.37, 1.13, 0.72, -0.2, 0.47, 0.9
-3.67, 3.56, -0.96, -0.24, 0.45, 0.88
-3.48, 4.09, -0.56, -0.19, 0.47, 0.9
-3.3, -0.16, -0.23, -0.2, 0.46, 0.91
-4.94, -0.37, -0.29, -0.2, 0.46, 0.91
-5.07, 0.8, -0.36, -0.2, 0.46, 0.9
-5.0, 1.48, -0.09, -0.21, 0.45, 0.9
-5.1, 1.35, -0.19, -0.21, 0.45, 0.91
-5.32, 1.19, -0.12, -0.21, 0.45, 0.9
-4.57, 1.15, -0.03, -0.21, 0.45, 0.91
-3.93, 1.08, 0.03, -0.21, 0.45, 0.91
-3.28, 1.27, 0.12, -0.21, 0.45, 0.91
-2.93, 0.91, 0.34, -0.21, 0.45, 0.91
-2.87, 1.38, 0.38, -0.21, 0.45, 0.91
-2.35, 1.29, 0.41, -0.21, 0.45, 0.91
-2.85, 1.19, 0.29, -0.21, 0.45, 0.91
-2.37, 1.38, 0.42, -0.2, 0.45, 0.91
-2.41, 1.19, 0.32, -0.21, 0.45, 0.91
-2.06, 1.27, 0.47, -0.22, 0.45, 0.91
-1.58, 0.86, 0.45, -0.21, 0.45, 0.91
-1.69, 0.91, 0.28, -0.21, 0.45, 0.91
-2.19, 1.25, 0.51, -0.2, 0.45, 0.92
-2.06, 1.36, 0.12, -0.21, 0.45, 0.92
-2.48, 1.02, 0.51, -0.21, 0.45, 0.91
-2.37, 1.07, 0.25, -0.21, 0.44, 0.91
-1.75, 1.09, 0.47, -0.21, 0.45, 0.91
-1.91, 1.02, 0.58, -0.21, 0.45, 0.91
-1.87, 1.25, 0.45, -0.21, 0.45, 0.91
-2.2, 1.06, 0.52, -0.21, 0.44, 0.91
-1.69, 0.33, 0.6, -0.21, 0.44, 0.91
-0.74, 0.51, 0.7, -0.21, 0.44, 0.91
-0.12, 0.5, 0.35, -0.21, 0.44, 0.91
-0.06, 0.68, 0.53, -0.21, 0.44, 0.91
-0.02, 0.59, 0.81, -0.21, 0.44, 0.92
0.54, 0.53, 0.85, -0.21, 0.44, 0.91
0.9, 0.54, 0.83, -0.21, 0.45, 0.91
1.44, 0.33, 1.01, -0.2, 0.44, 0.91
1.41, 0.0, 0.67, -0.21, 0.45, 0.92
1.34, 0.29, 0.86, -0.21, 0.45, 0.91
0.93, 0.32, 0.59, -0.2, 0.45, 0.91
0.64, 0.83, 0.29, -0.2, 0.45, 0.92
0.66, 1.08, 0.43, -0.21, 0.45, 0.91
0.37, 1.06, 0.58, -0.2, 0.44, 0.92
1.19, 1.04, 1.0, -0.21, 0.45, 0.91
0.77, 1.17, 1.05, -0.21, 0.46, 0.91
0.16, 1.43, 1.03, -0.2, 0.46, 0.9
-0.27, 1.24, 0.67, -0.2, 0.47, 0.91
-1.06, 1.23, 0.24, -0.21, 0.46, 0.91
-1.18, 1.33, 0.39, -0.21, 0.45, 0.91
-0.36, 1.08, 0.59, -0.21, 0.45, 0.91
-0.77, 1.08, 0.58, -0.21, 0.44, 0.91
-0.77, 0.91, 0.73, -0.21, 0.46, 0.91
-0.7, 0.78, 0.75, -0.2, 0.45, 0.91
-0.63, 1.01, 0.57, -0.2, 0.45, 0.92
-1.88, 1.46, 0.19, -0.19, 0.45, 0.91
-2.35, 1.64, 0.35, -0.2, 0.45, 0.91
-0.89, 1.41, 0.0, -0.21, 0.43, 0.91
-0.19, 0.85, 0.79, -0.21, 0.44, 0.92
1.8, 0.84, 0.93, -0.22, 0.44, 0.91
3.61, 0.83, 1.16, -0.21, 0.44, 0.91
5.0, 0.24, 1.56, -0.21, 0.45, 0.91
4.54, 0.11, 1.25, -0.2, 0.46, 0.9
3.18, 0.06, 1.35, -0.2, 0.46, 0.9
1.64, 0.51, 0.83, -0.2, 0.47, 0.9
1.03, 0.45, 0.35, -0.2, 0.47, 0.9
2.38, 0.76, 0.13, -0.22, 0.45, 0.9
5.74, 0.26, 0.48, -0.21, 0.46, 0.91
4.65, 0.11, 1.32, -0.21, 0.45, 0.92
3.58, 1.16, 1.56, -0.2, 0.46, 0.91
3.62, 0.75, 1.77, -0.2, 0.47, 0.91
2.13, 1.91, 1.81, -0.2, 0.47, 0.9
1.86, 1.59, 1.82, -0.21, 0.47, 0.9
1.77, 1.54, 1.54, -0.21, 0.47, 0.9
1.45, 1.03, 1.29, -0.21, 0.47, 0.9
1.96, 1.01, 1.26, -0.2, 0.47, 0.91
2.32, 1.22, 1.0, -0.2, 0.47, 0.9
1.73, 1.06, 0.88, -0.21, 0.47, 0.9
1.64, 1.18, 0.83, -0.2, 0.47, 0.9
1.16, 1.04, 0.58, -0.2, 0.47, 0.89
2.01, 0.96, 0.19, -0.2, 0.47, 0.9
2.44, 0.86, 0.54, -0.21, 0.46, 0.9
3.0, 0.5, 0.29, -0.21, 0.47, 0.9
3.58, 0.27, 0.12, -0.2, 0.47, 0.91
3.81, 0.91, 0.29, -0.21, 0.46, 0.9
5.36, 0.57, 0.9, -0.21, 0.47, 0.9
5.22, 0.7, 1.13, -0.2, 0.48, 0.9
5.83, 0.99, 1.48, -0.21, 0.49, 0.89
4.63, 0.81, 1.34, -0.2, 0.5, 0.9
2.12, 1.61, 1.67, -0.2, 0.51, 0.88
-0.46, 1.42, 0.91, -0.2, 0.52, 0.89
-4.25, 1.98, -0.01, -0.21, 0.53, 0.88
-7.72, 1.83, -0.39, -0.2, 0.52, 0.87
-11.12, 2.25, -0.58, -0.2, 0.53, 0.88
-15.08, 1.6, -1.27, -0.2, 0.53, 0.89
-18.07, 1.82, -2.4, -0.2, 0.51, 0.88
-20.09, 1.92, -3.34, -0.2, 0.49, 0.89
-22.21, 1.87, -4.23, -0.2, 0.49, 0.89
-23.06, 1.45, -4.19, -0.21, 0.46, 0.9
-22.7, 1.97, -4.94, -0.22, 0.45, 0.91
-23.06, 1.68, -4.38, -0.21, 0.43, 0.92
-20.96, 2.14, -4.87, -0.21, 0.43, 0.92
-19.93, 1.11, -3.9, -0.18, 0.42, 0.92
-19.61, 0.97, -3.37, -0.21, 0.41, 0.92
-17.58, 1.75, -3.27, -0.23, 0.4, 0.93
-14.36, 1.87, -3.38, -0.21, 0.38, 0.92
-11.17, 1.53, -2.8, -0.23, 0.38, 0.93
-8.39, 1.27, -2.24, -0.21, 0.39, 0.93
-9.87, 1.22, -1.74, -0.2, 0.4, 0.93
-10.87, 2.1, -1.06, -0.21, 0.42, 0.92
-9.74, 1.9, -0.57, -0.22, 0.42, 0.92
-11.66, 1.97, -1.34, -0.21, 0.45, 0.93
-13.77, 2.37, -1.84, -0.22, 0.45, 0.92
-17.89, 3.0, -3.07, -0.21, 0.45, 0.92
-21.29, 2.66, -3.72, -0.21, 0.45, 0.92
-27.01, 2.35, -5.19, -0.21, 0.45, 0.92
-36.06, 3.16, -6.23, -0.21, 0.44, 0.92
-41.0, 2.69, -7.15, -0.22, 0.44, 0.92
-46.79, 3.01, -8.67, -0.21, 0.41, 0.93
-50.79, 3.13, -9.78, -0.23, 0.39, 0.94
-52.75, 2.45, -10.28, -0.22, 0.37, 0.94
-54.98, 2.23, -11.04, -0.23, 0.34, 0.96
-49.16, 1.95, -12.1, -0.22, 0.33, 0.96
-51.64, 4.66, -12.34, -0.2, 0.28, 0.93
-42.94, 2.14, -12.11, -0.25, 0.24, 1.0
-51.58, 3.83, -10.05, -0.19, 0.22, 0.96
-42.67, 1.51, -9.67, -0.26, 0.17, 0.99
-39.51, 2.72, -8.28, -0.23, 0.15, 0.98
-33.45, 2.65, -7.07, -0.25, 0.12, 0.98
-26.09, 2.11, -4.61, -0.25, 0.12, 1.0
-21.41, 2.2, -2.69, -0.24, 0.12, 0.99
-15.7, 1.37, -0.92, -0.24, 0.12, 1.0
-10.01, 1.19, 0.45, -0.25, 0.12, 0.99
-2.13, 0.52, 1.96, -0.24, 0.14, 0.99
2.29, -0.46, 3.26, -0.28, 0.18, 1.0
2.68, 4.61, 2.59, -0.21, 0.2, 0.97
7.84, -1.24, 2.77, -0.25, 0.23, 0.99
1.54, -0.71, 2.19, -0.21, 0.23, 0.99
2.44, 0.35, 1.52, -0.25, 0.22, 0.98
4.54, -0.09, 0.02, -0.23, 0.22, 0.99
4.05, -0.65, 0.03, -0.23, 0.21, 0.99
7.24, -0.21, -0.4, -0.23, 0.18, 0.99
9.5, -1.0, 0.12, -0.25, 0.18, 0.98
7.62, -0.94, 1.0, -0.22, 0.21, 0.99
5.18, -1.2, 1.6, -0.23, 0.23, 1.0
4.87, -3.03, 1.49, -0.22, 0.23, 0.98
2.97, 0.35, 1.12, -0.22, 0.24, 0.94
2.27, -0.15, 0.74, -0.23, 0.27, 0.97
-4.24, -0.06, 0.2, -0.21, 0.3, 1.0
-6.52, 2.2, -0.88, -0.26, 0.29, 0.96
-6.15, -1.51, -1.67, -0.22, 0.29, 0.99
-15.89, 1.17, -3.03, -0.22, 0.27, 1.01
-21.21, 1.69, -3.12, -0.23, 0.24, 0.99
-18.38, 2.03, -4.4, -0.24, 0.18, 0.96
-12.18, 0.05, -3.87, -0.22, 0.2, 0.99
-14.88, 1.17, -3.25, -0.23, 0.19, 1.0
-16.09, 2.16, -2.19, -0.23, 0.2, 1.0
-16.59, 1.83, -1.77, -0.22, 0.19, 0.98
-10.77, 0.91, -2.07, -0.26, 0.12, 0.95
7.9, -3.35, -1.99, -0.22, 0.1, 0.98
6.65, -3.86, 0.16, -0.24, 0.15, 1.04
1.7, -0.28, 1.81, -0.22, 0.18, 1.0
-0.82, 3.7, 2.38, -0.22, 0.23, 1.0
-5.3, 2.35, 3.73, -0.24, 0.26, 1.01
-9.25, 2.93, 2.17, -0.24, 0.2, 0.99
-4.11, 2.02, 0.27, -0.24, 0.17, 0.98
2.8, 2.12, -1.01, -0.26, 0.13, 0.97
10.04, 0.16, -0.48, -0.24, 0.15, 0.98
13.93, 0.48, 0.9, -0.25, 0.16, 0.99
9.37, 0.09, 1.85, -0.22, 0.2, 1.02
4.3, 1.14, 1.95, -0.24, 0.16, 1.0
9.54, 0.13, 1.93, -0.24, 0.17, 0.98
10.7, 0.0, 2.81, -0.24, 0.24, 0.98
7.87, -0.02, 3.44, -0.25, 0.28, 0.98
5.15, -0.96, 2.41, -0.24, 0.33, 0.99
-5.71, 0.58, 1.53, -0.23, 0.38, 0.99
-25.84, 1.01, 0.16, -0.21, 0.41, 0.99
-45.77, 2.48, -3.98, -0.22, 0.41, 1.01
-54.41, 3.32, -7.03, -0.23, 0.33, 0.97
-56.06, 1.28, -10.83, -0.23, 0.28, 0.97
-56.88, 2.58, -13.93, -0.24, 0.2, 0.95
-54.81, 1.92, -15.72, -0.24, 0.16, 0.98
-56.16, 0.58, -15.44, -0.24, 0.12, 1.01
-55.53, 1.66, -15.16, -0.25, 0.05, 1.0
-51.26, 1.92, -13.51, -0.23, 0.02, 1.01
-50.81, 3.82, -11.6, -0.23, 0.0, 1.0
-46.02, 4.74, -9.38, -0.23, -0.01, 0.99
-41.29, 5.89, -7.77, -0.22, -0.02, 1.0
-37.08, 4.9, -6.19, -0.23, -0.02, 1.0
-32.27, 3.48, -5.22, -0.25, -0.03, 0.99
-26.52, 2.25, -4.04, -0.25, -0.04, 1.0
-22.06, 0.61, -2.32, -0.26, -0.02, 1.02
-25.48, 3.25, -1.09, -0.24, -0.01, 0.99
-22.9, 3.12, -0.61, -0.24, 0.01, 1.0
-23.37, 2.8, -0.93, -0.23, 0.01, 1.01
-20.04, 2.76, -1.82, -0.25, -0.02, 0.99
-12.75, 1.37, -2.38, -0.26, -0.04, 0.99
-6.77, 1.26, -2.73, -0.25, -0.04, 1.01
-3.8, 2.17, -2.66, -0.24, -0.04, 1.01
-2.63, 3.34, -1.68, -0.24, -0.05, 1.02
-3.69, 3.8, -0.46, -0.23, -0.04, 1.01
-4.82, 4.43, 0.09, -0.23, -0.03, 1.0
-3.83, 4.18, 0.61, -0.24, -0.03, 0.99
-2.58, 3.32, 0.43, -0.25, -0.03, 0.99
1.48, 2.3, 0.74, -0.26, -0.03, 0.99
3.09, 1.68, 1.76, -0.26, -0.03, 1.01
3.26, 1.05, 2.09, -0.27, -0.01, 1.03
2.35, 0.58, 3.03, -0.26, 0.0, 1.03
-0.52, 1.48, 2.87, -0.25, 0.0, 1.0
-0.84, 1.82, 2.26, -0.24, 0.01, 0.99
-0.54, 2.25, 1.55, -0.25, 0.0, 0.99
-1.2, 1.38, 1.23, -0.25, 0.0, 1.0
-2.71, 1.23, 1.09, -0.26, 0.0, 1.01
-4.22, 0.83, 1.0, -0.25, 0.0, 1.0
-5.9, 0.49, 0.73, -0.25, 0.0, 1.0
-6.52, 0.27, 0.22, -0.25, 0.0, 0.99
-4.93, 0.45, 0.02, -0.26, -0.01, 0.99
-1.34, 0.8, -0.11, -0.26, -0.03, 1.02
4.25, 1.75, 0.27, -0.27, -0.03, 1.05
6.32, 2.27, 0.93, -0.26, -0.02, 1.06
6.48, 4.63, 0.88, -0.26, -0.02, 1.03
12.87, 7.41, 0.53, -0.27, 0.0, 1.04
9.59, 10.25, 0.26, -0.28, 0.02, 1.04
0.08, 11.02, -0.09, -0.27, 0.01, 1.04
-4.38, 12.88, -1.23, -0.27, 0.02, 1.01
-4.54, 13.95, -1.99, -0.29, 0.0, 0.99
-2.41, 13.0, -1.83, -0.28, -0.03, 0.99
-3.44, 12.83, -1.14, -0.28, -0.02, 0.98
-0.43, 13.4, -2.02, -0.27, 0.0, 0.98
1.35, 11.62, -2.06, -0.25, -0.03, 0.96
0.97, 9.64, -2.01, -0.25, -0.02, 0.94
3.63, 8.23, -2.02, -0.25, -0.03, 0.95
4.48, 5.67, -0.92, -0.24, -0.04, 0.93
6.12, 3.3, -0.13, -0.24, -0.02, 0.95
7.61, 0.83, 0.61, -0.26, 0.0, 0.97
7.14, 0.19, 0.77, -0.29, -0.02, 0.98
9.69, -0.7, 0.89, -0.29, -0.01, 1.0
11.47, 0.19, 0.95, -0.3, 0.01, 1.03
10.06, 0.34, 1.3, -0.29, 0.05, 1.04
4.56, 0.76, 0.97, -0.29, 0.05, 1.02
2.34, 1.48, 0.28, -0.28, 0.03, 0.99
2.42, 2.65, -0.05, -0.29, 0.03, 0.99
1.49, 3.09, 0.01, -0.29, 0.02, 1.0
-1.44, 3.36, -0.44, -0.3, 0.03, 1.0
-3.16, 3.22, -1.2, -0.29, 0.03, 1.01
-4.01, 4.06, -1.83, -0.28, 0.01, 0.98
-1.4, 4.34, -2.14, -0.29, 0.0, 0.98
-0.55, 3.74, -2.61, -0.29, 0.0, 0.98
3.01, 3.74, -2.51, -0.29, -0.01, 0.98
4.45, 3.77, -2.45, -0.3, 0.0, 1.01
1.54, 4.87, -2.4, -0.32, 0.02, 1.02
1.99, 5.73, -3.25, -0.33, 0.02, 1.02
1.7, 7.71, -4.39, -0.34, 0.04, 1.03
-0.11, 9.85, -6.75, -0.36, 0.06, 1.04
-1.79, 11.69, -8.69, -0.37, 0.07, 1.05
-7.51, 14.46, -11.22, -0.37, 0.07, 1.04
-13.96, 18.04, -13.35, -0.36, 0.07, 1.03
-13.25, 21.03, -15.48, -0.39, 0.06, 1.03
-12.92, 23.01, -17.16, -0.4, 0.06, 1.04
-16.22, 25.45, -18.83, -0.39, 0.05, 1.02
-15.03, 28.18, -20.29, -0.4, 0.03, 1.0
-13.51, 29.12, -21.4, -0.41, 0.03, 0.99
-11.63, 29.53, -23.16, -0.41, 0.02, 0.98
-7.38, 30.55, -24.89, -0.41, 0.01, 0.95
-0.58, 31.65, -25.25, -0.41, 0.0, 0.95
1.61, 32.93, -24.41, -0.43, -0.01, 0.95
6.09, 33.45, -24.41, -0.43, -0.02, 0.94
7.39, 34.42, -23.64, -0.43, -0.01, 0.93
9.68, 35.75, -22.83, -0.44, -0.01, 0.91
13.04, 37.29, -21.24, -0.44, -0.04, 0.88
21.32, 39.16, -19.07, -0.44, -0.06, 0.87
29.95, 38.45, -17.56, -0.44, -0.06, 0.9
28.19, 36.49, -14.54, -0.43, -0.06, 0.91
28.14, 34.64, -11.17, -0.42, -0.08, 0.91
30.0, 32.84, -9.82, -0.42, -0.1, 0.93
34.17, 31.73, -9.5, -0.45, -0.07, 0.96
25.51, 25.56, -10.24, -0.46, -0.02, 1.02
9.59, 21.9, -9.47, -0.45, 0.0, 1.04
-1.03, 17.76, -10.1, -0.45, -0.01, 1.04
-12.03, 13.59, -11.6, -0.45, -0.03, 1.02
-19.64, 9.19, -13.06, -0.44, -0.08, 1.0
-20.87, 5.64, -14.61, -0.46, -0.11, 0.98
-21.92, 1.78, -16.62, -0.48, -0.1, 1.01
-33.41, -2.7, -17.48, -0.48, -0.09, 1.05
-46.8, -6.9, -15.38, -0.49, -0.11, 1.03
-49.74, -11.38, -14.45, -0.49, -0.15, 1.0
-48.36, -14.72, -14.44, -0.5, -0.13, 1.0
-48.7, -17.52, -15.05, -0.5, -0.12, 0.98
-53.36, -19.24, -15.68, -0.49, -0.11, 0.97
-59.7, -20.09, -16.52, -0.48, -0.13, 0.94
-62.54, -21.41, -19.0, -0.48, -0.15, 0.91
-63.0, -22.03, -21.19, -0.48, -0.14, 0.89
-57.22, -21.67, -22.24, -0.49, -0.15, 0.86
-51.67, -20.71, -22.27, -0.49, -0.14, 0.86
-44.77, -20.64, -22.61, -0.48, -0.1, 0.87
-39.32, -17.68, -23.71, -0.47, -0.11, 0.86
-33.87, -14.73, -24.82, -0.47, -0.11, 0.85
-28.42, -11.77, -25.92, -0.46, -0.12, 0.84
-22.98, -8.81, -27.02, -0.46, -0.13, 0.84
-17.53, -5.85, -28.12, -0.45, -0.14, 0.83
-12.08, -2.9, -29.23, -0.45, -0.14, 0.82
-6.63, 0.06, -30.33, -0.44, -0.15, 0.81
-6.79, 4.65, -29.33, -0.44, -0.18, 0.79
3.74, 7.82, -25.8, -0.42, -0.22, 0.76
17.12, 14.92, -18.57, -0.39, -0.23, 0.76
26.64, 18.93, -15.23, -0.39, -0.24, 0.76
30.87, 23.19, -10.72, -0.37, -0.2, 0.79
29.45, 28.91, -7.58, -0.39, -0.24, 0.8
27.61, 31.47, -5.95, -0.38, -0.2, 0.83
21.99, 36.24, -3.83, -0.39, -0.23, 0.84
19.77, 37.7, -2.43, -0.38, -0.22, 0.86
16.38, 37.8, -0.85, -0.38, -0.21, 0.89
10.67, 37.47, 0.38, -0.38, -0.23, 0.88
12.45, 36.92, 0.76, -0.39, -0.27, 0.87
11.64, 35.32, 0.57, -0.4, -0.26, 0.89
12.25, 33.12, -0.05, -0.4, -0.26, 0.9
9.83, 31.81, -1.24, -0.4, -0.28, 0.89
16.92, 28.37, -3.45, -0.44, -0.29, 0.9
20.32, 24.35, -5.49, -0.46, -0.27, 0.93
20.38, 19.19, -8.39, -0.48, -0.24, 0.96
12.88, 13.96, -11.76, -0.5, -0.22, 0.98
2.1, 6.58, -17.03, -0.5, -0.23, 0.97
-3.09, 0.35, -22.12, -0.49, -0.25, 0.96
-5.37, -3.45, -25.45, -0.49, -0.26, 0.93
-8.58, -6.39, -27.16, -0.48, -0.25, 0.92
-8.51, -11.11, -28.03, -0.47, -0.21, 0.92
-10.83, -13.27, -28.22, -0.45, -0.22, 0.91
-11.29, -16.27, -27.75, -0.44, -0.19, 0.92
-13.96, -16.97, -27.32, -0.42, -0.21, 0.9
-7.8, -19.76, -26.54, -0.43, -0.19, 0.91
-14.44, -20.13, -27.78, -0.42, -0.19, 0.9
-16.76, -21.09, -28.01, -0.41, -0.18, 0.89
-19.64, -19.4, -26.35, -0.41, -0.22, 0.86
-13.97, -19.02, -23.1, -0.41, -0.2, 0.85
-11.44, -18.35, -19.65, -0.41, -0.2, 0.84
-4.47, -19.09, -14.1, -0.42, -0.17, 0.87
-7.61, -18.41, -9.75, -0.41, -0.16, 0.88
-8.18, -17.61, -6.7, -0.4, -0.18, 0.86
-13.93, -16.87, -4.83, -0.38, -0.15, 0.89
-22.32, -13.81, -1.84, -0.35, -0.21, 0.86
-14.27, -10.8, 1.91, -0.34, -0.24, 0.84
-8.83, -7.97, 7.85, -0.34, -0.25, 0.83
2.94, -7.72, 12.74, -0.35, -0.21, 0.88
-8.94, -4.03, 18.32, -0.33, -0.21, 0.87
-10.22, -1.93, 20.17, -0.33, -0.22, 0.86
-12.38, -0.83, 21.9, -0.31, -0.18, 0.9
-21.99, 3.46, 25.76, -0.3, -0.26, 0.87
-7.15, 4.87, 30.38, -0.28, -0.28, 0.83
5.74, 9.41, 35.19, -0.3, -0.31, 0.82
13.96, 11.69, 39.61, -0.31, -0.26, 0.86
10.84, 15.54, 44.48, -0.3, -0.24, 0.88
13.49, 19.45, 46.96, -0.3, -0.26, 0.86
19.0, 22.3, 49.39, -0.3, -0.2, 0.9
18.45, 26.81, 52.62, -0.3, -0.24, 0.89
25.25, 31.82, 58.04, -0.32, -0.29, 0.84
41.23, 35.21, 61.3, -0.35, -0.2, 0.88
39.29, 38.87, 64.74, -0.36, -0.16, 0.93
33.38, 43.74, 66.46, -0.39, -0.19, 0.92
35.23, 44.06, 66.73, -0.39, -0.11, 0.95
24.23, 49.43, 67.24, -0.38, -0.17, 0.92
38.06, 54.6, 69.51, -0.39, -0.17, 0.89
55.65, 59.0, 72.84, -0.45, -0.19, 0.88
80.67, 55.06, 72.41, -0.53, -0.09, 0.95
60.25, 51.25, 68.16, -0.54, 0.05, 1.04
39.02, 48.51, 61.88, -0.53, -0.03, 0.99
38.39, 44.59, 53.69, -0.56, -0.09, 0.94
43.03, 37.12, 44.89, -0.58, 0.0, 0.97
28.27, 31.28, 37.76, -0.62, 0.01, 1.0
14.09, 21.45, 32.76, -0.62, 0.05, 0.98
3.7, 13.8, 28.51, -0.6, 0.02, 0.94
4.09, 7.77, 24.81, -0.56, -0.01, 0.91
17.03, 4.76, 19.95, -0.58, -0.04, 0.87
27.96, -0.93, 14.29, -0.62, 0.04, 0.9
8.17, -6.06, 9.69, -0.61, 0.09, 0.92
-6.96, -10.22, 5.49, -0.59, 0.08, 0.88
-12.71, -12.58, 2.35, -0.56, 0.06, 0.85
-7.0, -14.24, 1.28, -0.53, 0.05, 0.84
7.7, -13.89, -0.22, -0.58, 0.04, 0.79
18.98, -20.03, -0.93, -0.59, 0.1, 0.8
13.93, -21.39, -1.46, -0.59, 0.12, 0.83
2.34, -21.4, -0.84, -0.57, 0.09, 0.81
-0.25, -19.44, -0.84, -0.54, 0.06, 0.76
7.4, -16.41, 0.51, -0.52, 0.02, 0.73
27.48, -14.38, 1.92, -0.58, 0.03, 0.72
37.72, -13.81, 5.91, -0.56, 0.08, 0.75
33.46, -12.06, 12.47, -0.57, 0.11, 0.78
33.54, -9.57, 18.72, -0.57, 0.09, 0.75
44.55, -8.1, 23.06, -0.6, 0.1, 0.73
59.41, -6.83, 24.6, -0.65, 0.14, 0.74
53.3, -6.3, 26.47, -0.66, 0.18, 0.81
34.94, -5.02, 28.72, -0.63, 0.21, 0.84
22.42, -3.06, 28.79, -0.63, 0.2, 0.81
15.59, -2.51, 26.22, -0.63, 0.23, 0.79
13.63, -3.32, 23.0, -0.65, 0.22, 0.76
6.95, -1.4, 22.12, -0.66, 0.22, 0.8
-2.72, -0.55, 22.14, -0.63, 0.23, 0.8
-6.96, 0.26, 21.19, -0.62, 0.25, 0.79
-7.93, 0.51, 19.58, -0.63, 0.26, 0.78
-5.94, 1.05, 18.33, -0.64, 0.24, 0.77
-3.7, 1.25, 17.67, -0.63, 0.26, 0.79
-1.0, 0.76, 15.45, -0.63, 0.29, 0.81
-5.97, 0.17, 11.54, -0.62, 0.31, 0.83
-15.0, 1.0, 8.35, -0.59, 0.3, 0.82
-12.57, 2.01, 4.87, -0.58, 0.27, 0.79
-8.87, 2.12, 3.56, -0.57, 0.28, 0.8
-5.55, 2.2, 2.64, -0.57, 0.27, 0.79
-2.3, 2.48, 2.75, -0.55, 0.28, 0.8
1.74, 3.09, 2.38, -0.55, 0.26, 0.78
7.71, 3.95, 1.41, -0.54, 0.26, 0.79
10.11, 5.02, 0.7, -0.53, 0.26, 0.8
13.27, 4.97, 0.05, -0.54, 0.26, 0.82
13.26, 5.54, -0.65, -0.53, 0.26, 0.83
11.75, 5.86, -1.19, -0.53, 0.26, 0.84
9.52, 5.7, -1.95, -0.52, 0.25, 0.82
11.7, 5.17, -2.03, -0.52, 0.23, 0.83
13.85, 3.87, -1.16, -0.52, 0.25, 0.84
14.35, 2.15, -0.85, -0.53, 0.25, 0.86
13.08, -0.44, -1.06, -0.53, 0.27, 0.88
9.33, -2.44, -1.72, -0.53, 0.25, 0.88
4.67, -3.94, -1.78, -0.53, 0.24, 0.87
0.78, -5.8, -1.03, -0.51, 0.22, 0.87
0.28, -7.46, 0.38, -0.51, 0.22, 0.86
1.3, -10.26, 2.29, -0.51, 0.23, 0.87
-0.64, -12.62, 2.71, -0.53, 0.24, 0.87
-5.96, -14.17, 3.18, -0.53, 0.23, 0.86
-10.64, -14.16, 3.56, -0.51, 0.22, 0.85
-11.5, -14.36, 4.77, -0.51, 0.22, 0.85
-9.7, -15.21, 6.24, -0.51, 0.22, 0.85
-7.7, -15.52, 7.18, -0.51, 0.22, 0.84
-6.68, -16.48, 8.73, -0.5, 0.23, 0.85
-6.68, -16.86, 9.77, -0.5, 0.23, 0.85
-5.34, -17.22, 10.35, -0.49, 0.22, 0.84
-3.03, -18.2, 11.28, -0.49, 0.24, 0.86
-3.45, -18.84, 10.72, -0.47, 0.25, 0.86
-2.81, -18.82, 10.5, -0.46, 0.24, 0.85
0.06, -19.25, 9.8, -0.46, 0.24, 0.84
3.12, -20.56, 8.68, -0.46, 0.26, 0.85
1.18, -20.38, 7.78, -0.46, 0.26, 0.85
0.83, -21.03, 7.77, -0.46, 0.28, 0.87
-4.62, -21.09, 7.5, -0.44, 0.29, 0.88
-5.89, -20.73, 8.11, -0.44, 0.27, 0.85
-2.46, -20.94, 8.48, -0.44, 0.28, 0.86
-0.05, -20.96, 8.42, -0.44, 0.28, 0.86
0.93, -21.54, 9.1, -0.43, 0.28, 0.87
0.69, -21.39, 9.7, -0.43, 0.28, 0.87
1.43, -20.92, 10.02, -0.42, 0.28, 0.87
6.32, -21.04, 10.59, -0.42, 0.28, 0.87
7.38, -21.52, 12.01, -0.4, 0.3, 0.89
5.41, -22.14, 13.26, -0.39, 0.29, 0.89
6.54, -23.67, 13.58, -0.39, 0.3, 0.9
2.93, -25.03, 13.72, -0.37, 0.3, 0.9
-1.35, -25.58, 13.58, -0.36, 0.27, 0.89
-1.4, -25.96, 13.09, -0.37, 0.25, 0.89
0.38, -26.44, 13.55, -0.36, 0.27, 0.9
-1.92, -27.06, 13.16, -0.36, 0.26, 0.9
-2.16, -28.32, 12.78, -0.37, 0.26, 0.9
-4.21, -28.82, 11.76, -0.37, 0.28, 0.91
-4.62, -28.58, 10.94, -0.38, 0.26, 0.91
-3.67, -27.96, 10.55, -0.37, 0.27, 0.91
-2.52, -27.22, 9.52, -0.37, 0.27, 0.91
-0.9, -27.37, 8.74, -0.38, 0.29, 0.92
0.68, -25.58, 7.21, -0.37, 0.29, 0.93
4.09, -24.33, 7.09, -0.37, 0.3, 0.94
4.57, -23.12, 7.64, -0.36, 0.3, 0.94
8.81, -20.9, 6.83, -0.35, 0.31, 0.94
13.05, -19.08, 4.88, -0.36, 0.32, 0.95
13.97, -17.07, 2.34, -0.34, 0.32, 0.95
13.59, -14.97, 0.25, -0.33, 0.32, 0.96
12.51, -13.49, -1.09, -0.31, 0.31, 0.95
11.67, -12.59, -2.38, -0.3, 0.32, 0.96
9.42, -11.16, -3.92, -0.28, 0.3, 0.94
10.2, -10.12, -4.66, -0.27, 0.3, 0.93
12.09, -10.38, -4.44, -0.27, 0.29, 0.92
15.79, -8.71, -3.54, -0.25, 0.28, 0.91
20.49, -9.26, -2.29, -0.26, 0.29, 0.93
21.92, -9.03, -0.59, -0.26, 0.3, 0.93
18.25, -9.35, -0.24, -0.25, 0.35, 0.95
12.32, -7.81, 0.83, -0.24, 0.33, 0.93
10.53, -7.2, 1.54, -0.24, 0.34, 0.93
13.35, -5.64, 3.67, -0.24, 0.35, 0.93
16.06, -5.26, 5.32, -0.25, 0.36, 0.92
19.47, -4.51, 6.67, -0.25, 0.37, 0.91
25.57, -3.36, 7.54, -0.27, 0.39, 0.92
25.45, -2.93, 7.36, -0.26, 0.45, 0.96
19.25, -0.48, 7.19, -0.26, 0.44, 0.95
16.59, 1.76, 6.21, -0.26, 0.43, 0.92
19.67, 4.8, 4.65, -0.27, 0.43, 0.91
22.55, 6.87, 3.64, -0.28, 0.43, 0.91
23.09, 9.41, 3.44, -0.27, 0.44, 0.92
19.64, 12.4, 2.26, -0.26, 0.44, 0.91
14.23, 15.04, 0.6, -0.25, 0.47, 0.91
8.63, 19.39, -1.25, -0.25, 0.44, 0.89
8.71, 21.44, -1.75, -0.25, 0.44, 0.87
9.87, 24.14, -1.81, -0.25, 0.42, 0.86
11.83, 26.64, -0.76, -0.25, 0.41, 0.86
14.15, 28.37, -0.5, -0.25, 0.42, 0.86
14.75, 29.92, 0.64, -0.25, 0.42, 0.85
18.48, 30.96, 0.72, -0.26, 0.42, 0.86
17.99, 31.66, 1.65, -0.26, 0.43, 0.85
14.33, 11.42, -14.83, -0.31, 0.58, 1.16
-12.51, 9.02, -3.41, -0.48, 0.56, 1.28
-35.07, 7.56, -0.64, -0.49, 0.52, 1.15
-19.48, -5.69, 2.0, -0.44, 0.45, 0.99
-4.94, -3.5, 1.41, -0.38, 0.41, 0.9
14.83, -0.44, 0.09, -0.33, 0.41, 0.86
19.45, 2.41, -0.12, -0.3, 0.43, 0.87
16.45, 2.67, -0.29, -0.29, 0.45, 0.9
10.35, 2.09, -0.48, -0.27, 0.43, 0.87
7.58, 0.14, -0.18, -0.27, 0.39, 0.84
13.96, 0.12, 0.9, -0.3, 0.37, 0.82
17.21, -1.36, 3.24, -0.29, 0.41, 0.85
12.73, -0.03, 4.93, -0.3, 0.46, 0.86
8.59, 0.9, 5.23, -0.3, 0.51, 0.89
6.07, 2.08, 3.43, -0.31, 0.53, 0.9
5.8, 2.09, 3.06, -0.33, 0.53, 0.9
5.01, 1.86, 2.51, -0.31, 0.51, 0.89
4.27, 2.33, 1.54, -0.3, 0.5, 0.86
0.56, 2.43, 1.65, -0.29, 0.53, 0.85
-3.23, 2.54, 1.03, -0.3, 0.52, 0.85
-4.15, 1.74, -0.61, -0.29, 0.51, 0.86
-12.03, 1.98, -1.22, -0.28, 0.51, 0.86
-15.19, 1.64, -1.77, -0.3, 0.53, 0.87
-21.62, 3.15, -2.32, -0.3, 0.53, 0.88
-28.76, 4.35, -3.32, -0.29, 0.51, 0.86
-26.87, 2.93, -4.24, -0.32, 0.5, 0.88
-29.61, 3.12, -4.33, -0.32, 0.5, 0.9
-32.71, 3.52, -4.82, -0.31, 0.47, 0.88
-33.22, 3.51, -5.9, -0.3, 0.44, 0.88
-33.85, 4.02, -6.21, -0.3, 0.43, 0.88
-35.49, 4.55, -7.0, -0.31, 0.4, 0.88
-34.62, 4.52, -7.23, -0.31, 0.39, 0.89
-32.74, 4.32, -7.76, -0.32, 0.38, 0.89
-29.66, 4.07, -7.69, -0.33, 0.35, 0.89
-26.21, 3.68, -7.27, -0.33, 0.33, 0.9
-20.77, 3.37, -6.67, -0.33, 0.32, 0.9
-16.13, 2.51, -6.03, -0.33, 0.32, 0.92
-14.41, 1.85, -5.07, -0.33, 0.32, 0.94
-13.64, 2.0, -4.1, -0.33, 0.31, 0.92
-8.19, 1.53, -2.84, -0.34, 0.29, 0.91
-4.19, 0.98, -2.0, -0.33, 0.3, 0.92
-2.67, 1.16, -0.64, -0.33, 0.31, 0.92
-1.96, 0.87, 0.54, -0.32, 0.31, 0.92
-0.9, 1.18, 1.18, -0.33, 0.32, 0.92
0.56, 1.41, 2.09, -0.33, 0.33, 0.91
1.38, 1.67, 2.51, -0.33, 0.34, 0.91
1.85, 2.06, 2.86, -0.32, 0.34, 0.91
2.2, 2.25, 2.6, -0.32, 0.35, 0.9
2.19, 2.72, 2.48, -0.32, 0.36, 0.91
2.27, 2.56, 2.18, -0.32, 0.36, 0.91
1.37, 2.34, 1.7, -0.33, 0.36, 0.9
1.6, 1.89, 1.57, -0.33, 0.37, 0.9
1.92, 1.78, 1.46, -0.33, 0.37, 0.91
0.93, 1.58, 1.26, -0.33, 0.38, 0.91
-0.22, 1.43, 0.54, -0.32, 0.38, 0.91
-0.81, 0.96, 0.66, -0.33, 0.38, 0.92
-2.48, 1.74, 0.4, -0.33, 0.38, 0.9
-4.26, 1.67, 0.93, -0.33, 0.39, 0.91
-6.01, 1.97, 1.01, -0.34, 0.39, 0.91
-8.73, 2.01, 1.22, -0.33, 0.4, 0.92
-14.46, 2.39, 0.73, -0.33, 0.4, 0.92
-17.9, 1.48, 0.51, -0.33, 0.42, 0.93
-25.67, 3.96, 0.05, -0.31, 0.42, 0.91
-31.06, 5.07, -1.28, -0.31, 0.4, 0.89
-32.24, 4.67, -2.84, -0.32, 0.39, 0.91
-35.58, 4.99, -3.92, -0.33, 0.38, 0.92
-37.76, 4.89, -5.18, -0.33, 0.35, 0.92
-39.98, 4.83, -6.47, -0.33, 0.34, 0.93
-40.29, 4.43, -8.01, -0.33, 0.31, 0.92
-38.15, 3.51, -9.12, -0.33, 0.29, 0.92
-36.28, 3.74, -10.29, -0.34, 0.27, 0.93
-32.95, 3.8, -10.7, -0.34, 0.25, 0.93
-31.06, 2.58, -10.64, -0.35, 0.23, 0.94
-26.74, 1.44, -10.73, -0.36, 0.22, 0.95
-23.86, 1.07, -9.67, -0.35, 0.21, 0.94
-21.22, -0.08, -8.9, -0.35, 0.19, 0.94
-15.69, -1.05, -7.45, -0.34, 0.18, 0.93
-10.59, -2.51, -5.09, -0.33, 0.19, 0.94
-6.56, -4.77, -2.7, -0.32, 0.19, 0.93
-2.83, -5.82, -0.3, -0.32, 0.2, 0.94
-0.29, -7.0, 2.34, -0.31, 0.22, 0.93
-1.53, -7.41, 3.67, -0.31, 0.22, 0.94
-5.46, -7.16, 2.9, -0.31, 0.23, 0.94
-10.38, -6.8, 1.9, -0.31, 0.23, 0.94
-15.72, -5.95, 0.13, -0.31, 0.23, 0.94
-17.48, -5.41, -1.09, -0.34, 0.23, 0.94
-13.55, -6.61, -0.79, -0.35, 0.23, 0.95
-9.23, -7.48, -0.8, -0.34, 0.22, 0.96
-8.93, -7.87, -0.85, -0.32, 0.21, 0.97
-8.04, -7.97, -1.1, -0.32, 0.22, 0.96
-4.39, -9.0, 0.07, -0.33, 0.2, 0.95
-0.09, -11.38, 2.63, -0.3, 0.21, 0.96
-0.64, -11.67, 3.72, -0.29, 0.22, 0.94
-2.0, -11.48, 3.13, -0.28, 0.21, 0.94
-4.57, -11.25, 2.04, -0.3, 0.19, 0.94
-7.73, -9.9, 0.16, -0.31, 0.17, 0.95
-10.22, -8.06, -1.09, -0.31, 0.14, 0.97
-7.07, -8.89, 0.49, -0.32, 0.15, 0.99
-7.83, -8.97, 0.98, -0.31, 0.19, 1.01
-5.89, -9.68, 2.26, -0.3, 0.19, 1.0
-3.94, -10.39, 3.55, -0.29, 0.19, 0.99
-2.0, -11.1, 4.83, -0.29, 0.19, 0.98
-0.06, -11.81, 6.11, -0.28, 0.19, 0.97
4.58, -12.24, 7.46, -0.29, 0.17, 0.96
9.81, -13.27, 8.56, -0.27, 0.19, 0.98
9.68, -13.4, 8.29, -0.24, 0.23, 0.97
4.45, -12.24, 5.34, -0.24, 0.25, 0.97
-2.23, -12.23, 0.56, -0.23, 0.27, 0.94
-9.48, -12.88, -4.95, -0.23, 0.27, 0.93
-17.09, -12.17, -10.1, -0.26, 0.23, 0.92
-17.28, -14.59, -11.45, -0.31, 0.17, 0.93
-17.61, -13.58, -10.22, -0.3, 0.12, 0.98
-20.35, -11.24, -8.5, -0.29, 0.12, 1.04
-29.44, -4.8, -7.02, -0.27, 0.12, 1.07
-31.03, 1.39, -5.87, -0.27, 0.13, 1.08
-28.92, 3.49, -4.82, -0.29, 0.13, 1.07
-25.67, 4.31, -4.27, -0.28, 0.13, 1.06
-23.79, 4.02, -3.42, -0.27, 0.11, 1.04
-19.98, 4.84, -2.43, -0.26, 0.08, 1.0
-13.82, 4.42, -1.45, -0.24, 0.08, 0.97
-11.93, 4.01, -0.88, -0.23, 0.09, 0.96
-11.98, 4.03, -0.63, -0.23, 0.11, 0.96
-13.06, 2.82, -0.61, -0.25, 0.12, 0.97
-14.85, 1.29, -0.17, -0.25, 0.12, 0.98
-17.35, 1.39, 0.23, -0.25, 0.11, 0.99
-18.22, 2.18, 0.03, -0.26, 0.11, 1.0
-19.67, 3.25, -0.12, -0.26, 0.11, 1.02
-20.22, 3.37, -0.93, -0.26, 0.11, 1.01
-20.35, 5.08, -1.9, -0.27, 0.08, 0.99
-19.97, 3.82, -1.9, -0.25, 0.12, 1.02
-23.99, 4.53, -2.86, -0.26, 0.12, 1.0
-24.91, 4.46, -3.35, -0.26, 0.08, 0.99
-26.16, 4.85, -4.88, -0.25, 0.09, 0.99
-28.62, 4.68, -4.06, -0.26, 0.07, 0.98
-27.23, 3.94, -3.94, -0.28, 0.05, 0.99
-31.64, 4.92, -4.28, -0.25, 0.07, 1.02
-37.66, 4.61, -3.61, -0.28, 0.06, 1.01
-39.67, 4.77, -3.65, -0.28, 0.01, 1.0
-31.45, 4.16, -5.34, -0.29, -0.05, 0.98
-23.8, 3.01, -5.11, -0.27, -0.04, 0.99
-24.19, 3.88, -5.36, -0.27, -0.06, 0.98
-22.4, 2.58, -4.05, -0.28, -0.03, 1.0
-19.47, 2.41, -3.85, -0.28, -0.04, 1.0
-17.2, 2.17, -3.44, -0.28, -0.05, 1.0
-15.57, 2.03, -2.87, -0.27, -0.07, 1.0
-6.25, 0.61, -2.55, -0.27, -0.08, 1.0
-2.7, 1.9, -1.12, -0.27, -0.08, 0.99
2.67, 1.69, -0.3, -0.28, -0.09, 1.0
6.28, 1.4, 0.98, -0.27, -0.09, 1.01
10.34, 0.77, 2.39, -0.28, -0.11, 1.01
17.32, 0.2, 3.32, -0.28, -0.12, 0.99
25.7, -1.33, 4.46, -0.28, -0.1, 1.0
31.15, -1.19, 5.39, -0.27, -0.1, 0.99
37.67, -3.06, 6.55, -0.26, -0.07, 1.02
40.94, -1.53, 6.78, -0.28, -0.08, 0.97
56.78, -4.35, 7.91, -0.28, -0.06, 0.99
62.72, -3.93, 9.61, -0.28, -0.03, 1.0
63.62, -4.05, 11.41, -0.27, 0.0, 1.0
68.93, -5.47, 12.88, -0.28, 0.05, 1.0
68.35, -5.83, 14.45, -0.26, 0.1, 0.99
62.58, -4.09, 15.58, -0.25, 0.15, 0.98
58.42, -3.24, 15.64, -0.25, 0.21, 0.99
51.25, -4.19, 15.34, -0.26, 0.26, 1.01
39.32, -4.64, 14.16, -0.25, 0.3, 1.0
29.79, -4.02, 12.51, -0.25, 0.32, 0.98
20.65, -4.72, 10.7, -0.22, 0.35, 0.97
2.91, -3.9, 7.03, -0.23, 0.39, 0.97
-9.53, -5.76, 3.97, -0.22, 0.39, 0.96
-18.67, -7.57, 1.99, -0.21, 0.38, 0.96
-25.22, -9.38, 2.14, -0.2, 0.35, 0.96
-30.37, -8.27, 5.21, -0.2, 0.33, 0.95
-28.45, -7.72, 7.9, -0.21, 0.32, 0.95
-23.51, -6.77, 10.86, -0.22, 0.29, 0.97
-18.39, -6.87, 13.94, -0.24, 0.26, 1.0
-18.31, -5.33, 16.07, -0.25, 0.24, 1.01
-19.39, -3.41, 17.96, -0.25, 0.22, 1.03
-23.03, -0.87, 18.46, -0.26, 0.21, 1.04
-26.24, 1.32, 18.63, -0.26, 0.17, 1.03
-24.45, 2.16, 20.03, -0.26, 0.14, 1.04
-23.83, 3.3, 23.16, -0.24, 0.13, 1.03
-18.81, 4.72, 25.55, -0.25, 0.12, 1.0
-15.58, 6.47, 26.29, -0.24, 0.11, 0.98
-13.6, 6.69, 28.7, -0.24, 0.11, 0.98
-10.49, 6.56, 32.23, -0.24, 0.12, 1.0
-9.87, 4.71, 33.95, -0.23, 0.13, 1.01
-11.88, 4.52, 34.65, -0.23, 0.12, 1.01
-14.22, 4.66, 34.6, -0.23, 0.09, 0.99
-11.0, 7.36, 36.7, -0.23, 0.08, 0.99
-8.34, 7.66, 39.29, -0.24, 0.11, 1.01
-8.96, 7.77, 39.8, -0.25, 0.12, 1.02
-7.26, 8.11, 40.94, -0.25, 0.11, 1.01
-4.24, 8.58, 41.92, -0.25, 0.12, 1.01
-3.18, 9.75, 42.14, -0.25, 0.11, 1.0
-1.31, 12.45, 41.25, -0.25, 0.11, 0.98
-2.06, 14.67, 39.78, -0.25, 0.12, 0.98
-1.13, 17.54, 37.83, -0.26, 0.11, 0.97
0.3, 18.93, 35.74, -0.27, 0.12, 0.99
-5.08, 20.67, 31.03, -0.29, 0.1, 0.97
2.28, 18.79, 28.47, -0.28, 0.11, 0.98
-0.22, 19.99, 25.36, -0.26, 0.1, 0.98
-0.46, 20.12, 23.85, -0.25, 0.08, 0.97
5.47, 16.49, 19.61, -0.28, 0.08, 0.99
0.03, 11.96, 16.83, -0.28, 0.05, 1.04
-8.2, 8.12, 16.19, -0.28, 0.03, 1.03
-13.53, 5.84, 14.92, -0.27, 0.0, 1.0
-14.77, 5.93, 14.61, -0.26, 0.0, 0.97
-12.41, 6.32, 15.02, -0.26, -0.01, 0.94
-8.83, 6.98, 14.96, -0.26, 0.01, 0.96
-9.13, 7.86, 12.69, -0.27, 0.02, 0.98
-14.87, 7.94, 8.48, -0.28, 0.02, 1.0
-23.88, 7.03, 2.45, -0.28, 0.02, 1.01
-30.51, 6.35, -0.97, -0.28, 0.0, 1.01
-26.18, 6.9, 2.17, -0.31, 0.01, 1.01
-19.26, 4.22, 2.35, -0.31, 0.05, 1.0
-12.11, 2.09, 1.83, -0.29, 0.07, 0.99
-6.95, 1.58, 1.14, -0.3, 0.06, 1.0
-6.24, 1.25, 1.61, -0.29, 0.09, 1.01
-6.09, 1.64, 2.13, -0.29, 0.11, 1.0
-8.87, 2.09, 2.36, -0.28, 0.14, 0.98
-13.85, 3.2, 3.48, -0.27, 0.14, 0.99
-12.54, 3.76, 5.0, -0.28, 0.14, 0.99
-10.31, 3.63, 6.93, -0.29, 0.16, 0.98
-7.77, 3.14, 8.12, -0.28, 0.16, 0.98
-6.36, 3.03, 9.9, -0.27, 0.16, 0.99
-7.27, 4.03, 10.64, -0.27, 0.14, 0.98
-9.14, 5.16, 10.47, -0.28, 0.15, 0.98
-11.77, 6.67, 9.3, -0.27, 0.14, 0.98
-14.33, 8.38, 7.29, -0.28, 0.11, 0.97
-15.34, 9.34, 4.94, -0.29, 0.09, 0.97
-20.68, 9.04, 2.34, -0.28, 0.07, 0.99
-22.09, 7.9, 1.41, -0.3, 0.05, 1.0
-25.4, 6.18, 0.71, -0.3, 0.04, 1.0
-26.42, 5.56, 0.23, -0.3, 0.02, 0.98
-24.61, 5.64, -0.63, -0.29, 0.0, 0.96
-22.38, 5.54, -2.0, -0.3, 0.0, 0.97
-25.54, 5.68, -3.72, -0.29, 0.0, 0.98
-32.79, 6.09, -4.24, -0.3, 0.0, 0.98
-33.64, 6.92, -2.83, -0.31, -0.02, 0.97
-31.63, 6.06, -2.21, -0.29, -0.01, 0.97
-24.85, 6.17, -2.73, -0.3, -0.05, 0.96
-17.74, 6.19, -2.73, -0.3, -0.08, 0.95
-11.9, 6.71, -2.16, -0.3, -0.08, 0.96
-8.35, 6.16, -1.5, -0.32, -0.05, 0.98
-5.4, 3.63, -1.0, -0.33, -0.05, 1.0
-3.87, 2.47, 0.06, -0.34, -0.04, 1.02
-2.19, 1.76, 1.19, -0.33, -0.04, 1.01
-1.24, 2.27, 1.92, -0.33, -0.04, 1.0
2.93, 2.64, 2.0, -0.33, -0.03, 0.99
4.08, 1.97, 2.39, -0.32, -0.02, 1.0
1.88, 1.95, 2.19, -0.33, -0.01, 1.0
3.74, 0.16, 2.23, -0.33, 0.0, 1.0
2.17, 0.52, 2.44, -0.32, 0.0, 0.99
3.29, 1.1, 1.92, -0.31, 0.0, 0.96
5.8, 1.62, 1.85, -0.31, 0.0, 0.96
5.77, 1.09, 2.0, -0.31, 0.0, 0.98
4.96, 0.91, 2.06, -0.32, 0.0, 0.99
3.88, 0.37, 1.96, -0.32, 0.01, 0.99
3.31, 0.54, 1.72, -0.32, 0.01, 0.98
3.96, 0.67, 1.99, -0.32, 0.01, 0.99
4.58, 1.09, 1.32, -0.31, 0.0, 0.98
4.38, 0.3, 1.41, -0.31, 0.01, 1.0
3.16, 0.19, 1.24, -0.32, 0.0, 0.99
5.33, 0.5, 1.12, -0.32, 0.0, 0.98
7.67, 0.73, 1.41, -0.32, 0.0, 0.98
9.8, -0.16, 1.32, -0.32, 0.0, 0.99
10.12, -0.17, 1.99, -0.31, 0.0, 0.99
10.13, -0.42, 2.37, -0.31, 0.0, 0.98
12.35, -0.43, 3.09, -0.32, -0.02, 0.97
16.48, -0.69, 3.71, -0.32, -0.01, 0.98
17.25, 0.32, 4.45, -0.32, 0.0, 0.97
18.14, -1.6, 6.05, -0.31, 0.04, 1.0
14.7, 0.7, 6.68, -0.3, -0.01, 0.96
21.96, -2.01, 6.91, -0.32, 0.04, 1.0
16.02, -1.06, 7.52, -0.31, 0.06, 0.99
16.29, -0.67, 7.33, -0.32, 0.05, 0.97
18.41, -1.31, 7.16, -0.31, 0.05, 0.97
18.82, -1.11, 6.8, -0.31, 0.07, 0.98
20.66, -0.97, 6.25, -0.31, 0.06, 0.97
27.58, -1.92, 5.68, -0.31, 0.05, 0.98
29.92, -2.7, 5.18, -0.31, 0.05, 0.98
31.8, -3.2, 5.05, -0.31, 0.05, 0.98
35.87, -3.51, 5.28, -0.3, 0.06, 0.97
37.34, -2.66, 5.57, -0.29, 0.09, 0.96
37.77, -3.02, 6.72, -0.3, 0.13, 0.98
36.95, -2.91, 7.12, -0.31, 0.12, 0.98
37.42, -3.55, 7.19, -0.3, 0.13, 0.99
37.19, -2.91, 7.53, -0.3, 0.15, 0.99
33.36, -2.25, 8.56, -0.29, 0.18, 0.98
31.27, -2.06, 8.93, -0.3, 0.19, 0.97
26.61, -0.99, 9.35, -0.29, 0.23, 0.97
23.96, -0.52, 8.96, -0.29, 0.22, 0.97
25.61, -1.39, 8.01, -0.3, 0.2, 0.97
27.68, -1.4, 7.11, -0.29, 0.2, 0.96
28.09, -1.22, 7.06, -0.29, 0.22, 0.96
30.17, -2.29, 7.11, -0.29, 0.23, 0.97
26.9, -2.07, 7.18, -0.28, 0.24, 0.97
24.83, -1.35, 6.37, -0.28, 0.24, 0.96
24.59, -1.41, 6.09, -0.29, 0.25, 0.97
25.54, -1.35, 5.77, -0.29, 0.24, 0.96
27.34, -1.66, 5.91, -0.29, 0.24, 0.95
22.87, -1.58, 5.93, -0.25, 0.27, 0.92
28.29, -3.46, 6.2, -0.26, 0.29, 0.97
20.09, -1.21, 6.87, -0.27, 0.36, 0.97
9.54, -0.48, 6.6, -0.27, 0.36, 0.96
4.16, 0.8, 5.54, -0.27, 0.38, 0.96
-3.93, 1.22, 4.05, -0.26, 0.4, 0.98
-23.15, 2.99, 1.58, -0.24, 0.42, 0.93
-30.04, 5.68, 0.67, -0.24, 0.44, 0.89
-33.13, 7.69, -2.96, -0.28, 0.45, 0.9
-32.0, 5.32, -7.21, -0.3, 0.38, 0.92
-34.73, 3.79, -10.69, -0.28, 0.33, 0.96
-37.32, 3.7, -13.3, -0.29, 0.28, 0.96
-38.35, 3.41, -14.3, -0.27, 0.24, 0.95
-35.95, 3.92, -16.26, -0.31, 0.25, 0.96
-33.78, 5.13, -18.06, -0.35, 0.15, 0.9
-32.53, 5.79, -17.4, -0.31, 0.21, 1.02
-36.77, 1.57, -16.02, -0.26, 0.15, 0.97
-28.93, 2.0, -14.83, -0.3, 0.14, 0.98
-32.07, 1.61, -11.63, -0.3, 0.16, 0.99
-30.41, 2.64, -11.31, -0.3, 0.11, 0.95
-20.97, 3.51, -10.28, -0.31, 0.1, 0.94
-21.73, 2.27, -7.41, -0.29, 0.17, 1.0
-34.85, 3.81, -6.02, -0.31, 0.18, 1.03
-43.14, 3.69, -5.03, -0.3, 0.15, 0.98
-41.75, 4.35, -5.09, -0.3, 0.12, 0.96
-39.2, 4.97, -4.5, -0.3, 0.15, 0.98
-43.64, 4.89, -4.81, -0.3, 0.14, 1.0
-45.22, 5.7, -5.75, -0.31, 0.11, 0.98
-42.95, 5.01, -7.68, -0.31, 0.09, 0.97
-39.15, 3.31, -10.43, -0.3, 0.08, 0.95
-36.52, 4.66, -11.93, -0.31, 0.1, 0.98
-44.42, 3.87, -11.9, -0.3, 0.09, 1.0
-44.42, 4.57, -13.1, -0.33, 0.0, 0.94
-32.87, 4.96, -14.94, -0.32, 0.0, 0.93
-23.19, 2.53, -15.52, -0.32, -0.03, 0.97
-23.87, 1.35, -14.36, -0.31, -0.04, 1.01
-29.72, 1.8, -12.27, -0.3, -0.04, 1.0
-28.64, 1.61, -11.24, -0.32, -0.07, 0.98
-25.24, 1.55, -9.29, -0.31, -0.07, 0.98
-24.89, 2.17, -6.5, -0.31, -0.06, 0.99
-26.7, 3.74, -4.49, -0.32, -0.08, 0.97
-22.83, 2.79, -3.03, -0.33, -0.09, 0.97
-15.22, 1.68, -2.04, -0.3, -0.06, 1.01
-20.42, 2.7, -0.61, -0.31, -0.05, 0.99
-20.74, 3.06, -0.81, -0.31, -0.04, 0.98
-22.57, 3.83, -0.98, -0.33, -0.01, 0.98
-23.15, 2.57, -1.14, -0.33, -0.02, 1.0
-31.21, 2.51, -1.53, -0.31, 0.0, 1.0
-36.32, 2.81, -4.06, -0.31, -0.04, 0.97
-33.1, 2.55, -6.46, -0.31, -0.06, 0.97
-36.45, 3.28, -7.8, -0.3, -0.04, 0.97
-41.09, 3.7, -8.5, -0.31, -0.03, 0.97
-44.19, 3.67, -8.61, -0.3, -0.03, 0.98
-48.67, 4.38, -9.05, -0.36, -0.1, 0.95
-47.04, 0.76, -10.38, -0.3, -0.08, 0.98
-57.29, 3.44, -11.56, -0.3, -0.1, 0.96
-57.56, 5.07, -12.35, -0.3, -0.11, 0.94
-56.55, 4.54, -15.17, -0.33, -0.18, 0.94
-54.97, 2.67, -16.44, -0.32, -0.21, 0.96
-56.03, 2.17, -16.15, -0.33, -0.23, 0.96
-54.61, 1.19, -15.45, -0.34, -0.27, 0.94
-48.1, 0.46, -14.7, -0.33, -0.31, 0.93
-37.5, -0.25, -13.56, -0.31, -0.35, 0.93
-27.95, 0.06, -12.58, -0.32, -0.38, 0.9
-19.77, -0.89, -11.33, -0.31, -0.38, 0.9
-14.48, -2.09, -9.39, -0.31, -0.38, 0.91
-11.92, -3.16, -6.77, -0.31, -0.37, 0.93
-15.47, -3.96, -2.97, -0.29, -0.34, 0.93
-18.22, -5.54, -1.77, -0.29, -0.33, 0.92
-18.08, -7.48, -1.89, -0.28, -0.31, 0.91
-20.56, -8.33, -2.04, -0.27, -0.29, 0.92
-25.35, -8.4, -2.16, -0.28, -0.31, 0.9
-21.78, -9.83, -3.83, -0.29, -0.3, 0.9
-19.67, -11.56, -5.34, -0.29, -0.3, 0.92
-18.59, -12.32, -6.91, -0.29, -0.31, 0.92
-17.21, -12.49, -7.04, -0.28, -0.3, 0.96
-20.57, -13.03, -8.48, -0.31, -0.32, 0.94
-21.89, -12.3, -8.83, -0.29, -0.34, 0.95
-22.46, -12.16, -8.72, -0.29, -0.35, 0.94
-19.48, -11.21, -8.14, -0.28, -0.36, 0.94
-19.76, -8.93, -7.45, -0.28, -0.37, 0.93
-17.63, -6.59, -6.52, -0.28, -0.39, 0.92
-15.96, -4.03, -6.06, -0.27, -0.41, 0.92
-11.22, -3.45, -5.24, -0.27, -0.43, 0.91
-6.42, -1.87, -4.24, -0.26, -0.42, 0.91
-3.58, -1.68, -3.5, -0.26, -0.41, 0.91
-2.8, -1.23, -1.92, -0.25, -0.41, 0.9
-1.35, -0.69, -1.51, -0.25, -0.41, 0.9
-1.06, -1.82, -1.58, -0.25, -0.39, 0.91
-4.59, -2.34, -2.06, -0.25, -0.38, 0.91
-7.49, -2.61, -3.0, -0.24, -0.39, 0.9
-9.54, -3.22, -4.12, -0.23, -0.38, 0.9
-10.17, -3.18, -4.37, -0.23, -0.4, 0.9
-3.27, -2.71, -4.22, -0.25, -0.43, 0.89
4.17, -2.44, -3.66, -0.24, -0.44, 0.88
10.98, -0.86, -2.44, -0.23, -0.44, 0.89
16.72, 0.62, -0.58, -0.23, -0.44, 0.89
19.92, 2.25, 1.0, -0.23, -0.45, 0.9
26.23, 1.84, 2.39, -0.23, -0.44, 0.9
28.71, 2.17, 2.74, -0.25, -0.43, 0.91
34.54, 0.82, 3.63, -0.24, -0.48, 0.86
72.42, 0.53, 4.49, -0.24, -0.34, 0.93
49.17, -0.58, 4.36, -0.24, -0.35, 0.93
49.39, -0.78, 1.99, -0.25, -0.33, 0.93
40.77, -2.98, -0.62, -0.25, -0.25, 0.99
10.8, -3.69, -10.7, -0.25, -0.21, 1.02
-10.83, -3.68, -19.92, -0.24, -0.31, 0.97
-16.49, -3.82, -23.94, -0.26, -0.32, 0.99
-26.29, -5.38, -29.73, -0.25, -0.34, 0.99
-25.64, -6.7, -35.95, -0.26, -0.4, 0.99
-22.27, -7.78, -39.95, -0.25, -0.42, 1.0
-24.29, -7.19, -43.67, -0.26, -0.45, 1.0
-25.45, -6.29, -45.86, -0.25, -0.45, 0.98
-30.85, -2.75, -45.56, -0.22, -0.45, 0.96
-27.55, 0.18, -42.67, -0.2, -0.46, 0.92
-18.6, 1.37, -39.74, -0.19, -0.44, 0.91
-15.58, 3.34, -37.94, -0.19, -0.46, 0.88
-7.47, 3.7, -35.01, -0.17, -0.45, 0.87
0.23, 4.9, -32.55, -0.17, -0.46, 0.85
6.6, 4.83, -30.66, -0.15, -0.44, 0.84
14.38, 6.83, -29.96, -0.13, -0.43, 0.83
15.06, 8.33, -26.36, -0.12, -0.42, 0.82
18.63, 10.79, -23.02, -0.1, -0.41, 0.79
31.51, 13.15, -21.52, -0.12, -0.39, 0.79
41.24, 10.2, -20.87, -0.15, -0.35, 0.83
37.15, 10.96, -20.56, -0.13, -0.34, 0.84
32.6, 13.36, -20.67, -0.12, -0.34, 0.83
30.61, 17.51, -19.4, -0.11, -0.35, 0.81
39.49, 20.7, -18.93, -0.16, -0.34, 0.83
45.08, 17.92, -17.25, -0.19, -0.29, 0.91
43.62, 16.93, -14.22, -0.19, -0.28, 0.93
41.48, 17.19, -12.02, -0.19, -0.26, 0.94
43.77, 14.65, -10.79, -0.23, -0.24, 0.97
44.66, 15.49, -9.9, -0.23, -0.23, 0.99
45.32, 12.87, -10.29, -0.25, -0.2, 1.02
41.77, 11.44, -12.15, -0.26, -0.18, 1.06
35.6, 10.87, -15.06, -0.27, -0.11, 1.09
14.27, 12.43, -16.93, -0.25, -0.16, 1.09
12.28, 12.95, -20.35, -0.26, -0.2, 1.07
16.25, 10.18, -24.9, -0.31, -0.2, 1.11
8.18, 6.75, -28.06, -0.28, -0.17, 1.16
-11.46, 8.21, -31.49, -0.26, -0.22, 1.13
-17.78, 8.74, -33.78, -0.25, -0.25, 1.08
-17.91, 10.19, -33.42, -0.23, -0.28, 1.02
-10.74, 11.58, -31.36, -0.22, -0.3, 0.97
-0.48, 12.63, -27.8, -0.2, -0.28, 0.96
9.04, 12.47, -25.11, -0.22, -0.27, 0.95
25.02, 11.2, -18.07, -0.19, -0.31, 0.89
41.62, 12.0, -12.52, -0.19, -0.24, 0.9
47.36, 13.3, -7.19, -0.17, -0.22, 0.89
56.06, 12.9, -3.03, -0.17, -0.2, 0.85
63.44, 14.12, 4.06, -0.16, -0.19, 0.83
76.54, 14.77, 12.73, -0.16, -0.19, 0.84
97.74, 19.42, 16.37, -0.14, -0.2, 0.8
110.51, 20.72, 20.65, -0.15, -0.25, 0.77
153.19, 20.32, 18.4, -0.3, -0.06, 0.96
126.37, 0.27, 16.85, -0.37, 0.11, 1.38
58.71, -12.39, 23.54, -0.37, 0.05, 1.4
58.48, -7.29, 23.51, -0.34, -0.19, 1.12
111.83, -8.62, 22.25, -0.32, -0.19, 1.08
117.38, 6.53, 24.21, -0.32, -0.07, 1.02
138.99, -3.56, 20.03, -0.18, -0.03, 1.06
143.55, -4.45, 21.8, -0.22, -0.03, 1.02
153.54, 4.09, 24.37, -0.22, -0.03, 0.91
159.16, -1.36, 30.16, -0.2, 0.1, 0.93
157.63, -0.67, 31.53, -0.22, 0.19, 0.91
150.25, -5.27, 34.74, -0.19, 0.32, 0.89
135.39, -3.19, 37.52, -0.18, 0.4, 0.85
121.08, -2.66, 37.44, -0.17, 0.48, 0.81
107.76, -1.5, 34.9, -0.16, 0.55, 0.77
96.94, -7.19, 32.45, -0.16, 0.7, 0.83
75.65, 1.52, 24.92, -0.21, 0.7, 0.85
66.01, -0.32, 17.19, -0.19, 0.7, 0.85
55.95, -2.09, 10.22, -0.2, 0.7, 0.86
45.48, -3.74, 4.71, -0.19, 0.68, 0.88
36.51, -2.81, -0.76, -0.19, 0.62, 0.86
31.18, -3.71, -2.17, -0.18, 0.56, 0.87
26.92, -4.02, -2.05, -0.18, 0.5, 0.89
28.16, -3.63, -1.74, -0.19, 0.43, 0.91
29.98, -5.01, 1.08, -0.19, 0.47, 0.93
27.3, -3.2, 4.39, -0.18, 0.48, 0.9
30.23, -1.45, 6.64, -0.19, 0.49, 0.89
34.87, -0.48, 7.35, -0.19, 0.53, 0.9
32.57, -2.94, 9.03, -0.19, 0.55, 0.9
32.83, -0.26, 9.05, -0.18, 0.54, 0.85
36.25, -0.6, 8.92, -0.17, 0.54, 0.83
38.78, -0.51, 8.55, -0.19, 0.58, 0.85
37.12, -0.09, 8.66, -0.18, 0.57, 0.83
38.89, -0.58, 8.64, -0.18, 0.57, 0.82
36.77, -0.51, 9.25, -0.18, 0.61, 0.82
33.29, -0.3, 9.48, -0.17, 0.6, 0.8
36.9, -0.87, 9.51, -0.18, 0.62, 0.82
32.83, -0.81, 8.76, -0.16, 0.66, 0.8
27.94, -0.67, 8.39, -0.15, 0.65, 0.79
27.58, 1.09, 7.18, -0.16, 0.66, 0.79
24.92, 0.42, 5.67, -0.17, 0.68, 0.79
24.73, -0.33, 5.07, -0.16, 0.67, 0.78
25.0, -1.03, 4.55, -0.16, 0.67, 0.78
21.37, -0.43, 4.13, -0.16, 0.67, 0.77
21.22, -0.59, 3.93, -0.16, 0.67, 0.76
20.36, -0.8, 4.14, -0.16, 0.7, 0.77
14.98, -0.06, 3.72, -0.15, 0.72, 0.76
10.35, 1.09, 3.49, -0.15, 0.73, 0.74
6.66, 1.25, 2.45, -0.15, 0.73, 0.75
2.33, 1.39, 1.86, -0.15, 0.74, 0.76
-2.35, 1.62, 1.32, -0.14, 0.74, 0.76
-3.38, 1.73, 0.09, -0.14, 0.74, 0.77
-3.53, 1.25, -1.16, -0.16, 0.7, 0.73
-6.29, 1.53, -1.35, -0.15, 0.72, 0.76
-12.92, 2.56, -1.39, -0.15, 0.72, 0.76
-15.41, 1.91, -2.05, -0.14, 0.72, 0.76
-20.79, 2.97, -3.05, -0.15, 0.73, 0.76
-23.38, 0.79, -3.8, -0.15, 0.78, 0.75
-30.78, 4.55, -5.34, -0.17, 0.67, 0.71
-34.75, 7.67, -7.3, -0.17, 0.78, 0.82
-37.55, 4.03, -9.06, -0.16, 0.57, 0.71
-15.51, -4.48, -10.08, -0.18, 0.53, 0.8
-21.61, -1.04, -7.29, -0.16, 0.62, 0.86
-28.04, 2.27, -3.8, -0.18, 0.62, 0.82
-25.68, 2.14, -3.71, -0.17, 0.58, 0.79
-19.31, 1.93, -3.41, -0.17, 0.62, 0.84
-28.37, 4.03, -1.91, -0.17, 0.65, 0.83
-24.3, 5.09, -3.75, -0.21, 0.56, 0.8
-13.51, 3.15, -5.43, -0.17, 0.53, 0.83
-13.66, 1.87, -4.63, -0.17, 0.56, 0.84
-18.43, 2.75, -2.2, -0.16, 0.65, 0.84
-32.74, 4.3, -0.14, -0.19, 0.73, 0.85
-44.31, 7.88, -2.88, -0.17, 0.66, 0.79
-42.54, 4.35, -5.75, -0.18, 0.63, 0.81
-42.7, 2.58, -8.45, -0.2, 0.61, 0.83
-46.29, 0.47, -9.42, -0.18, 0.6, 0.86
-50.0, 0.83, -10.48, -0.18, 0.57, 0.84
-51.15, 1.35, -11.27, -0.18, 0.56, 0.85
-57.66, 2.22, -11.15, -0.17, 0.56, 0.86
-64.63, 2.0, -11.02, -0.18, 0.56, 0.89
-69.7, 1.8, -11.68, -0.18, 0.54, 0.89
-76.29, 1.9, -12.2, -0.18, 0.53, 0.9
-80.18, 3.99, -13.16, -0.19, 0.48, 0.91
-79.57, 3.13, -14.66, -0.21, 0.45, 0.91
-87.32, 3.53, -14.59, -0.19, 0.48, 0.95
-94.67, 4.45, -14.38, -0.21, 0.43, 0.93
-98.45, 3.22, -15.14, -0.21, 0.41, 0.94
-101.72, 3.78, -16.13, -0.21, 0.36, 0.94
-100.16, 3.67, -16.67, -0.22, 0.32, 0.93
-99.2, 2.57, -14.93, -0.21, 0.26, 0.94
-87.38, 1.39, -7.54, -0.2, 0.21, 0.94
-72.97, -0.61, 3.83, -0.2, 0.24, 0.94
-54.27, -0.8, 13.35, -0.22, 0.27, 0.96
-39.45, -0.85, 20.41, -0.22, 0.26, 0.97
-27.01, -0.52, 25.91, -0.23, 0.24, 0.98
-16.78, 0.92, 31.34, -0.23, 0.22, 1.02
-16.08, 3.22, 35.25, -0.22, 0.22, 1.02
-15.3, 5.73, 38.83, -0.23, 0.2, 1.0
-14.06, 8.03, 40.85, -0.22, 0.21, 0.99
-14.74, 12.32, 43.27, -0.22, 0.22, 0.96
-13.96, 13.74, 41.26, -0.22, 0.2, 0.95
-14.2, 12.66, 38.96, -0.22, 0.2, 0.97
-18.61, 12.63, 37.12, -0.22, 0.18, 0.98
-18.82, 10.18, 36.62, -0.23, 0.17, 0.98
-19.67, 7.93, 36.73, -0.23, 0.19, 1.0
-19.72, 7.14, 39.39, -0.22, 0.17, 0.96
-13.25, 8.35, 41.05, -0.22, 0.16, 0.95
-12.77, 8.83, 40.22, -0.21, 0.16, 0.96
-7.3, 10.12, 36.41, -0.24, 0.14, 0.98
-19.09, 11.25, 29.22, -0.24, 0.12, 1.01
-30.12, 10.2, 22.45, -0.25, 0.08, 1.03
-37.79, 9.41, 16.63, -0.25, 0.06, 1.04
-53.04, 7.42, 11.41, -0.24, 0.05, 1.07
-67.2, 7.08, 7.11, -0.24, 0.01, 1.01
-67.41, 6.23, 6.46, -0.24, 0.01, 0.99
-63.48, 5.88, 7.15, -0.24, 0.0, 0.98
-58.75, 6.32, 8.38, -0.22, -0.01, 0.96
-49.06, 5.48, 9.69, -0.25, -0.01, 0.99
-43.67, 5.67, 8.89, -0.27, 0.0, 1.03
-43.32, 3.25, 7.03, -0.27, 0.0, 1.05
-37.86, 2.84, 7.8, -0.25, -0.02, 1.04
-28.16, 3.95, 10.39, -0.26, -0.05, 1.0
-13.64, 5.61, 13.65, -0.25, -0.04, 1.0
-9.43, 7.17, 15.24, -0.24, -0.03, 1.0
-10.58, 8.08, 15.29, -0.24, -0.02, 1.01
-9.84, 7.74, 14.0, -0.25, -0.05, 0.99
-8.66, 6.97, 12.93, -0.25, -0.06, 0.98
-8.06, 6.26, 12.43, -0.24, -0.07, 0.97
-9.34, 5.75, 11.96, -0.23, -0.07, 0.98
-12.48, 4.17, 12.02, -0.23, -0.07, 0.98
-12.9, 3.16, 10.88, -0.24, -0.09, 0.98
-14.38, 2.06, 10.79, -0.24, -0.1, 1.0
-11.98, 0.77, 12.7, -0.25, -0.11, 1.03
-12.0, 1.43, 12.68, -0.26, -0.11, 1.02
-10.29, 2.93, 12.97, -0.25, -0.1, 1.01
-11.16, 5.01, 11.49, -0.25, -0.09, 1.01
-14.45, 8.12, 9.41, -0.25, -0.09, 1.01
-21.91, 9.37, 11.64, -0.19, -0.15, 1.02
-15.3, 1.16, 8.12, -0.24, 0.0, 1.01
-11.51, 3.75, 7.93, -0.25, 0.0, 1.0
-13.06, 6.35, 6.8, -0.26, -0.03, 0.96
-6.8, 6.09, 6.25, -0.25, -0.02, 0.97
-4.69, 4.99, 4.05, -0.25, -0.02, 0.98
-3.8, 3.66, 2.73, -0.25, -0.02, 0.98
-4.04, 2.2, 0.45, -0.25, -0.02, 0.98
-4.96, 0.96, -1.03, -0.26, -0.03, 0.98
-4.57, 0.23, -1.57, -0.25, -0.02, 0.99
-6.05, 0.8, -1.73, -0.25, -0.04, 0.98
-5.09, 1.78, -1.54, -0.25, -0.06, 0.98
-0.9, 1.9, -1.81, -0.26, -0.07, 0.99
-0.4, 1.04, -1.8, -0.26, -0.07, 1.01
1.9, 0.24, -1.37, -0.27, -0.1, 1.01
7.51, 0.22, -0.58, -0.27, -0.1, 1.01
13.49, 0.67, 0.29, -0.27, -0.1, 1.0
18.33, 0.76, 1.66, -0.27, -0.09, 1.0
22.06, 0.71, 2.64, -0.27, -0.08, 0.99
28.32, -0.17, 4.09, -0.27, -0.07, 0.99
33.25, -1.7, 5.29, -0.28, -0.05, 1.02
33.15, -2.59, 5.42, -0.27, -0.05, 1.01
38.01, -3.66, 6.0, -0.27, -0.04, 1.0
45.41, -4.49, 6.81, -0.28, -0.03, 1.0
50.25, -4.83, 8.11, -0.27, -0.03, 1.0
55.38, -4.23, 9.29, -0.26, 0.0, 1.0
58.37, -4.09, 10.05, -0.25, 0.01, 1.01
59.56, -4.41, 10.58, -0.25, 0.05, 1.01
61.62, -4.69, 11.23, -0.26, 0.06, 1.01
62.51, -5.96, 11.42, -0.25, 0.1, 1.0
62.77, -5.6, 12.38, -0.25, 0.11, 0.98
65.02, -5.09, 12.39, -0.24, 0.14, 0.96
65.8, -4.88, 12.81, -0.23, 0.16, 0.98
64.18, -4.9, 12.77, -0.24, 0.18, 0.97
62.93, -5.56, 11.55, -0.23, 0.2, 0.97
60.44, -6.2, 9.75, -0.23, 0.22, 0.98
55.76, -7.03, 7.15, -0.24, 0.24, 0.98
51.12, -9.03, 3.71, -0.25, 0.25, 0.99
42.68, -10.82, -2.8, -0.25, 0.24, 1.0
31.06, -13.12, -9.84, -0.24, 0.23, 0.98
27.42, -14.22, -13.49, -0.24, 0.24, 0.99
20.89, -15.67, -18.08, -0.24, 0.23, 1.01
11.08, -17.14, -23.35, -0.24, 0.24, 1.02
-0.45, -17.82, -28.92, -0.23, 0.21, 0.99
-5.25, -16.94, -32.77, -0.23, 0.18, 0.97
-5.04, -14.91, -34.18, -0.23, 0.17, 0.96
-6.58, -15.54, -32.28, -0.21, 0.2, 0.99
-3.0, -15.59, -30.84, -0.23, 0.21, 0.98
4.45, -14.14, -25.28, -0.21, 0.21, 0.96
14.41, -10.11, -22.1, -0.2, 0.21, 0.93
27.18, -7.19, -19.58, -0.21, 0.26, 0.95
34.51, -4.41, -16.58, -0.22, 0.25, 0.93
46.11, -2.23, -14.54, -0.21, 0.26, 0.92
55.66, -2.0, -12.6, -0.22, 0.29, 0.93
62.87, -3.41, -6.99, -0.22, 0.38, 0.98
57.54, -7.0, -1.53, -0.23, 0.45, 0.98
56.72, -11.61, -2.55, -0.22, 0.47, 0.99
51.7, -11.78, -5.74, -0.21, 0.43, 0.95
48.08, -11.49, -8.82, -0.21, 0.41, 0.94
40.71, -11.15, -14.7, -0.21, 0.41, 0.95
34.18, -10.9, -17.71, -0.21, 0.42, 0.96
28.81, -12.0, -20.47, -0.21, 0.41, 0.96
21.03, -16.05, -25.12, -0.22, 0.44, 0.97
7.65, -17.45, -28.99, -0.21, 0.42, 0.98
-4.29, -18.06, -31.63, -0.19, 0.39, 0.95
-9.54, -16.87, -31.74, -0.18, 0.37, 0.92
-7.71, -14.51, -31.52, -0.18, 0.37, 0.91
-5.2, -14.18, -30.31, -0.18, 0.39, 0.92
-3.55, -13.47, -28.86, -0.18, 0.42, 0.93
-4.24, -12.25, -25.9, -0.18, 0.42, 0.92
3.12, -11.24, -22.48, -0.18, 0.43, 0.91
9.53, -9.84, -20.09, -0.17, 0.43, 0.86
21.68, -8.39, -17.87, -0.18, 0.44, 0.86
23.57, -4.44, -15.04, -0.15, 0.46, 0.87
23.47, -0.96, -13.84, -0.16, 0.44, 0.84
30.52, 1.0, -13.31, -0.17, 0.45, 0.83
32.49, 3.24, -6.12, -0.15, 0.44, 0.85
45.07, 3.19, 4.44, -0.16, 0.49, 0.82
70.93, 2.03, 15.28, -0.2, 0.58, 0.84
70.83, -7.46, 9.5, -0.2, 0.61, 0.93
60.1, -8.09, 9.18, -0.19, 0.58, 0.97
51.67, -4.52, 8.51, -0.2, 0.55, 0.92
51.16, -4.57, 8.31, -0.18, 0.59, 0.9
47.26, -3.36, 7.62, -0.18, 0.6, 0.9
44.31, -2.53, 6.21, -0.17, 0.58, 0.88
43.12, -2.72, 5.99, -0.17, 0.59, 0.87
36.13, -1.12, 5.29, -0.16, 0.59, 0.85
33.87, -1.75, 3.55, -0.17, 0.56, 0.84
30.86, -1.79, 4.5, -0.15, 0.55, 0.82
30.77, -1.36, 5.61, -0.15, 0.56, 0.8
32.78, -0.56, 6.73, -0.14, 0.59, 0.79
34.47, -0.29, 6.45, -0.15, 0.59, 0.8
35.19, -1.08, 6.0, -0.16, 0.6, 0.8
37.25, -1.58, 6.17, -0.16, 0.61, 0.81
37.22, -1.63, 6.46, -0.16, 0.62, 0.81
36.54, -0.76, 6.61, -0.16, 0.63, 0.8
35.69, -1.17, 6.82, -0.16, 0.66, 0.8
33.38, -0.52, 6.0, -0.15, 0.66, 0.81
32.85, -0.96, 5.8, -0.14, 0.68, 0.79
30.26, -0.21, 5.59, -0.15, 0.69, 0.78
30.06, -0.61, 5.19, -0.15, 0.69, 0.77
30.67, -0.36, 4.9, -0.15, 0.69, 0.76
29.75, -0.25, 4.61, -0.15, 0.7, 0.76
27.12, -0.14, 4.6, -0.14, 0.71, 0.75
25.16, -0.74, 3.9, -0.14, 0.7, 0.75
23.09, -0.44, 3.88, -0.13, 0.72, 0.76
18.18, 1.1, 3.52, -0.13, 0.71, 0.74
20.74, 0.59, 3.54, -0.15, 0.71, 0.73
22.36, 0.03, 3.25, -0.15, 0.72, 0.72
22.74, -0.35, 3.23, -0.15, 0.73, 0.72
22.19, -0.24, 3.13, -0.14, 0.73, 0.73
19.45, -0.16, 3.06, -0.14, 0.75, 0.72
17.41, 0.02, 3.09, -0.13, 0.74, 0.72
15.96, 0.31, 2.6, -0.14, 0.74, 0.71
14.03, 0.28, 2.61, -0.14, 0.75, 0.71
12.87, 0.77, 2.48, -0.14, 0.75, 0.71
12.46, 1.06, 2.52, -0.14, 0.75, 0.7
12.35, 1.03, 2.55, -0.14, 0.75, 0.7
11.81, 1.41, 1.99, -0.14, 0.75, 0.69
11.97, 1.51, 1.82, -0.13, 0.75, 0.69
11.92, 0.64, 2.2, -0.14, 0.76, 0.7
10.45, 0.54, 2.22, -0.14, 0.76, 0.69
10.54, 0.57, 2.12, -0.14, 0.76, 0.67
10.18, 0.51, 1.9, -0.13, 0.78, 0.69
6.63, 1.24, 1.54, -0.12, 0.78, 0.69
4.0, 1.24, 1.49, -0.14, 0.77, 0.68
5.86, 0.55, 0.99, -0.13, 0.77, 0.67
6.18, 0.89, 0.83, -0.14, 0.77, 0.68
5.05, 0.19, 0.45, -0.13, 0.76, 0.67
4.44, 0.87, 0.84, -0.13, 0.79, 0.67
0.85, 1.36, 0.72, -0.13, 0.79, 0.67
-2.74, 1.44, 0.35, -0.13, 0.81, 0.66
-4.45, 2.57, -0.22, -0.13, 0.8, 0.66
-7.69, 1.99, -1.14, -0.12, 0.81, 0.66
-13.1, 1.73, -2.58, -0.12, 0.84, 0.66
-23.31, 3.34, -3.35, -0.12, 0.84, 0.66
-26.34, 3.45, -4.61, -0.14, 0.83, 0.66
-30.38, 2.71, -5.53, -0.13, 0.82, 0.68
-37.32, 3.47, -7.58, -0.12, 0.84, 0.7
-57.8, 9.69, -7.49, -0.12, 0.83, 0.62
-58.27, 5.03, -10.15, -0.14, 0.78, 0.67
-64.3, 6.1, -12.35, -0.13, 0.83, 0.71
-70.77, 3.52, -13.53, -0.16, 0.76, 0.71
-77.92, 6.2, -14.54, -0.13, 0.76, 0.74
-86.16, 7.22, -15.32, -0.15, 0.73, 0.74
-91.71, 7.06, -17.26, -0.16, 0.69, 0.75
-91.96, 6.33, -18.73, -0.15, 0.66, 0.79
-95.63, 5.24, -18.59, -0.16, 0.61, 0.84
-102.14, 6.64, -18.87, -0.18, 0.51, 0.81
-84.77, 6.59, -21.09, -0.19, 0.39, 0.82
-71.15, 3.78, -21.12, -0.21, 0.38, 0.9
-71.83, 3.63, -16.65, -0.2, 0.44, 0.94
-71.28, 6.15, -11.49, -0.22, 0.43, 0.89
-64.38, 6.43, -10.48, -0.19, 0.41, 0.82
-54.39, 7.41, -9.45, -0.22, 0.46, 0.86
-57.99, 5.08, -7.8, -0.21, 0.49, 0.94
-65.43, 3.55, -8.22, -0.21, 0.45, 0.94
-62.42, 2.19, -9.9, -0.21, 0.43, 0.91
-53.64, 3.11, -10.06, -0.21, 0.46, 0.92
-59.51, 8.77, -11.3, -0.23, 0.46, 0.95
-65.15, 0.64, -13.13, -0.22, 0.45, 0.96
-69.69, 0.56, -14.61, -0.22, 0.45, 0.97
-81.82, 2.14, -15.02, -0.19, 0.45, 0.97
-93.57, 3.65, -16.25, -0.19, 0.42, 0.95
-101.54, 4.64, -18.02, -0.19, 0.4, 0.96
-107.23, 4.5, -19.8, -0.22, 0.37, 0.96
-120.19, 5.25, -20.66, -0.22, 0.3, 0.93
-118.12, 2.54, -22.25, -0.23, 0.27, 0.94
-121.83, 1.67, -24.09, -0.23, 0.19, 0.91
-123.59, 1.7, -23.92, -0.21, 0.21, 0.95
-138.29, 4.24, -23.45, -0.22, 0.14, 0.95
-138.69, 4.51, -24.77, -0.24, 0.06, 0.95
-138.98, 1.77, -23.8, -0.23, 0.0, 0.94
-129.79, 1.92, -19.67, -0.22, -0.07, 0.93
-114.88, 0.39, -11.87, -0.23, -0.03, 0.99
-106.61, 0.25, -5.64, -0.24, -0.07, 0.99
-93.26, -1.8, 3.26, -0.24, -0.16, 0.98
-66.0, -5.43, 12.27, -0.26, -0.18, 1.03
-51.36, -7.58, 19.06, -0.25, -0.17, 1.06
-41.86, -6.83, 25.47, -0.26, -0.22, 1.03
-24.69, -8.19, 27.45, -0.27, -0.23, 1.01
-11.22, -7.95, 31.75, -0.28, -0.23, 1.01
-5.12, -9.51, 34.74, -0.26, -0.2, 1.02
5.03, -8.85, 41.16, -0.26, -0.17, 1.01
13.25, -8.61, 45.09, -0.26, -0.14, 1.01
12.99, -9.95, 48.13, -0.24, -0.11, 1.0
19.95, -8.82, 50.87, -0.25, -0.16, 0.95
24.42, -8.54, 47.4, -0.24, -0.09, 0.98
16.13, -5.33, 42.99, -0.24, -0.11, 1.01
3.44, -3.73, 39.19, -0.23, -0.11, 1.01
-3.02, -4.03, 37.06, -0.24, -0.14, 1.01
-10.24, -3.38, 35.77, -0.23, -0.14, 1.0
-17.59, -1.87, 34.05, -0.23, -0.19, 0.95
-9.79, 0.58, 30.19, -0.23, -0.18, 0.93
-16.32, 5.28, 25.11, -0.24, -0.2, 0.95
-25.98, 4.67, 18.74, -0.23, -0.2, 0.97
-38.95, 2.8, 11.58, -0.24, -0.2, 0.99
-45.7, 2.44, 9.1, -0.23, -0.21, 0.98
-48.04, 1.41, 8.09, -0.23, -0.21, 0.95
-48.22, 4.12, 9.83, -0.22, -0.27, 0.93
-39.44, 2.78, 12.68, -0.21, -0.26, 0.95
-39.0, 2.07, 12.16, -0.22, -0.26, 0.93
-38.83, 1.64, 10.96, -0.23, -0.27, 0.92
-42.51, 1.32, 8.04, -0.22, -0.25, 0.95
-51.9, 2.45, 4.95, -0.22, -0.29, 0.95
-64.03, 3.79, 0.73, -0.21, -0.3, 0.93
-66.97, 3.83, -1.95, -0.23, -0.31, 0.91
-64.7, 4.12, -5.52, -0.24, -0.35, 0.94
-64.37, 3.28, -5.48, -0.23, -0.33, 0.96
-56.46, 1.3, -4.74, -0.23, -0.35, 0.94
-42.27, 0.13, -5.06, -0.25, -0.35, 0.94
-36.49, -0.73, -3.89, -0.24, -0.35, 0.96
-25.75, -1.35, -2.33, -0.25, -0.39, 0.94
-15.55, -2.63, -1.17, -0.25, -0.39, 0.96
-11.9, -2.16, 0.06, -0.24, -0.39, 0.96
-13.22, -0.9, 1.66, -0.24, -0.38, 0.96
-13.86, -0.8, 3.28, -0.24, -0.38, 0.97
-14.3, -0.86, 4.29, -0.24, -0.36, 0.96
-15.38, -0.2, 5.0, -0.24, -0.35, 0.93
-14.66, 0.08, 4.59, -0.23, -0.33, 0.91
-17.22, 1.52, 3.7, -0.23, -0.32, 0.9
-20.7, 3.06, 0.76, -0.22, -0.34, 0.87
-28.61, 4.41, -3.51, -0.21, -0.35, 0.88
-36.25, 3.96, -5.43, -0.22, -0.36, 0.91
-44.37, 3.7, -6.13, -0.23, -0.37, 0.89
-43.56, 4.35, -4.78, -0.22, -0.38, 0.86
-42.03, 6.18, -4.32, -0.21, -0.39, 0.83
-41.5, 6.95, -4.43, -0.21, -0.39, 0.87
-40.4, 6.95, -5.74, -0.22, -0.43, 0.87
-36.51, 5.9, -7.78, -0.26, -0.5, 0.88
-26.72, 3.07, -7.84, -0.27, -0.54, 0.91
-18.76, -0.72, -8.38, -0.27, -0.57, 0.95
-14.52, -0.41, -7.06, -0.25, -0.59, 0.92
-11.09, 0.94, -4.34, -0.23, -0.59, 0.89
-0.8, 1.93, -1.93, -0.23, -0.56, 0.87
3.12, 3.28, 0.83, -0.23, -0.5, 0.89
3.9, 2.28, 1.63, -0.25, -0.47, 0.9
-2.74, 0.71, 2.22, -0.23, -0.43, 0.9
-7.92, 0.53, 1.41, -0.24, -0.42, 0.86
-6.71, 0.22, 0.11, -0.24, -0.42, 0.85
-6.05, -0.28, -1.74, -0.23, -0.43, 0.87
-7.65, -0.51, -3.45, -0.24, -0.45, 0.88
-5.29, -1.8, -4.11, -0.23, -0.45, 0.9
-6.07, -1.09, -4.38, -0.23, -0.46, 0.89
-1.11, -0.54, -3.45, -0.23, -0.5, 0.88
2.08, -1.59, -0.21, -0.23, -0.47, 0.89
3.4, -2.74, 2.08, -0.24, -0.46, 0.89
5.22, -3.39, 4.23, -0.24, -0.45, 0.88
4.94, -4.11, 4.36, -0.23, -0.45, 0.88
3.75, -3.44, 4.86, -0.23, -0.48, 0.88
3.6, -3.8, 4.9, -0.22, -0.46, 0.88
1.13, -2.54, 4.67, -0.21, -0.47, 0.88
1.94, -2.38, 4.28, -0.21, -0.48, 0.87
4.42, -2.16, 2.9, -0.22, -0.47, 0.85
3.94, -0.12, 0.77, -0.22, -0.49, 0.85
1.16, 0.7, -0.87, -0.21, -0.5, 0.84
2.57, 2.67, -2.15, -0.21, -0.52, 0.83
6.39, 2.0, -1.06, -0.21, -0.49, 0.86
7.76, 1.48, -0.61, -0.23, -0.48, 0.87
7.8, -0.01, -0.27, -0.23, -0.48, 0.89
9.74, -0.76, 0.25, -0.22, -0.49, 0.89
11.38, -0.51, 1.01, -0.23, -0.49, 0.88
14.76, 0.83, 2.65, -0.21, -0.48, 0.86
20.51, 0.35, 2.77, -0.23, -0.47, 0.9
19.86, 0.52, 1.92, -0.22, -0.48, 0.89
21.52, 1.22, 2.17, -0.22, -0.45, 0.9
22.74, 0.34, 2.72, -0.22, -0.45, 0.9
26.64, 0.76, 2.3, -0.24, -0.44, 0.9
30.99, -0.88, 1.87, -0.23, -0.45, 0.92
32.04, 0.17, 2.19, -0.22, -0.44, 0.93
35.68, -0.07, 2.36, -0.23, -0.43, 0.92
38.48, -0.4, 3.07, -0.23, -0.43, 0.92
41.46, 0.03, 3.32, -0.23, -0.43, 0.91
46.11, -0.73, 4.84, -0.23, -0.41, 0.91
48.05, -0.15, 5.96, -0.23, -0.4, 0.92
49.8, -1.13, 6.7, -0.22, -0.38, 0.94
49.39, -0.7, 7.57, -0.22, -0.37, 0.94
50.59, 1.21, 8.03, -0.22, -0.38, 0.92
56.57, -3.45, 9.54, -0.22, -0.34, 0.96
53.7, -0.16, 10.43, -0.22, -0.32, 0.95
57.74, -1.21, 11.37, -0.23, -0.3, 0.95
58.74, -1.17, 11.95, -0.23, -0.28, 0.96
60.58, -2.05, 12.15, -0.23, -0.26, 0.97
61.95, -2.33, 11.93, -0.23, -0.25, 0.96
63.58, -1.94, 12.32, -0.22, -0.24, 0.95
69.19, -1.97, 12.54, -0.23, -0.23, 0.96
73.67, -1.06, 12.04, -0.22, -0.2, 0.98
74.38, -1.31, 12.81, -0.22, -0.18, 0.98
76.35, -3.25, 14.1, -0.22, -0.16, 0.99
77.18, -2.46, 14.98, -0.23, -0.13, 1.0
77.46, -2.97, 15.93, -0.23, -0.11, 1.0
77.93, -3.44, 16.08, -0.22, -0.09, 1.01
81.16, -3.31, 16.21, -0.23, -0.07, 1.0
79.61, -2.79, 16.89, -0.21, -0.01, 1.0
82.99, -2.03, 17.01, -0.23, 0.0, 0.98
85.16, -2.02, 17.36, -0.21, 0.01, 0.96
89.21, -2.81, 17.51, -0.21, 0.03, 0.99
89.83, -2.96, 17.29, -0.22, 0.04, 1.0
89.46, -4.29, 17.32, -0.23, 0.06, 1.01
87.11, -6.74, 18.29, -0.21, 0.12, 1.01
85.9, -5.12, 18.48, -0.22, 0.15, 0.99
84.38, -5.83, 17.7, -0.21, 0.17, 0.96
80.81, -7.32, 14.42, -0.21, 0.23, 0.99
72.67, -9.0, 10.9, -0.21, 0.26, 1.0
60.31, -9.22, 3.64, -0.22, 0.25, 0.99
41.84, -9.02, -3.26, -0.19, 0.26, 1.0
28.33, -8.58, -10.57, -0.21, 0.25, 1.01
17.59, -9.25, -14.96, -0.23, 0.25, 1.01
13.13, -10.06, -18.52, -0.22, 0.24, 1.0
6.78, -9.91, -23.58, -0.2, 0.22, 1.0
-0.54, -8.35, -26.83, -0.2, 0.21, 0.99
-0.46, -7.38, -28.33, -0.21, 0.22, 0.98
3.01, -6.7, -27.15, -0.21, 0.25, 0.99
1.07, -5.83, -26.7, -0.2, 0.27, 0.98
1.48, -4.5, -25.02, -0.19, 0.24, 0.96
6.64, -2.53, -22.86, -0.18, 0.25, 0.94
16.29, -1.76, -19.91, -0.2, 0.24, 0.92
29.37, -4.2, -16.07, -0.21, 0.28, 0.97
33.8, -8.06, -13.12, -0.2, 0.34, 0.99
35.63, -8.35, -11.72, -0.2, 0.32, 0.97
37.26, -7.77, -11.38, -0.19, 0.32, 0.96
35.64, -5.38, -10.86, -0.17, 0.32, 0.96
35.43, -2.44, -9.16, -0.18, 0.33, 0.95
40.2, -1.76, -6.53, -0.2, 0.36, 0.94
48.96, -4.77, -4.84, -0.21, 0.4, 0.95
48.04, -7.81, -3.63, -0.19, 0.43, 0.98
42.11, -8.12, -4.8, -0.19, 0.41, 0.97
35.35, -7.12, -8.04, -0.18, 0.39, 0.94
30.1, -6.16, -9.56, -0.18, 0.37, 0.93
28.0, -3.0, -10.38, -0.18, 0.34, 0.9
33.32, -2.99, -7.96, -0.19, 0.38, 0.92
32.39, -4.08, -5.79, -0.18, 0.43, 0.93
31.53, -6.47, -4.64, -0.18, 0.46, 0.94
26.95, -7.27, -5.7, -0.18, 0.46, 0.93
22.8, -6.22, -7.5, -0.17, 0.44, 0.92
21.31, -3.72, -6.74, -0.16, 0.42, 0.89
28.41, 0.06, -1.49, -0.15, 0.42, 0.86
43.58, 2.03, 7.36, -0.15, 0.44, 0.83
66.08, 1.43, 13.63, -0.18, 0.51, 0.83
67.11, -3.72, 10.64, -0.17, 0.56, 0.92
54.03, -2.58, 10.38, -0.16, 0.54, 0.92
51.85, -2.36, 10.03, -0.18, 0.52, 0.88
52.33, -2.3, 9.22, -0.17, 0.53, 0.87
52.38, -2.67, 8.67, -0.17, 0.55, 0.88
49.9, -2.0, 8.93, -0.16, 0.55, 0.86
48.25, -2.19, 8.27, -0.15, 0.58, 0.87
42.48, -1.19, 7.96, -0.15, 0.58, 0.86
43.88, -1.03, 7.52, -0.16, 0.57, 0.84
46.18, -1.77, 7.46, -0.17, 0.59, 0.84
45.19, -2.67, 8.11, -0.17, 0.61, 0.84
44.78, -2.99, 8.32, -0.16, 0.6, 0.81
42.33, -2.27, 8.18, -0.14, 0.62, 0.82
39.49, -0.86, 7.8, -0.13, 0.63, 0.81
37.64, 0.3, 7.51, -0.14, 0.63, 0.78
39.93, -0.29, 7.38, -0.15, 0.65, 0.79
40.72, -0.75, 7.29, -0.15, 0.67, 0.78
38.18, -0.88, 6.92, -0.14, 0.67, 0.77
37.2, -1.06, 6.94, -0.14, 0.68, 0.77
35.73, -0.42, 6.5, -0.13, 0.69, 0.76
33.82, -0.19, 6.13, -0.12, 0.69, 0.76
31.48, 0.46, 5.64, -0.13, 0.71, 0.75
27.83, 0.97, 5.41, -0.13, 0.72, 0.75
25.61, 1.24, 5.35, -0.13, 0.74, 0.74
25.25, 1.49, 4.52, -0.14, 0.73, 0.73
24.44, 0.89, 4.12, -0.13, 0.73, 0.73
24.03, -0.12, 3.66, -0.13, 0.73, 0.72
23.35, 1.59, 2.15, -0.17, 0.73, 0.69
19.15, 3.33, 3.09, -0.14, 0.71, 0.72
20.64, -0.28, 3.18, -0.12, 0.74, 0.71
15.01, 0.99, 3.03, -0.11, 0.76, 0.71
13.17, 2.42, 2.97, -0.13, 0.76, 0.69
14.6, 1.16, 2.66, -0.13, 0.77, 0.69
12.03, 1.14, 2.55, -0.13, 0.78, 0.69
9.7, 0.63, 2.03, -0.13, 0.77, 0.68
8.62, 0.69, 1.18, -0.12, 0.77, 0.7
6.32, 0.85, 0.96, -0.12, 0.77, 0.69
4.69, 0.75, 0.57, -0.12, 0.77, 0.69
3.51, 1.19, 0.25, -0.13, 0.76, 0.69
3.32, 1.28, 0.06, -0.12, 0.75, 0.69
4.21, 0.91, -0.04, -0.13, 0.76, 0.69
3.33, 0.58, 0.3, -0.13, 0.78, 0.69
1.99, 1.48, 0.03, -0.13, 0.76, 0.69
0.88, 0.61, 0.9, -0.12, 0.8, 0.7
-3.74, 1.38, 0.51, -0.13, 0.78, 0.69
-3.07, 1.81, -0.14, -0.13, 0.78, 0.68
-2.12, 1.77, -0.9, -0.13, 0.77, 0.69
-3.32, 0.29, -0.79, -0.14, 0.76, 0.69
-8.7, 3.25, -1.03, -0.14, 0.75, 0.68
-15.85, 3.07, -0.45, -0.11, 0.79, 0.69
-11.39, 1.67, -1.31, -0.15, 0.75, 0.68
-9.67, 1.13, -2.12, -0.13, 0.75, 0.72
-11.64, 1.85, -1.58, -0.14, 0.73, 0.69
-10.11, 2.32, -1.63, -0.13, 0.73, 0.7
-7.77, 0.81, -1.52, -0.13, 0.72, 0.7
-7.77, -0.83, 0.44, -0.11, 0.77, 0.77
-11.18, -0.16, -1.22, -0.17, 0.74, 0.73
-10.27, 0.64, -1.61, -0.14, 0.72, 0.67
-6.91, 2.7, -0.34, -0.13, 0.72, 0.71
-7.76, 2.18, -0.03, -0.13, 0.75, 0.73
-4.51, 0.54, -1.17, -0.14, 0.73, 0.72
-4.87, 1.09, -0.5, -0.13, 0.73, 0.69
-5.22, 0.82, -0.95, -0.13, 0.74, 0.7
-5.94, 1.25, -0.33, -0.1, 0.76, 0.71
-9.86, 2.41, -0.61, -0.14, 0.7, 0.66
-2.35, 1.7, -0.54, -0.13, 0.73, 0.74
-5.41, 0.34, -1.28, -0.15, 0.74, 0.72
-10.17, -0.27, -0.09, -0.17, 0.69, 0.64
-3.41, 2.19, 0.74, -0.12, 0.82, 0.82
-18.23, 1.1, 0.38, -0.2, 0.67, 0.51
-13.38, 6.82, 0.38, -0.1, 0.87, 0.92
-19.93, 2.19, -5.65, -0.17, 0.65, 0.61
-26.47, 2.96, -1.83, -0.09, 0.87, 0.81
-29.1, 4.21, -4.72, -0.18, 0.65, 0.65
-26.48, 4.24, -4.29, -0.13, 0.71, 0.74
-19.36, 2.12, -5.39, -0.17, 0.66, 0.75
-19.81, 1.83, -3.98, -0.15, 0.67, 0.76
-20.43, 2.74, -3.41, -0.15, 0.66, 0.75
-17.54, 2.87, -2.77, -0.15, 0.66, 0.76
-26.86, 3.77, -0.51, -0.16, 0.76, 0.79
-35.89, 7.48, -0.51, -0.1, 0.78, 0.75
-36.7, 1.69, -2.29, -0.18, 0.68, 0.7
-19.58, 2.85, -8.84, -0.17, 0.57, 0.67
-3.31, -3.52, -8.71, -0.12, 0.61, 0.87
-15.69, -2.21, -4.58, -0.19, 0.69, 0.91
-14.82, -0.1, -2.87, -0.16, 0.58, 0.75
-2.61, 2.09, -2.32, -0.16, 0.64, 0.82
-13.25, -1.01, 0.12, -0.1, 0.72, 0.85
-16.37, 0.68, 0.35, -0.17, 0.69, 0.78
-16.73, 3.19, 0.26, -0.16, 0.75, 0.81
-41.16, 9.19, -0.86, -0.14, 0.78, 0.78
-47.22, 9.11, -4.61, -0.14, 0.74, 0.75
-51.9, 5.93, -8.14, -0.15, 0.72, 0.76
-57.09, 6.72, -10.42, -0.16, 0.7, 0.79
-60.83, 4.89, -12.58, -0.16, 0.65, 0.78
-63.23, 5.12, -13.77, -0.17, 0.62, 0.81
-67.16, 3.52, -13.77, -0.17, 0.58, 0.83
-62.33, 4.57, -15.26, -0.18, 0.49, 0.81
-49.15, 0.45, -15.91, -0.19, 0.42, 0.85
-42.66, 0.51, -14.43, -0.2, 0.44, 0.89
-44.9, 2.22, -9.66, -0.17, 0.48, 0.92
-44.41, 2.7, -6.58, -0.19, 0.46, 0.9
-41.17, 3.64, -5.79, -0.19, 0.47, 0.9
-35.76, 3.77, -5.3, -0.2, 0.48, 0.91
-36.48, 3.62, -5.47, -0.19, 0.51, 0.94
-39.92, 3.58, -5.97, -0.19, 0.52, 0.95
-45.22, 7.65, -7.8, -0.18, 0.49, 0.86
-49.25, 5.75, -8.31, -0.17, 0.55, 0.92
-61.33, 7.45, -9.5, -0.18, 0.55, 0.92
-68.16, 7.19, -11.26, -0.2, 0.51, 0.91
-72.67, 4.67, -13.87, -0.21, 0.46, 0.89
-75.87, 3.0, -14.92, -0.2, 0.46, 0.91
-84.69, 3.29, -16.06, -0.2, 0.43, 0.93
-92.1, 3.05, -17.75, -0.19, 0.39, 0.92
-94.8, 3.26, -18.43, -0.21, 0.38, 0.93
-94.87, 2.59, -19.51, -0.23, 0.35, 0.94
-93.19, 2.32, -21.16, -0.22, 0.29, 0.94
-93.28, 0.42, -21.51, -0.22, 0.26, 0.97
-97.77, 0.77, -21.61, -0.22, 0.23, 1.02
-99.79, 0.14, -20.8, -0.23, 0.17, 1.01
-102.67, -0.96, -20.29, -0.22, 0.14, 1.04
-96.91, 1.43, -19.27, -0.23, 0.08, 1.01
-85.05, 3.93, -7.41, -0.21, 0.02, 0.99
-52.16, -2.54, 2.63, -0.25, 0.13, 1.06
-49.17, -1.86, 13.89, -0.23, 0.11, 1.02
-30.82, 0.0, 18.91, -0.25, 0.06, 1.0
-23.05, -0.1, 21.98, -0.23, 0.07, 1.01
-15.38, -0.67, 25.37, -0.23, 0.05, 0.99
-7.7, -0.16, 29.98, -0.22, 0.07, 1.0
-5.67, 1.09, 32.46, -0.22, 0.09, 0.98
-3.95, 2.98, 33.0, -0.21, 0.09, 0.96
-3.31, 5.14, 32.78, -0.2, 0.1, 0.96
-7.55, 6.59, 29.38, -0.21, 0.09, 0.97
-15.87, 6.38, 24.03, -0.21, 0.08, 0.98
-24.13, 5.96, 18.22, -0.22, 0.05, 0.97
-33.84, 5.32, 13.09, -0.22, 0.04, 0.99
-40.79, 4.12, 9.32, -0.22, 0.01, 0.97
-46.35, 4.04, 6.14, -0.22, 0.0, 0.97
-52.69, 4.08, 2.27, -0.23, -0.02, 0.96
-57.16, 3.5, -1.52, -0.23, -0.05, 0.98
-69.34, 4.22, -5.09, -0.23, -0.07, 0.97
-85.5, 4.86, -8.14, -0.22, -0.09, 0.99
-100.97, 6.12, -12.51, -0.21, -0.1, 0.97
-122.86, 6.58, -11.01, -0.14, -0.14, 0.96
-110.97, 9.46, -12.33, -0.27, -0.18, 0.96
-109.03, 5.26, -10.78, -0.23, -0.18, 0.99
-112.67, 4.5, -10.35, -0.23, -0.21, 0.99
-115.93, 6.07, -8.79, -0.22, -0.29, 0.98
-97.6, 4.19, -6.51, -0.26, -0.33, 0.97
-81.32, 2.99, -3.08, -0.24, -0.31, 0.99
-67.05, 2.02, -0.36, -0.26, -0.32, 0.98
-53.64, 0.42, 2.63, -0.26, -0.35, 0.98
-39.13, -0.58, 5.95, -0.27, -0.37, 0.98
-28.82, -2.32, 8.19, -0.27, -0.37, 0.99
-25.19, -2.31, 9.8, -0.26, -0.38, 0.98
-21.77, -2.06, 12.19, -0.26, -0.4, 0.97
-18.32, -2.19, 15.63, -0.25, -0.39, 0.95
-19.14, -2.88, 17.96, -0.24, -0.36, 0.93
-21.52, -3.73, 19.52, -0.23, -0.33, 0.93
-22.98, -5.25, 20.72, -0.23, -0.35, 0.9
-20.26, -4.71, 20.7, -0.22, -0.34, 0.89
-24.46, -4.12, 18.24, -0.22, -0.36, 0.87
-32.36, -2.34, 13.59, -0.21, -0.39, 0.86
-37.95, 0.9, 6.97, -0.22, -0.42, 0.83
-51.19, 3.94, -1.81, -0.2, -0.47, 0.8
-56.87, 4.55, -7.29, -0.18, -0.5, 0.79
-52.25, 7.23, -5.08, -0.2, -0.53, 0.8
-43.97, 3.87, -4.01, -0.22, -0.49, 0.82
-31.85, 2.58, -3.29, -0.24, -0.51, 0.84
-24.48, 1.46, -2.58, -0.26, -0.52, 0.89
-18.12, -0.94, -2.08, -0.29, -0.57, 0.94
-12.58, -3.6, -1.77, -0.27, -0.57, 0.95
-7.65, -2.65, 0.85, -0.25, -0.53, 0.93
-2.77, 0.12, 2.77, -0.26, -0.49, 0.91
-0.45, 0.24, 3.93, -0.25, -0.46, 0.92
-2.48, 1.1, 4.22, -0.24, -0.44, 0.91
-4.13, 1.59, 3.97, -0.23, -0.44, 0.87
-3.49, 1.94, 2.92, -0.24, -0.41, 0.86
-4.47, 0.8, 2.01, -0.23, -0.41, 0.85
-6.83, -0.29, 0.96, -0.23, -0.41, 0.86
-6.51, -0.29, 0.8, -0.24, -0.44, 0.87
-7.96, -1.04, 1.45, -0.23, -0.46, 0.9
-9.69, -0.12, 1.77, -0.25, -0.49, 0.89
-7.07, 0.7, 2.54, -0.25, -0.5, 0.9
-2.16, 1.33, 3.16, -0.24, -0.49, 0.88
2.48, 1.41, 3.25, -0.24, -0.47, 0.87
8.19, 2.26, 2.83, -0.25, -0.5, 0.86
9.93, 1.15, 2.99, -0.25, -0.43, 0.88
-0.7, 1.44, 2.93, -0.23, -0.41, 0.88
0.7, 0.77, 1.88, -0.25, -0.43, 0.87
1.51, 0.33, 0.87, -0.24, -0.44, 0.88
1.68, 1.0, 0.06, -0.24, -0.46, 0.86
3.33, 0.3, 0.12, -0.24, -0.46, 0.87
5.05, 0.71, 0.06, -0.24, -0.45, 0.88
4.2, 0.82, -0.15, -0.24, -0.44, 0.89
4.71, 1.51, -0.39, -0.24, -0.44, 0.88
5.67, 1.46, -0.69, -0.23, -0.44, 0.89
6.95, 1.17, -1.22, -0.24, -0.45, 0.89
9.71, 0.67, -1.66, -0.24, -0.46, 0.89
11.99, 0.55, -1.77, -0.24, -0.47, 0.89
13.92, 0.22, -1.34, -0.23, -0.48, 0.89
19.19, 1.0, -1.12, -0.25, -0.5, 0.87
25.51, -0.22, -0.64, -0.24, -0.49, 0.9
29.4, -0.37, -0.22, -0.25, -0.49, 0.9
33.03, -0.53, 0.72, -0.24, -0.47, 0.9
38.45, -0.93, 1.82, -0.24, -0.46, 0.91
40.74, -0.88, 2.83, -0.23, -0.44, 0.91
42.93, -0.84, 3.98, -0.24, -0.44, 0.89
47.92, -2.16, 4.15, -0.25, -0.39, 0.93
45.03, -1.94, 5.79, -0.23, -0.37, 0.92
44.97, -1.13, 6.4, -0.23, -0.35, 0.92
45.83, -0.86, 6.5, -0.23, -0.35, 0.91
49.74, -1.77, 7.18, -0.23, -0.32, 0.94
46.13, -0.42, 7.24, -0.24, -0.31, 0.95
45.83, -1.99, 6.96, -0.24, -0.29, 0.95
47.42, -1.75, 6.88, -0.23, -0.28, 0.96
47.98, -1.16, 7.56, -0.24, -0.28, 0.94
49.89, -1.18, 7.39, -0.25, -0.26, 0.95
49.42, -1.33, 7.7, -0.23, -0.24, 0.96
48.51, -1.44, 7.76, -0.24, -0.22, 0.97
46.95, -0.8, 7.77, -0.24, -0.21, 0.96
44.29, -0.69, 8.58, -0.23, -0.18, 0.98
39.05, -0.78, 7.96, -0.24, -0.16, 0.96
36.35, -1.13, 7.73, -0.24, -0.13, 0.98
35.04, -0.84, 6.31, -0.23, -0.16, 0.97
37.03, -0.87, 4.72, -0.24, -0.17, 0.99
37.93, -1.61, 4.52, -0.25, -0.16, 0.99
42.48, -1.79, 4.11, -0.25, -0.19, 0.97
50.79, -3.09, 4.87, -0.23, -0.18, 1.01
49.15, -0.77, 5.17, -0.22, -0.18, 1.0
55.06, -1.74, 6.21, -0.24, -0.17, 1.03
54.19, -2.19, 7.91, -0.24, -0.17, 1.04
57.71, -2.0, 9.38, -0.25, -0.15, 1.02
62.6, -2.35, 11.43, -0.24, -0.13, 1.0
67.65, -2.19, 13.4, -0.24, -0.09, 1.0
69.54, -2.3, 14.0, -0.23, -0.08, 0.97
77.69, -2.46, 14.14, -0.24, -0.05, 0.98
74.06, -2.82, 14.78, -0.23, -0.02, 1.0
75.32, -3.19, 15.83, -0.22, 0.0, 0.97
79.51, -3.22, 16.61, -0.23, 0.02, 0.97
84.98, -4.87, 17.14, -0.23, 0.08, 1.03
80.14, -6.28, 17.42, -0.23, 0.1, 1.02
82.97, -4.53, 17.47, -0.22, 0.12, 0.97
85.29, -4.93, 17.46, -0.21, 0.12, 0.96
90.91, -4.08, 17.42, -0.22, 0.19, 0.99
86.21, -4.06, 17.41, -0.22, 0.21, 1.0
83.92, -6.13, 18.45, -0.22, 0.25, 0.99
82.43, -5.79, 18.48, -0.2, 0.24, 0.95
87.0, -5.0, 18.04, -0.21, 0.27, 0.92
94.93, -8.0, 17.63, -0.23, 0.34, 0.97
80.61, -10.86, 14.33, -0.21, 0.4, 1.02
57.54, -14.63, 4.8, -0.21, 0.38, 0.99
36.87, -13.72, -5.51, -0.21, 0.32, 0.97
24.06, -12.27, -11.73, -0.2, 0.31, 0.95
12.69, -10.7, -15.76, -0.2, 0.33, 0.98
0.69, -11.54, -18.22, -0.21, 0.38, 1.0
-3.73, -14.41, -22.0, -0.22, 0.35, 0.97
-9.74, -14.5, -25.32, -0.2, 0.35, 0.97
-13.9, -12.32, -28.23, -0.2, 0.33, 0.95
-11.73, -10.19, -28.61, -0.19, 0.31, 0.93
-9.16, -8.21, -26.99, -0.17, 0.31, 0.93
-3.09, -7.06, -25.0, -0.18, 0.31, 0.92
6.11, -6.7, -23.08, -0.19, 0.31, 0.9
17.2, -7.3, -20.42, -0.18, 0.31, 0.91
23.71, -6.35, -17.62, -0.17, 0.33, 0.91
34.74, -4.13, -10.86, -0.17, 0.35, 0.89
46.83, -3.45, -1.65, -0.17, 0.4, 0.91
60.85, -4.56, 5.71, -0.17, 0.43, 0.89
77.93, -5.52, 10.08, -0.19, 0.45, 0.89
86.9, -6.89, 12.97, -0.17, 0.5, 0.89
84.88, -5.82, 13.23, -0.15, 0.51, 0.91
82.01, -4.8, 11.87, -0.18, 0.52, 0.92
76.06, -4.3, 10.37, -0.17, 0.52, 0.91
73.22, -6.09, 7.06, -0.19, 0.57, 0.93
63.58, -6.44, 4.09, -0.18, 0.57, 0.92
60.16, -6.01, 0.91, -0.16, 0.55, 0.97
40.7, -12.04, -5.08, -0.17, 0.58, 0.91
26.55, -10.12, -10.29, -0.18, 0.53, 0.91
15.03, -10.77, -14.24, -0.17, 0.53, 0.91
8.41, -10.29, -15.61, -0.17, 0.52, 0.88
4.0, -10.24, -14.8, -0.15, 0.53, 0.86
6.64, -8.97, -11.48, -0.15, 0.53, 0.83
15.42, -7.13, -7.99, -0.13, 0.58, 0.81
22.88, -6.11, -3.92, -0.13, 0.6, 0.8
38.29, -6.93, -1.71, -0.16, 0.62, 0.8
44.7, -6.83, -0.25, -0.14, 0.62, 0.8
46.25, -6.62, -0.05, -0.15, 0.62, 0.8
45.61, -7.53, 0.13, -0.15, 0.64, 0.82
41.67, -6.42, -0.68, -0.15, 0.64, 0.81
39.02, -7.4, -2.25, -0.14, 0.65, 0.82
32.54, -6.54, -3.24, -0.15, 0.66, 0.8
29.8, -8.51, -4.77, -0.16, 0.67, 0.8
27.31, -9.45, -6.47, -0.16, 0.67, 0.8
19.27, -9.55, -7.35, -0.14, 0.67, 0.81
12.1, -9.51, -8.6, -0.12, 0.64, 0.79
11.49, -7.71, -6.59, -0.11, 0.64, 0.75
17.06, -4.81, -2.48, -0.11, 0.63, 0.71
32.3, -1.98, 3.25, -0.1, 0.66, 0.68
53.32, 0.57, 10.07, -0.1, 0.7, 0.67
64.57, -2.99, 7.48, -0.14, 0.72, 0.73
62.05, -4.98, 7.35, -0.14, 0.71, 0.76
52.11, -4.07, 8.81, -0.13, 0.73, 0.77
41.78, -1.61, 8.4, -0.13, 0.73, 0.73
45.85, -1.72, 7.13, -0.15, 0.76, 0.7
45.18, -2.78, 5.82, -0.15, 0.79, 0.72
39.78, -5.28, 2.45, -0.16, 0.82, 0.76
24.63, -6.45, -1.3, -0.14, 0.82, 0.78
6.39, -7.71, -5.97, -0.15, 0.82, 0.79
-9.19, -9.95, -11.01, -0.15, 0.81, 0.77
-23.5, -12.67, -16.2, -0.15, 0.82, 0.79
-38.78, -15.38, -21.69, -0.14, 0.79, 0.77
-53.58, -18.0, -26.6, -0.13, 0.78, 0.77
-64.9, -19.93, -30.86, -0.13, 0.75, 0.77
-73.59, -21.09, -36.47, -0.14, 0.71, 0.76
-80.28, -20.7, -38.22, -0.13, 0.65, 0.74
-77.32, -18.81, -37.35, -0.12, 0.62, 0.73
-72.29, -17.22, -35.14, -0.12, 0.63, 0.72
-63.61, -14.45, -32.06, -0.11, 0.62, 0.72
-50.46, -10.36, -26.54, -0.1, 0.62, 0.72
-33.87, -7.8, -20.71, -0.1, 0.63, 0.71
-16.05, -6.03, -14.22, -0.12, 0.64, 0.71
-1.53, -3.87, -9.41, -0.12, 0.66, 0.73
7.29, -1.79, -5.25, -0.11, 0.66, 0.73
13.32, -0.54, -2.41, -0.11, 0.66, 0.73
18.27, -0.19, -0.39, -0.11, 0.65, 0.73
21.07, -0.28, 0.56, -0.12, 0.66, 0.76
18.08, -1.03, 0.16, -0.13, 0.67, 0.79
12.12, -0.95, 0.0, -0.13, 0.64, 0.78
11.06, -0.41, -0.64, -0.14, 0.65, 0.79
9.22, 0.8, -0.83, -0.14, 0.66, 0.79
6.95, 1.55, -0.74, -0.14, 0.67, 0.8
6.11, 2.29, -1.12, -0.15, 0.67, 0.8
4.95, 1.8, -1.22, -0.14, 0.67, 0.8
3.34, 1.92, -1.32, -0.15, 0.68, 0.81
-1.05, 1.67, -1.33, -0.16, 0.64, 0.77
-5.94, 2.98, -1.16, -0.13, 0.67, 0.79
-4.29, 2.8, -2.04, -0.14, 0.67, 0.78
-5.36, 2.35, -1.98, -0.14, 0.68, 0.78
-8.87, 3.6, -2.74, -0.14, 0.68, 0.79
-9.38, 3.07, -3.57, -0.15, 0.66, 0.78
-11.35, 2.83, -3.89, -0.15, 0.66, 0.8
-12.03, 2.67, -4.22, -0.15, 0.63, 0.79
-12.47, 3.3, -4.51, -0.16, 0.65, 0.8
-15.54, 3.37, -3.45, -0.15, 0.65, 0.81
-21.93, 3.64, -2.45, -0.15, 0.74, 0.87
-40.7, 4.93, -0.95, -0.1, 0.76, 0.8
-28.61, 5.38, -4.67, -0.21, 0.59, 0.74
-24.5, 4.79, -7.61, -0.14, 0.61, 0.87
-24.19, -0.02, -7.62, -0.18, 0.6, 0.79
-34.0, 6.2, -5.75, -0.13, 0.62, 0.8
-34.29, 2.03, -4.61, -0.16, 0.64, 0.8
-40.2, 3.87, -6.01, -0.18, 0.64, 0.81
-42.49, 4.13, -5.84, -0.21, 0.53, 0.77
-6.29, -9.96, -7.99, -0.13, 0.41, 0.82
-17.83, 0.84, -8.51, -0.23, 0.47, 0.93
-24.82, 3.2, -2.65, -0.14, 0.53, 0.95
-36.87, 2.46, 0.13, -0.14, 0.58, 0.89
-23.87, 4.51, -1.04, -0.19, 0.53, 0.81
-13.87, 0.77, -1.34, -0.18, 0.55, 0.9
-17.1, 1.25, -1.06, -0.18, 0.57, 0.85
-13.24, 4.29, -1.67, -0.18, 0.54, 0.83
5.96, 3.83, -3.64, -0.26, 0.54, 0.85
-24.2, -0.02, -1.7, -0.1, 0.66, 0.91
-49.52, 1.32, -4.41, -0.14, 0.65, 0.86
-57.25, 2.57, -7.4, -0.15, 0.64, 0.87
-66.83, 4.2, -9.24, -0.16, 0.63, 0.89
-73.53, 3.87, -10.57, -0.17, 0.62, 0.9
-82.41, 4.09, -12.18, -0.18, 0.57, 0.9
-88.05, 3.3, -13.88, -0.18, 0.54, 0.91
-93.21, 4.3, -15.25, -0.18, 0.49, 0.91
-96.48, 4.5, -16.61, -0.19, 0.46, 0.91
-100.15, 3.26, -17.61, -0.2, 0.43, 0.93
-100.7, 0.69, -18.06, -0.22, 0.38, 0.94
-97.22, -2.53, -12.1, -0.17, 0.32, 0.94
-93.17, -0.53, -4.27, -0.19, 0.37, 0.94
-88.25, 1.35, 1.09, -0.18, 0.36, 0.93
-82.47, 2.71, 5.87, -0.17, 0.37, 0.94
-74.7, 4.25, 11.58, -0.18, 0.34, 0.96
-67.8, 6.19, 16.06, -0.19, 0.28, 0.93
-48.76, 6.04, 21.55, -0.2, 0.24, 0.94
-39.55, 7.06, 27.03, -0.2, 0.22, 0.96
-30.58, 7.91, 32.04, -0.21, 0.21, 0.96
-26.16, 10.27, 36.36, -0.21, 0.19, 0.96
-23.54, 13.05, 39.37, -0.21, 0.19, 0.96
-20.49, 14.95, 40.11, -0.23, 0.18, 0.96
-13.04, 13.64, 38.0, -0.23, 0.17, 0.96
-14.65, 11.41, 36.35, -0.24, 0.15, 0.98
-17.35, 9.33, 35.27, -0.23, 0.13, 0.99
-21.89, 8.04, 33.84, -0.23, 0.13, 1.02
-27.63, 7.67, 31.77, -0.22, 0.08, 1.01
-27.47, 7.07, 30.08, -0.23, 0.05, 1.02
-28.01, 5.9, 27.96, -0.23, 0.04, 1.03
-31.45, 4.56, 25.01, -0.24, 0.02, 1.02
-36.54, 3.87, 22.41, -0.22, 0.03, 1.0
-43.07, 4.91, 20.4, -0.22, 0.03, 1.0
-50.56, 5.09, 17.05, -0.21, 0.03, 1.01
-56.22, 5.51, 13.4, -0.21, 0.03, 1.0
-54.33, 4.87, 9.7, -0.23, 0.0, 1.01
-58.48, 3.43, 7.97, -0.23, 0.01, 1.01
-61.82, 1.64, 6.21, -0.22, 0.03, 1.02
-70.48, 1.54, 5.16, -0.21, 0.03, 1.02
-70.49, 3.33, 3.51, -0.21, -0.02, 0.99
-63.13, 2.25, 2.51, -0.21, 0.0, 1.02
-60.72, 2.21, 1.43, -0.23, 0.0, 1.04
-64.86, 1.76, 0.7, -0.23, -0.02, 1.01
-69.01, 4.41, -0.01, -0.21, -0.06, 0.97
-66.38, 7.87, 0.64, -0.19, -0.1, 0.95
-56.77, 6.92, -0.3, -0.22, -0.11, 1.0
-51.14, 3.49, 0.37, -0.23, -0.15, 0.99
-41.73, 0.58, 3.0, -0.24, -0.16, 1.0
-34.54, -2.26, 4.79, -0.24, -0.16, 1.01
-32.86, -3.86, 6.61, -0.24, -0.12, 1.03
-36.83, -3.12, 8.89, -0.22, -0.12, 1.02
-35.3, -0.8, 11.48, -0.22, -0.15, 1.0
-32.37, 1.02, 13.49, -0.22, -0.12, 0.99
-26.24, 0.54, 16.5, -0.23, -0.14, 1.0
-23.41, -1.16, 18.92, -0.23, -0.12, 1.01
-24.34, -0.09, 20.25, -0.22, -0.15, 0.99
-17.58, 0.07, 21.7, -0.24, -0.16, 0.99
-13.43, -2.35, 21.4, -0.24, -0.15, 1.0
-14.77, -2.84, 20.12, -0.23, -0.14, 1.0
-16.74, -2.06, 18.72, -0.22, -0.17, 0.98
-19.83, -1.73, 17.56, -0.21, -0.16, 0.98
-24.73, -0.16, 16.48, -0.2, -0.18, 0.98
-22.7, 0.13, 15.83, -0.22, -0.21, 0.98
-23.4, -0.8, 14.51, -0.24, -0.24, 0.96
-22.48, -0.55, 12.67, -0.22, -0.25, 0.96
-24.37, -0.27, 9.97, -0.22, -0.28, 0.97
-29.58, -0.64, 6.32, -0.22, -0.3, 0.95
-30.47, 0.01, 6.04, -0.22, -0.3, 0.95
-36.09, 0.6, 3.27, -0.21, -0.31, 0.94
-37.4, 1.57, -0.29, -0.21, -0.31, 0.93
-33.38, 3.68, -1.44, -0.22, -0.37, 0.93
-30.36, 2.8, -3.64, -0.23, -0.38, 0.93
-25.14, 2.16, -3.35, -0.22, -0.39, 0.94
-19.11, 2.71, -2.28, -0.23, -0.39, 0.94
-8.74, -0.29, -0.69, -0.23, -0.34, 0.97
-10.21, 1.06, 0.64, -0.22, -0.34, 0.96
-5.72, 0.51, 1.7, -0.21, -0.3, 0.96
-5.67, 2.94, 2.11, -0.21, -0.31, 0.93
0.62, 2.16, 1.87, -0.23, -0.28, 0.95
0.13, 2.23, 1.77, -0.22, -0.27, 0.98
-2.27, 1.61, 0.93, -0.23, -0.29, 0.97
-0.5, 1.94, 0.32, -0.23, -0.3, 0.97
5.15, 1.73, -0.26, -0.25, -0.33, 0.97
9.74, 0.68, -0.12, -0.23, -0.34, 0.96
12.19, 1.24, 1.1, -0.2, -0.33, 0.98
30.58, -5.41, 1.63, -0.25, -0.31, 0.98
20.49, 1.18, 1.12, -0.22, -0.34, 0.97
44.75, -1.22, 3.03, -0.24, -0.36, 0.92
56.83, -1.38, 4.93, -0.24, -0.36, 0.95
66.84, -3.0, 5.97, -0.25, -0.36, 0.99
73.29, -5.01, 7.89, -0.23, -0.35, 0.98
81.58, -5.44, 10.45, -0.22, -0.31, 0.99
91.92, -4.82, 11.55, -0.23, -0.27, 0.99
91.66, -2.32, 13.75, -0.19, -0.24, 0.93
100.8, -1.89, 16.98, -0.22, -0.17, 0.96
106.83, -3.25, 17.77, -0.24, -0.1, 1.0
100.54, -5.48, 19.32, -0.22, -0.07, 1.01
94.89, -6.82, 19.28, -0.21, 0.0, 1.0
93.46, -3.93, 19.3, -0.22, 0.01, 0.98
91.75, -4.9, 16.57, -0.22, 0.03, 0.98
91.29, -5.56, 11.85, -0.22, 0.03, 0.99
84.48, -5.18, 8.37, -0.21, 0.03, 0.99
85.12, -5.8, 5.41, -0.23, 0.02, 0.98
88.54, -6.09, 1.7, -0.24, 0.07, 1.01
77.29, -7.63, -1.25, -0.21, 0.11, 1.04
62.6, -6.91, -4.01, -0.2, 0.1, 1.03
57.38, -6.93, -6.93, -0.22, 0.11, 1.01
56.02, -7.85, -9.09, -0.24, 0.13, 0.99
55.74, -10.39, -12.58, -0.22, 0.13, 0.96
53.01, -6.41, -13.01, -0.18, 0.12, 0.92
51.67, -7.48, -8.11, -0.17, 0.22, 1.01
54.79, -8.87, -7.3, -0.23, 0.24, 0.97
62.93, -10.65, -4.06, -0.2, 0.25, 0.98
76.38, -8.87, -0.74, -0.19, 0.3, 0.95
82.81, -6.77, 1.7, -0.22, 0.33, 0.94
82.12, -10.16, 1.58, -0.22, 0.41, 0.96
80.63, -9.76, -1.03, -0.19, 0.39, 0.92
73.96, -6.21, -3.06, -0.16, 0.38, 0.87
80.8, -3.29, -2.65, -0.19, 0.42, 0.9
71.04, -7.08, -1.38, -0.2, 0.5, 0.96
64.91, -10.3, -4.07, -0.19, 0.48, 0.91
57.72, -10.98, -6.07, -0.17, 0.47, 0.9
47.3, -10.25, -8.06, -0.17, 0.46, 0.88
44.9, -9.35, -9.79, -0.19, 0.47, 0.87
32.9, -10.17, -9.84, -0.15, 0.51, 0.92
32.93, -8.06, -9.39, -0.14, 0.5, 0.85
34.47, -2.35, -3.25, -0.12, 0.52, 0.82
44.64, 0.06, 0.64, -0.14, 0.54, 0.77
68.74, -2.77, 8.12, -0.16, 0.62, 0.82
75.79, -3.24, 11.0, -0.15, 0.67, 0.83
74.06, -3.61, 11.22, -0.15, 0.66, 0.8
72.97, -2.06, 10.93, -0.15, 0.65, 0.79
63.9, 0.48, 10.87, -0.12, 0.67, 0.8
64.8, 1.58, 10.12, -0.16, 0.68, 0.77
60.2, -2.48, 7.72, -0.16, 0.71, 0.81
51.36, -5.41, 4.26, -0.14, 0.71, 0.82
43.7, -3.5, -0.04, -0.13, 0.67, 0.77
39.12, -1.29, 0.23, -0.13, 0.62, 0.73
45.15, -1.86, 3.78, -0.12, 0.64, 0.72
53.47, -2.26, 7.09, -0.14, 0.66, 0.73
57.78, -6.3, 7.83, -0.14, 0.69, 0.76
55.16, -6.46, 8.29, -0.13, 0.69, 0.75
51.61, -6.22, 8.31, -0.12, 0.69, 0.74
48.05, -4.27, 8.87, -0.12, 0.71, 0.71
51.78, -2.55, 9.59, -0.14, 0.73, 0.7
53.93, -4.92, 8.61, -0.13, 0.76, 0.71
50.15, -3.73, 7.82, -0.13, 0.78, 0.69
44.42, -1.89, 7.77, -0.12, 0.79, 0.68
42.19, -1.68, 8.23, -0.12, 0.8, 0.67
38.73, -0.61, 8.3, -0.11, 0.81, 0.65
41.32, -1.25, 7.83, -0.12, 0.79, 0.65
41.85, -2.27, 6.65, -0.1, 0.81, 0.64
40.27, -2.48, 6.22, -0.11, 0.81, 0.6
41.77, -1.09, 5.72, -0.1, 0.82, 0.58
40.45, -0.92, 6.31, -0.08, 0.83, 0.6
36.6, -0.27, 6.0, -0.1, 0.84, 0.59
35.64, 0.0, 4.8, -0.09, 0.83, 0.57
32.12, -0.41, 4.52, -0.09, 0.86, 0.56
30.41, 0.53, 3.27, -0.1, 0.87, 0.55
27.67, -0.24, 3.49, -0.09, 0.89, 0.56
21.87, -1.63, 3.14, -0.09, 0.92, 0.58
20.38, 0.54, 1.9, -0.11, 0.9, 0.56
18.77, -0.41, 1.13, -0.09, 0.91, 0.56
13.07, 0.19, 0.41, -0.09, 0.93, 0.55
9.18, 0.31, -0.54, -0.1, 0.92, 0.54
6.92, -0.11, -1.29, -0.1, 0.93, 0.54
-0.03, 0.87, -2.02, -0.09, 0.93, 0.54
-5.98, 2.09, -3.35, -0.09, 0.9, 0.54
-8.55, 1.29, -4.01, -0.1, 0.89, 0.55
-11.78, 0.9, -4.44, -0.1, 0.87, 0.55
-9.97, -0.33, -4.37, -0.11, 0.85, 0.55
-4.03, -2.07, -3.7, -0.11, 0.81, 0.6
-3.62, -2.74, -1.72, -0.13, 0.81, 0.61
-3.76, -1.01, -0.45, -0.11, 0.84, 0.61
-12.54, 2.48, 1.57, -0.09, 0.91, 0.6
-16.15, 4.57, 0.57, -0.08, 0.91, 0.54
-16.67, 4.45, -1.07, -0.09, 0.91, 0.57
-25.8, 6.56, -2.26, -0.1, 0.94, 0.58
-35.71, 7.08, -3.86, -0.09, 0.94, 0.56
-48.03, 8.03, -5.45, -0.07, 0.95, 0.57
-68.51, 10.9, -8.38, -0.05, 0.87, 0.54
-61.47, 11.45, -13.55, -0.15, 0.85, 0.54
-37.86, 10.25, -15.81, -0.27, 0.43, 0.34
8.88, -3.95, -14.5, -0.11, 0.72, 0.8
-23.84, -11.43, -2.83, -0.21, 0.78, 0.8
-18.59, -3.45, -0.67, -0.17, 0.63, 0.71
-12.63, -1.69, 0.89, -0.14, 0.71, 0.72
-6.66, 0.07, 2.45, -0.11, 0.79, 0.74
-0.7, 1.83, 4.01, -0.08, 0.86, 0.75
5.26, 3.59, 5.57, -0.05, 0.94, 0.77
-8.26, 1.45, 6.13, -0.12, 0.82, 0.7
6.55, 6.41, 0.45, -0.29, 0.58, 0.55
-3.37, 11.93, -1.77, -0.08, 0.94, 0.59
-6.96, -2.85, 0.99, -0.1, 0.85, 0.62
-3.89, 0.29, -1.38, -0.15, 0.81, 0.63
-5.77, 1.41, -1.54, -0.13, 0.81, 0.65
-11.57, -2.26, -2.35, -0.13, 0.78, 0.66
-16.56, -5.74, -6.0, -0.15, 0.77, 0.69
-23.69, -10.85, -9.72, -0.16, 0.78, 0.73
-38.67, -16.01, -12.34, -0.14, 0.76, 0.76
-51.11, -18.32, -13.63, -0.15, 0.72, 0.73
-50.66, -19.99, -13.72, -0.15, 0.69, 0.72
-44.69, -23.01, -13.68, -0.16, 0.68, 0.75
-38.84, -23.95, -14.45, -0.15, 0.67, 0.77
-35.84, -22.77, -14.23, -0.14, 0.67, 0.78
-32.32, -18.9, -12.2, -0.14, 0.66, 0.77
-25.73, -17.21, -10.58, -0.14, 0.68, 0.77
-15.11, -14.28, -8.78, -0.13, 0.69, 0.75
-10.1, -13.07, -7.74, -0.13, 0.71, 0.76
-5.61, -11.54, -7.34, -0.14, 0.7, 0.75
-3.83, -11.24, -8.49, -0.13, 0.7, 0.76
-5.64, -11.79, -8.98, -0.12, 0.71, 0.76
-11.96, -10.07, -8.66, -0.1, 0.68, 0.74
-6.96, -10.33, -8.96, -0.1, 0.67, 0.7
-5.61, -10.47, -9.08, -0.1, 0.7, 0.7
-6.59, -9.08, -10.04, -0.09, 0.67, 0.67
-7.64, -6.87, -10.32, -0.07, 0.67, 0.66
-5.15, -5.76, -10.5, -0.08, 0.69, 0.65
-4.3, -5.07, -11.36, -0.07, 0.71, 0.66
-6.77, -4.48, -13.52, -0.06, 0.72, 0.66
-9.87, -2.87, -14.89, -0.07, 0.72, 0.68
-13.34, 0.5, -13.91, -0.07, 0.72, 0.66
-9.29, 1.19, -12.8, -0.08, 0.73, 0.66
-8.96, 2.13, -12.16, -0.06, 0.74, 0.67
-9.04, 5.27, -11.42, -0.08, 0.72, 0.67
-11.11, 8.36, -12.08, -0.09, 0.73, 0.68
-13.5, 11.62, -8.8, -0.06, 0.67, 0.65
-5.4, 8.09, -9.7, -0.16, 0.79, 0.76
-7.07, 4.58, -9.0, -0.16, 0.82, 0.88
-24.64, -1.78, -6.07, -0.18, 0.82, 0.9
-26.06, -2.61, -6.4, -0.2, 0.77, 0.87
-21.49, -2.19, -6.87, -0.17, 0.72, 0.84
-19.11, 0.29, -7.81, -0.15, 0.68, 0.83
-18.04, 0.46, -7.57, -0.13, 0.64, 0.83
-18.17, 3.48, -6.74, -0.15, 0.65, 0.81
-20.75, 5.11, -5.67, -0.15, 0.62, 0.78
-21.72, 2.93, -5.02, -0.14, 0.69, 0.79
-22.87, 7.11, -4.9, -0.11, 0.67, 0.79
-24.25, 5.26, -4.29, -0.2, 0.59, 0.79
-32.91, 0.93, -2.51, -0.11, 0.64, 0.81
-34.16, 1.22, -3.49, -0.15, 0.61, 0.79
-33.02, 3.2, -4.86, -0.15, 0.65, 0.82
-29.03, 1.96, -5.51, -0.18, 0.65, 0.85
-29.44, 0.09, -5.22, -0.18, 0.63, 0.86
-35.13, 1.12, -4.72, -0.15, 0.6, 0.87
-35.72, 0.74, -5.19, -0.16, 0.61, 0.87
-38.44, 0.46, -4.6, -0.14, 0.59, 0.84
-40.15, 1.17, -5.26, -0.14, 0.57, 0.83
-41.21, 1.72, -5.74, -0.14, 0.58, 0.84
-41.96, 0.71, -4.77, -0.15, 0.58, 0.84
-43.29, -0.48, -2.83, -0.14, 0.59, 0.85
-44.57, -0.04, -0.67, -0.14, 0.58, 0.85
-40.22, 0.52, 1.82, -0.15, 0.57, 0.84
-36.39, 0.7, 2.61, -0.15, 0.59, 0.84
-36.21, 3.55, 3.74, -0.13, 0.59, 0.85
-36.07, 6.08, 4.71, -0.15, 0.56, 0.84
-29.88, 7.64, 6.34, -0.17, 0.54, 0.87
-27.96, 8.49, 8.33, -0.16, 0.51, 0.88
-21.61, 7.7, 9.43, -0.18, 0.5, 0.89
-25.02, 6.94, 11.0, -0.16, 0.5, 0.89
-26.8, 8.64, 12.18, -0.16, 0.47, 0.89
-29.72, 9.58, 11.64, -0.16, 0.46, 0.87
-29.43, 10.31, 12.92, -0.17, 0.46, 0.92
-35.87, 11.27, 12.74, -0.17, 0.46, 0.91
-38.98, 10.69, 13.67, -0.17, 0.46, 0.93
-38.37, 10.06, 13.87, -0.19, 0.43, 0.92
-35.93, 9.09, 14.64, -0.18, 0.43, 0.94
-36.77, 9.86, 16.34, -0.18, 0.41, 0.97
-34.75, 9.09, 16.93, -0.19, 0.41, 0.95
-29.34, 8.18, 18.95, -0.19, 0.39, 0.96
-25.79, 8.58, 20.41, -0.2, 0.39, 0.96
-22.67, 7.19, 20.8, -0.2, 0.4, 0.98
-24.21, 7.55, 20.98, -0.19, 0.41, 0.97
-29.7, 7.51, 21.45, -0.18, 0.39, 0.97
-32.21, 7.25, 20.87, -0.19, 0.38, 0.97
-30.56, 5.21, 20.55, -0.21, 0.35, 0.97
-30.19, 3.61, 19.92, -0.2, 0.36, 0.99
-32.67, 1.8, 19.63, -0.21, 0.35, 1.0
-37.09, -0.26, 19.67, -0.2, 0.33, 1.0
-36.75, -0.54, 19.12, -0.2, 0.3, 1.0
-35.45, -1.21, 18.47, -0.2, 0.29, 1.02
-36.7, -1.94, 17.15, -0.18, 0.29, 1.02
-39.25, -3.06, 16.47, -0.18, 0.29, 1.03
-40.38, -3.13, 15.06, -0.19, 0.28, 1.03
-47.12, -2.87, 14.01, -0.17, 0.26, 1.01
-51.84, -3.29, 13.67, -0.15, 0.27, 1.0
-56.79, -2.14, 12.84, -0.16, 0.25, 0.98
-59.42, -0.7, 12.08, -0.15, 0.25, 0.97
-61.76, -0.73, 11.48, -0.14, 0.22, 0.95
-61.43, -0.85, 10.76, -0.13, 0.23, 0.96
-62.32, -0.03, 11.32, -0.13, 0.19, 0.95
-54.78, -2.25, 12.82, -0.14, 0.18, 0.97
-50.76, -3.57, 13.39, -0.14, 0.17, 1.0
-47.06, -4.49, 14.09, -0.15, 0.16, 1.0
-46.34, -5.12, 14.6, -0.15, 0.15, 1.02
-48.48, -3.24, 14.88, -0.14, 0.1, 0.99
-42.09, -1.26, 15.26, -0.14, 0.09, 0.99
-42.19, 0.72, 14.85, -0.14, 0.09, 1.0
-44.13, 0.36, 13.51, -0.15, 0.1, 1.01
-48.69, 0.0, 13.45, -0.14, 0.08, 1.0
-47.72, -1.83, 13.4, -0.14, 0.05, 1.01
-48.51, -1.54, 12.12, -0.14, 0.02, 1.02
-46.61, -1.54, 11.87, -0.15, -0.02, 1.01
-40.83, -0.51, 11.16, -0.15, -0.05, 1.02
-39.55, -1.18, 10.48, -0.14, -0.03, 1.03
-39.6, -0.95, 9.21, -0.14, -0.04, 1.02
-44.0, -1.51, 7.69, -0.13, -0.02, 1.04
-49.19, 0.98, 6.79, -0.12, -0.07, 1.0
-46.71, 2.22, 7.12, -0.11, -0.09, 0.97
-37.05, 2.29, 8.35, -0.12, -0.09, 0.98
-29.72, 2.06, 9.71, -0.12, -0.11, 0.98
-23.72, 3.07, 10.98, -0.11, -0.12, 0.96
-15.28, 3.8, 11.26, -0.12, -0.12, 0.98
-13.06, 3.83, 11.19, -0.12, -0.11, 0.99
-11.09, 2.65, 10.61, -0.12, -0.09, 1.0
-14.08, 5.0, 9.99, -0.11, -0.11, 0.98
-12.84, 8.7, 9.87, -0.1, -0.11, 0.96
-7.16, 12.04, 11.1, -0.11, -0.13, 0.94
-0.65, 14.41, 12.1, -0.14, -0.11, 0.94
4.96, 11.51, 14.06, -0.13, -0.07, 1.0
-1.51, 11.2, 14.99, -0.13, -0.06, 0.99
-2.54, 13.74, 14.58, -0.13, -0.07, 0.96
1.03, 13.75, 13.38, -0.15, -0.06, 0.97
2.89, 14.4, 13.37, -0.15, -0.05, 1.0
2.88, 14.7, 13.64, -0.17, -0.05, 1.02
4.84, 14.54, 14.13, -0.17, -0.05, 1.02
5.54, 15.55, 14.2, -0.18, -0.06, 1.02
14.15, 7.71, -3.22, -0.29, 0.04, 1.17
-18.58, 5.35, -9.83, -0.23, -0.14, 1.26
-45.98, 0.97, -10.51, -0.23, -0.19, 1.21
-44.32, -0.83, -7.84, -0.22, -0.18, 1.13
-30.92, 0.81, -4.96, -0.2, -0.14, 1.08
-16.62, 3.79, -2.4, -0.2, -0.15, 1.03
-1.31, 3.13, -0.55, -0.21, -0.13, 1.03
-1.07, 1.17, -0.56, -0.19, -0.1, 1.04
-5.51, 0.42, -1.31, -0.19, -0.1, 1.01
-9.87, -1.42, -2.91, -0.17, -0.09, 0.99
-15.62, -1.61, -3.9, -0.15, -0.09, 0.98
-18.39, -0.95, -3.89, -0.15, -0.14, 0.95
-9.38, -2.71, -3.31, -0.16, -0.15, 0.97
-3.77, -1.61, -2.64, -0.16, -0.16, 0.98
8.22, 0.0, 0.12, -0.15, -0.16, 1.0
15.61, 3.85, 1.06, -0.16, -0.18, 0.97
26.41, 5.94, 1.49, -0.19, -0.2, 0.97
36.19, 3.78, 2.77, -0.19, -0.16, 1.01
35.06, 2.84, 2.41, -0.19, -0.14, 1.04
32.21, 1.84, 1.03, -0.18, -0.15, 1.04
32.32, 2.84, 0.71, -0.18, -0.18, 1.04
42.87, 1.76, -0.96, -0.21, -0.17, 1.04
48.9, 0.39, -0.91, -0.2, -0.17, 1.04
55.8, -1.87, -0.41, -0.19, -0.12, 1.1
51.06, -3.25, -0.61, -0.19, -0.11, 1.1
52.21, -5.35, -0.21, -0.2, -0.08, 1.1
51.62, -5.47, -1.56, -0.22, -0.08, 1.09
55.42, -12.87, -4.64, -0.24, 0.0, 1.11
42.19, -14.43, -8.54, -0.21, 0.01, 1.11
34.36, -13.34, -13.8, -0.21, -0.01, 1.05
26.7, -11.35, -17.84, -0.18, 0.0, 1.03
16.0, -8.73, -18.82, -0.15, 0.0, 1.01
33.44, -12.0, -21.91, -0.23, 0.0, 1.0
30.6, -14.45, -22.34, -0.16, 0.07, 1.04
19.48, -13.0, -22.92, -0.14, 0.08, 1.02
16.9, -12.87, -22.25, -0.15, 0.08, 1.0
16.09, -11.9, -21.74, -0.13, 0.07, 0.98
18.17, -6.08, -22.03, -0.12, 0.02, 0.88
50.81, -9.95, -21.69, -0.17, 0.03, 0.89
53.76, -7.55, -20.99, -0.1, 0.11, 0.95
40.3, -6.19, -19.74, -0.09, 0.18, 1.02
34.19, -6.75, -19.19, -0.13, 0.13, 0.98
37.21, -3.76, -18.48, -0.1, 0.09, 0.92
44.99, 3.32, -16.69, -0.09, 0.03, 0.86
72.85, 6.37, -13.7, -0.13, 0.01, 0.81
95.74, 3.87, -8.75, -0.11, 0.25, 0.99
76.77, 0.25, -3.12, -0.14, 0.3, 1.08
67.32, -6.21, -2.58, -0.15, 0.27, 0.98
86.65, -4.9, -5.49, -0.22, 0.19, 0.9
97.06, -6.61, -7.06, -0.17, 0.27, 0.97
78.93, 0.35, -8.41, -0.11, 0.28, 0.94
80.18, 3.12, -9.15, -0.15, 0.3, 0.92
75.51, -0.15, -7.59, -0.14, 0.44, 1.03
56.67, -4.8, -10.33, -0.15, 0.41, 0.95
59.72, -5.75, -13.15, -0.15, 0.41, 0.92
53.9, -2.7, -14.17, -0.13, 0.44, 0.92
59.33, -1.8, -14.61, -0.15, 0.48, 0.92
52.69, -5.87, -13.31, -0.13, 0.54, 0.99
40.19, -7.64, -12.46, -0.13, 0.51, 0.94
40.72, -4.88, -12.74, -0.13, 0.47, 0.88
45.96, -4.26, -14.04, -0.13, 0.48, 0.85
50.11, -3.93, -16.2, -0.14, 0.51, 0.85
50.75, -7.7, -16.37, -0.16, 0.61, 0.98
28.97, -12.58, -14.25, -0.17, 0.62, 1.01
21.15, -14.57, -16.11, -0.17, 0.57, 0.94
16.82, -12.94, -17.69, -0.14, 0.53, 0.91
17.5, -8.69, -18.08, -0.13, 0.51, 0.88
21.98, -4.42, -18.15, -0.13, 0.47, 0.86
24.39, -1.77, -17.0, -0.11, 0.48, 0.83
32.22, 2.47, -16.15, -0.12, 0.46, 0.77
35.06, 4.29, -14.48, -0.1, 0.51, 0.8
33.28, 7.22, -13.32, -0.11, 0.5, 0.79
37.45, 5.56, -12.05, -0.13, 0.51, 0.79
41.22, 4.75, -11.14, -0.12, 0.52, 0.78
40.09, 4.97, -10.42, -0.12, 0.52, 0.77
41.53, 5.44, -10.77, -0.13, 0.56, 0.78
42.0, 8.07, 7.58, -0.06, 0.58, 0.81
84.48, 1.24, 15.0, -0.25, 0.86, 0.83
76.09, -8.98, 11.96, -0.17, 0.83, 0.96
66.54, -7.9, 11.47, -0.18, 0.74, 0.89
65.68, -6.4, 10.54, -0.17, 0.73, 0.84
63.54, -2.32, 8.21, -0.14, 0.74, 0.79
58.96, -0.23, 6.26, -0.13, 0.72, 0.78
50.89, 1.05, 5.71, -0.12, 0.72, 0.75
44.31, 0.42, 6.12, -0.12, 0.72, 0.74
38.67, -1.02, 6.25, -0.11, 0.71, 0.72
38.31, -1.98, 6.36, -0.12, 0.69, 0.69
38.3, -1.82, 6.24, -0.11, 0.68, 0.68
41.44, -1.83, 6.71, -0.12, 0.7, 0.68
42.32, -1.48, 6.27, -0.13, 0.74, 0.69
37.54, -0.56, 6.58, -0.13, 0.75, 0.72
38.19, -3.37, 6.59, -0.14, 0.77, 0.73
38.66, -2.67, 6.51, -0.13, 0.78, 0.71
40.09, -1.74, 6.18, -0.13, 0.77, 0.7
39.18, -1.1, 5.9, -0.12, 0.79, 0.68
37.39, -0.63, 5.69, -0.12, 0.79, 0.68
34.89, 0.48, 5.57, -0.11, 0.8, 0.65
32.48, 0.19, 5.18, -0.11, 0.81, 0.64
28.96, 0.7, 4.78, -0.1, 0.83, 0.62
28.64, 0.02, 4.91, -0.11, 0.84, 0.62
27.61, -1.11, 4.61, -0.11, 0.84, 0.63
22.99, -0.69, 4.22, -0.11, 0.82, 0.61
24.69, -0.91, 3.14, -0.12, 0.83, 0.6
20.31, -0.48, 3.32, -0.1, 0.84, 0.61
18.31, -0.7, 3.19, -0.1, 0.86, 0.61
17.6, -0.68, 2.61, -0.11, 0.84, 0.61
16.45, -0.87, 2.52, -0.1, 0.85, 0.59
15.56, -0.23, 1.77, -0.1, 0.84, 0.57
15.64, -0.49, 1.67, -0.1, 0.85, 0.58
13.25, -0.35, 1.77, -0.09, 0.86, 0.58
11.05, 0.16, 1.76, -0.09, 0.85, 0.58
9.06, 0.38, 1.51, -0.1, 0.85, 0.57
8.61, 0.33, 1.48, -0.1, 0.86, 0.58
7.09, 0.14, 0.96, -0.09, 0.87, 0.58
6.19, 0.54, 0.66, -0.1, 0.85, 0.56
7.1, 0.67, 0.47, -0.1, 0.85, 0.56
4.91, 0.67, 0.3, -0.09, 0.86, 0.57
3.84, 0.75, 0.65, -0.1, 0.86, 0.56
0.16, -0.12, 0.65, -0.08, 0.94, 0.57
-10.03, 4.74, -0.13, -0.1, 0.85, 0.54
-1.56, 0.32, -1.62, -0.1, 0.88, 0.59
-16.43, 3.06, -0.77, -0.08, 0.92, 0.56
-19.17, 3.58, -1.79, -0.1, 0.93, 0.55
-26.19, 4.62, -3.34, -0.08, 0.9, 0.55
-26.45, 2.97, -5.29, -0.1, 0.84, 0.57
-25.35, 0.68, -5.63, -0.12, 0.84, 0.58
-30.83, 3.05, -5.96, -0.09, 0.89, 0.61
-40.06, 3.8, -5.57, -0.1, 0.88, 0.59
-42.45, 4.19, -6.42, -0.11, 0.86, 0.59
-44.25, 3.57, -6.83, -0.11, 0.84, 0.6
-45.78, 3.19, -7.99, -0.11, 0.83, 0.63
-46.14, 4.0, -8.94, -0.13, 0.78, 0.63
-44.87, 3.33, -9.45, -0.12, 0.78, 0.64
-53.07, 3.03, -7.73, -0.11, 0.84, 0.69
-52.66, 4.49, -9.53, -0.13, 0.79, 0.67
-59.09, 6.03, -9.29, -0.11, 0.8, 0.67
-65.64, 6.48, -10.06, -0.11, 0.82, 0.68
-72.52, 8.64, -11.09, -0.13, 0.84, 0.72
-84.03, 5.74, -10.8, -0.14, 0.81, 0.72
-87.74, 7.65, -13.74, -0.12, 0.76, 0.71
-89.09, 7.75, -16.13, -0.15, 0.72, 0.73
-92.09, 7.36, -16.93, -0.15, 0.72, 0.74
-94.09, 6.96, -17.54, -0.15, 0.68, 0.75
-95.29, 6.9, -19.27, -0.14, 0.64, 0.76
-97.81, 7.67, -20.0, -0.15, 0.62, 0.79
-101.07, 7.87, -20.06, -0.17, 0.58, 0.81
-102.37, 7.68, -19.75, -0.16, 0.5, 0.81
-89.77, 6.35, -21.51, -0.19, 0.39, 0.81
-73.1, 2.89, -20.29, -0.22, 0.39, 0.9
-66.15, 0.37, -16.44, -0.24, 0.41, 0.95
-66.38, -0.22, -12.55, -0.18, 0.42, 0.93
-64.32, 3.09, -9.0, -0.19, 0.48, 0.92
-64.33, 2.61, -7.39, -0.21, 0.47, 0.94
-66.52, -1.22, -7.13, -0.17, 0.52, 0.97
-76.32, 2.94, -9.25, -0.16, 0.48, 0.93
-81.39, 2.25, -10.24, -0.18, 0.47, 0.91
-83.87, 3.17, -12.14, -0.2, 0.42, 0.91
-81.73, 1.05, -14.83, -0.19, 0.41, 0.93
-87.7, 0.53, -16.35, -0.19, 0.41, 0.97
-102.25, 1.12, -16.38, -0.17, 0.41, 0.99
-111.94, 2.28, -17.46, -0.19, 0.32, 0.95
-104.96, 0.76, -19.35, -0.2, 0.26, 0.94
-97.09, -1.16, -19.96, -0.21, 0.21, 0.94
-95.58, -1.87, -19.63, -0.19, 0.2, 0.96
-92.33, -1.88, -18.12, -0.22, 0.14, 0.97
-91.26, -3.1, -15.87, -0.2, 0.14, 1.01
-94.12, -0.06, -12.21, -0.2, 0.11, 1.0
-82.19, 0.67, -5.65, -0.22, 0.05, 1.0
-67.46, -1.47, 0.86, -0.23, 0.05, 1.02
-44.73, -4.41, 9.38, -0.25, 0.05, 1.04
-37.98, -7.4, 11.87, -0.25, 0.08, 1.08
-37.16, -8.48, 14.16, -0.24, 0.07, 1.09
-37.27, -7.19, 14.61, -0.24, 0.03, 1.07
-45.12, -7.61, 13.32, -0.21, 0.03, 1.05
-50.62, -6.23, 11.29, -0.21, 0.02, 1.04
-55.58, -5.72, 8.25, -0.21, 0.0, 1.01
-60.84, -6.58, 4.81, -0.19, 0.0, 1.01
-67.45, -6.44, 2.58, -0.17, -0.03, 0.97
-69.99, -6.02, 2.51, -0.17, -0.05, 0.96
-69.75, -5.73, 2.63, -0.17, -0.06, 0.97
-70.79, -6.37, 3.62, -0.17, -0.1, 0.93
-63.34, -6.5, 5.51, -0.17, -0.12, 0.93
-59.0, -7.0, 8.29, -0.16, -0.13, 0.94
-59.43, -6.73, 8.9, -0.16, -0.14, 0.95
-61.45, -4.1, 8.75, -0.15, -0.17, 0.93
-55.45, -1.09, 8.61, -0.18, -0.23, 0.89
-47.87, -0.26, 11.28, -0.17, -0.2, 0.93
-44.81, -2.61, 14.33, -0.16, -0.2, 0.97
-43.31, -2.23, 15.66, -0.16, -0.21, 0.98
-39.92, -3.15, 15.56, -0.18, -0.22, 1.0
-35.79, -4.3, 14.35, -0.19, -0.25, 1.02
-39.72, -0.26, 15.92, -0.19, -0.33, 0.93
-39.8, -1.36, 17.63, -0.17, -0.28, 0.97
-44.16, 0.39, 18.03, -0.18, -0.27, 0.97
-40.77, -0.24, 19.61, -0.18, -0.29, 0.96
-37.18, -1.55, 20.44, -0.19, -0.28, 0.99
-37.06, -4.36, 18.27, -0.2, -0.28, 1.0
-40.12, -4.78, 15.46, -0.2, -0.32, 0.97
-42.35, -3.54, 13.6, -0.19, -0.35, 0.95
-43.7, -0.75, 12.03, -0.2, -0.4, 0.92
-44.32, -0.54, 11.35, -0.17, -0.39, 0.92
-36.62, 1.55, 10.84, -0.18, -0.42, 0.91
-33.18, 0.6, 9.58, -0.19, -0.42, 0.91
-31.78, -0.18, 7.51, -0.18, -0.45, 0.91
-29.22, 0.17, 6.0, -0.19, -0.46, 0.92
-30.74, 0.95, 4.6, -0.18, -0.49, 0.92
-29.67, 0.25, 2.74, -0.18, -0.5, 0.91
-30.09, -0.15, 0.25, -0.18, -0.49, 0.91
-31.18, -0.52, -1.21, -0.17, -0.49, 0.89
-30.9, 1.7, -0.73, -0.15, -0.51, 0.86
-27.05, 1.69, 0.26, -0.17, -0.48, 0.88
-23.06, -0.48, 0.63, -0.18, -0.47, 0.9
-21.56, -1.37, 1.8, -0.18, -0.47, 0.89
-15.68, -1.75, 3.25, -0.18, -0.45, 0.89
-16.27, -1.48, 3.97, -0.18, -0.43, 0.9
-19.77, -1.02, 3.45, -0.18, -0.41, 0.89
-22.1, 0.7, 3.54, -0.17, -0.41, 0.88
-21.7, 3.63, 4.66, -0.16, -0.44, 0.85
-11.28, 6.67, 7.31, -0.18, -0.45, 0.82
2.19, 6.39, 10.34, -0.18, -0.42, 0.84
9.88, 5.9, 12.54, -0.18, -0.39, 0.88
12.54, 4.35, 13.55, -0.2, -0.39, 0.91
12.29, 2.56, 13.25, -0.22, -0.39, 0.92
9.33, 3.01, 13.07, -0.19, -0.41, 0.9
7.43, 6.41, 14.35, -0.18, -0.42, 0.86
12.38, 8.54, 16.55, -0.19, -0.43, 0.87
15.02, 8.43, 17.65, -0.21, -0.4, 0.91
13.78, 0.83, 4.23, -0.26, -0.36, 0.99
-6.68, -1.93, -4.36, -0.23, -0.55, 1.02
-20.42, 0.83, -3.51, -0.23, -0.57, 1.0
-12.55, -0.55, -3.38, -0.23, -0.57, 0.97
-3.91, 0.74, -1.04, -0.21, -0.53, 0.94
2.83, 2.9, 2.29, -0.2, -0.53, 0.9
8.87, 3.09, 4.2, -0.2, -0.47, 0.89
7.62, 3.24, 6.25, -0.19, -0.44, 0.88
19.19, -0.73, 4.31, -0.25, -0.42, 0.88
14.83, -0.53, 5.2, -0.2, -0.41, 0.9
19.54, -1.58, 4.91, -0.22, -0.42, 0.85
20.53, -3.32, 4.77, -0.2, -0.37, 0.88
24.22, -1.51, 3.77, -0.19, -0.42, 0.86
27.1, -0.77, 3.23, -0.19, -0.41, 0.89
28.9, 0.59, 3.58, -0.2, -0.43, 0.9
40.4, 0.37, 3.11, -0.24, -0.46, 0.91
39.54, -0.06, 3.54, -0.2, -0.43, 0.95
42.12, -0.76, 5.63, -0.21, -0.43, 0.96
48.47, 1.43, 3.96, -0.22, -0.46, 0.95
68.52, -1.51, 3.02, -0.24, -0.47, 0.96
74.56, -0.62, 4.83, -0.22, -0.42, 0.98
76.29, -1.38, 7.36, -0.24, -0.36, 0.98
67.57, -2.87, 5.07, -0.21, -0.3, 1.0
53.52, -1.38, 2.24, -0.22, -0.29, 0.97
43.05, -2.32, -3.34, -0.23, -0.25, 1.0
27.28, -6.0, -8.06, -0.23, -0.22, 1.03
18.3, -10.0, -11.63, -0.23, -0.23, 1.02
15.09, -11.8, -12.52, -0.21, -0.25, 1.02
21.95, -13.91, -12.94, -0.22, -0.25, 1.02
30.83, -14.06, -13.03, -0.21, -0.27, 1.02
35.09, -12.43, -13.21, -0.2, -0.24, 1.02
38.24, -12.06, -14.33, -0.21, -0.24, 1.0
39.1, -9.59, -15.09, -0.19, -0.22, 0.98
34.59, -5.65, -16.03, -0.17, -0.22, 0.94
42.48, -2.5, -15.62, -0.18, -0.21, 0.93
41.34, -3.57, -15.54, -0.17, -0.14, 0.98
36.43, -4.61, -17.39, -0.16, -0.15, 0.94
46.9, -4.54, -18.46, -0.17, -0.17, 0.91
53.45, -6.63, -18.13, -0.16, -0.16, 0.91
58.45, -8.72, -14.75, -0.13, -0.12, 0.98
52.6, -9.11, -10.69, -0.11, -0.11, 1.0
68.45, -11.22, -7.7, -0.18, -0.06, 1.0
60.0, -6.28, -3.99, -0.12, -0.06, 0.97
64.21, -1.72, -3.58, -0.12, -0.06, 0.91
70.47, 2.03, -4.75, -0.13, -0.01, 0.91
68.4, 7.55, -5.02, -0.13, -0.01, 0.95
75.5, 2.82, -5.25, -0.16, -0.04, 0.94
86.45, -0.3, -8.32, -0.17, 0.05, 0.97
82.73, 3.32, -7.83, -0.16, 0.06, 0.94
82.61, 0.98, -6.55, -0.17, 0.16, 1.05
64.58, -1.64, -5.64, -0.16, 0.15, 1.03
59.16, -2.28, -8.83, -0.17, 0.15, 1.0
56.95, -0.24, -12.63, -0.17, 0.15, 0.98
52.3, 1.09, -15.52, -0.16, 0.19, 1.01
47.32, -0.59, -16.44, -0.17, 0.21, 1.03
43.38, -1.69, -16.22, -0.18, 0.24, 1.06
37.18, -1.48, -15.8, -0.18, 0.22, 1.04
36.61, -1.61, -16.44, -0.18, 0.24, 1.03
32.55, -0.13, -17.06, -0.17, 0.23, 1.01
32.45, 0.23, -18.5, -0.17, 0.25, 0.99
29.07, 2.26, -21.3, -0.16, 0.26, 0.95
24.63, 3.9, -23.56, -0.17, 0.27, 0.93
15.97, 5.32, -23.24, -0.15, 0.29, 0.93
10.32, 4.96, -21.06, -0.14, 0.31, 0.94
8.38, 5.19, -21.06, -0.14, 0.29, 0.92
12.63, 6.41, -20.03, -0.13, 0.26, 0.91
21.67, 5.77, -20.4, -0.15, 0.28, 0.92
23.99, 4.83, -16.68, -0.17, 0.32, 0.98
23.74, 4.26, -13.84, -0.17, 0.3, 0.97
26.32, 4.68, -11.01, -0.16, 0.33, 0.96
24.28, 9.37, -9.3, -0.15, 0.31, 0.93
25.13, 15.7, -8.2, -0.15, 0.29, 0.89
37.8, 20.81, 1.4, -0.11, 0.21, 0.86
78.38, 12.14, 9.21, -0.31, 0.6, 1.08
60.61, 2.35, 6.19, -0.32, 0.49, 1.17
50.89, -8.56, 6.96, -0.29, 0.45, 1.21
46.65, -8.23, 8.58, -0.25, 0.35, 1.1
56.06, -3.5, 8.61, -0.21, 0.37, 1.03
54.19, 1.7, 8.77, -0.15, 0.39, 0.98
49.21, 4.64, 8.22, -0.15, 0.38, 0.93
44.9, 5.02, 9.05, -0.15, 0.37, 0.91
45.74, 5.41, 8.2, -0.17, 0.37, 0.87
48.3, 2.68, 8.7, -0.18, 0.39, 0.88
49.3, 0.76, 9.64, -0.19, 0.43, 0.9
49.79, -0.38, 10.54, -0.19, 0.41, 0.9
51.89, -0.67, 10.73, -0.2, 0.42, 0.88
55.41, -2.06, 11.7, -0.19, 0.45, 0.89
56.21, -2.32, 12.53, -0.19, 0.49, 0.89
58.05, -1.54, 11.86, -0.18, 0.52, 0.89
57.74, -2.11, 11.02, -0.18, 0.55, 0.91
53.22, -1.05, 10.66, -0.18, 0.55, 0.88
55.09, -1.06, 10.86, -0.17, 0.56, 0.87
54.67, -0.45, 10.61, -0.17, 0.56, 0.85
52.76, -0.92, 11.02, -0.16, 0.58, 0.82
51.58, -0.55, 11.0, -0.16, 0.59, 0.81
50.39, -0.93, 10.71, -0.15, 0.62, 0.8
49.34, -0.86, 10.22, -0.16, 0.64, 0.81
44.38, -1.25, 9.9, -0.15, 0.67, 0.81
41.53, -0.95, 9.35, -0.16, 0.68, 0.79
39.06, -0.93, 8.04, -0.15, 0.69, 0.78
36.19, -1.09, 7.58, -0.15, 0.71, 0.78
31.36, -0.35, 6.08, -0.15, 0.73, 0.77
26.83, 0.13, 5.09, -0.14, 0.73, 0.76
22.6, -0.33, 4.26, -0.14, 0.72, 0.76
17.8, -0.07, 3.35, -0.14, 0.71, 0.76
15.93, 0.09, 2.51, -0.14, 0.71, 0.75
12.91, -0.87, 2.26, -0.15, 0.71, 0.76
10.96, 0.01, 1.65, -0.14, 0.7, 0.75
10.49, 0.16, 0.95, -0.14, 0.67, 0.76
10.35, 0.12, 1.19, -0.15, 0.68, 0.77
9.78, 0.25, 1.32, -0.14, 0.68, 0.77
9.06, 0.96, 2.08, -0.15, 0.69, 0.76
11.9, 1.02, 2.53, -0.15, 0.69, 0.74
13.84, 0.59, 2.59, -0.15, 0.68, 0.75
13.4, 0.22, 2.65, -0.14, 0.71, 0.74
10.98, 0.61, 3.0, -0.14, 0.72, 0.74
6.77, 1.53, 2.63, -0.13, 0.75, 0.74
-2.22, 2.81, 1.9, -0.13, 0.79, 0.73
-7.79, 3.03, 0.19, -0.13, 0.78, 0.71
-10.96, 2.38, -1.31, -0.14, 0.77, 0.72
-17.25, 1.97, -2.91, -0.13, 0.76, 0.73
-23.05, 2.12, -3.8, -0.13, 0.76, 0.74
-26.62, 2.78, -4.82, -0.14, 0.73, 0.73
-29.41, 1.74, -5.51, -0.13, 0.73, 0.75
-34.12, 2.61, -6.7, -0.14, 0.7, 0.76
-36.61, 2.3, -6.82, -0.14, 0.69, 0.77
-40.65, 2.94, -6.81, -0.14, 0.68, 0.77
-44.31, 4.92, -6.8, -0.15, 0.68, 0.79
-48.09, 4.47, -6.74, -0.15, 0.67, 0.78
-50.34, 5.15, -7.48, -0.15, 0.68, 0.79
-57.28, 6.13, -7.64, -0.15, 0.68, 0.8
-67.2, 7.01, -8.72, -0.15, 0.68, 0.8
-68.31, 7.84, -10.33, -0.16, 0.66, 0.81
-78.38, 7.62, -12.38, -0.14, 0.65, 0.82
-86.08, 7.38, -13.59, -0.16, 0.62, 0.83
-90.87, 8.1, -16.08, -0.16, 0.55, 0.81
-87.83, 4.77, -17.1, -0.19, 0.53, 0.88
-94.22, 7.12, -17.76, -0.17, 0.5, 0.89
-94.38, 6.78, -17.74, -0.19, 0.48, 0.88
-97.59, 6.16, -17.48, -0.19, 0.48, 0.9
-97.77, 5.94, -18.05, -0.2, 0.46, 0.9
-99.68, 5.75, -19.27, -0.19, 0.42, 0.92
-93.83, 5.65, -20.25, -0.23, 0.17, 0.88
-81.37, 0.18, -23.86, -0.11, 0.09, 0.82
-55.63, 12.68, -21.65, -0.28, 0.25, 1.08
-78.66, 0.33, -13.28, -0.23, 0.18, 1.11
-71.24, -0.48, -5.74, -0.25, 0.32, 1.12
-73.68, 9.16, -5.86, -0.17, 0.18, 0.93
-49.09, 5.53, -7.96, -0.25, 0.1, 0.94
-42.65, -1.87, -7.12, -0.25, 0.23, 1.08
-59.38, 1.91, -5.26, -0.2, 0.25, 1.02
-42.77, -1.61, -6.79, -0.25, 0.24, 0.99
-49.84, -1.48, -6.77, -0.21, 0.26, 1.02
-60.83, -0.95, -7.69, -0.23, 0.24, 1.01
-67.22, -2.67, -8.61, -0.22, 0.25, 1.03
-82.63, -0.99, -10.06, -0.19, 0.26, 1.05
-96.62, 1.51, -11.82, -0.2, 0.22, 1.03
-98.95, 1.22, -15.13, -0.21, 0.14, 1.0
-93.72, 0.54, -17.23, -0.23, 0.09, 0.99
-85.45, -2.08, -13.48, -0.22, -0.01, 0.97
-60.96, -4.31, -2.55, -0.23, 0.06, 1.03
-54.0, -5.51, 5.2, -0.22, 0.06, 1.04
-41.67, -6.22, 10.87, -0.23, 0.04, 1.0
-36.85, -6.12, 15.9, -0.22, -0.01, 0.94
-23.72, -7.96, 18.07, -0.22, 0.02, 0.99
-26.34, -7.66, 18.6, -0.22, 0.05, 1.02
-41.1, -7.69, 17.9, -0.2, 0.04, 1.04
-58.4, -5.66, 15.56, -0.2, 0.01, 1.03
-71.7, -3.86, 12.67, -0.21, -0.06, 0.98
-74.08, -3.01, 10.81, -0.2, -0.08, 0.97
-75.09, -2.53, 8.8, -0.2, -0.11, 0.97
-77.79, -2.01, 7.5, -0.2, -0.14, 0.97
-78.4, -2.32, 6.32, -0.21, -0.18, 0.95
-74.53, -3.38, 5.16, -0.21, -0.24, 0.95
-68.14, -7.52, 2.19, -0.22, -0.23, 0.98
-73.48, -7.39, -0.42, -0.2, -0.26, 0.96
-81.23, -4.85, 1.94, -0.17, -0.28, 0.96
-87.0, -3.14, 2.31, -0.17, -0.28, 0.93
-76.54, -2.55, 4.01, -0.18, -0.33, 0.89
-63.81, -2.84, 6.46, -0.19, -0.36, 0.89
-54.66, -3.06, 8.22, -0.17, -0.35, 0.9
-50.0, -2.61, 8.3, -0.18, -0.34, 0.9
-50.92, -0.02, 8.76, -0.16, -0.4, 0.88
-44.62, 1.2, 8.61, -0.17, -0.39, 0.88
-41.75, 2.8, 9.51, -0.16, -0.41, 0.86
-35.61, 4.42, 11.06, -0.16, -0.41, 0.87
-30.48, 5.13, 12.47, -0.18, -0.41, 0.88
-23.79, 3.37, 12.48, -0.2, -0.42, 0.86
-18.32, 3.87, 14.04, -0.19, -0.44, 0.88
-14.37, 3.31, 15.58, -0.19, -0.44, 0.92
-13.67, 3.04, 15.21, -0.2, -0.44, 0.93
-14.97, 3.28, 14.46, -0.21, -0.46, 0.92
-13.27, 4.57, 15.39, -0.22, -0.44, 0.93
-18.21, 5.25, 14.77, -0.21, -0.42, 0.93
-18.91, 5.58, 14.76, -0.21, -0.43, 0.94
-33.35, 0.73, 2.42, -0.24, -0.4, 1.0
-43.61, 0.18, 0.57, -0.23, -0.52, 0.98
-43.11, 1.59, 1.63, -0.24, -0.51, 0.93
-36.3, 1.88, 3.1, -0.23, -0.49, 0.91
-31.58, 1.67, 4.33, -0.22, -0.47, 0.88
-19.82, 2.58, 6.61, -0.22, -0.47, 0.86
-18.22, 2.09, 5.61, -0.21, -0.46, 0.86
-19.47, 2.29, 4.19, -0.2, -0.47, 0.86
-21.96, 2.19, 2.87, -0.21, -0.48, 0.85
-21.51, 2.19, 1.65, -0.21, -0.49, 0.83
-19.04, 2.87, 1.31, -0.21, -0.5, 0.83
-13.45, 2.09, 0.67, -0.21, -0.5, 0.85
-15.5, 0.38, -0.38, -0.2, -0.51, 0.86
-15.94, 1.7, -0.47, -0.21, -0.52, 0.86
-12.42, 3.0, 0.4, -0.21, -0.53, 0.86
-7.67, 2.09, 0.8, -0.23, -0.5, 0.9
-10.16, 2.58, 0.95, -0.23, -0.49, 0.9
-9.62, 1.99, 1.45, -0.23, -0.48, 0.88
-11.5, 2.85, 1.22, -0.23, -0.48, 0.86
-7.6, 2.96, -0.03, -0.24, -0.47, 0.87
-11.34, 3.48, 0.43, -0.22, -0.47, 0.86
-11.01, 2.54, -0.88, -0.22, -0.49, 0.87
-10.66, 1.65, -1.62, -0.23, -0.49, 0.87
-12.64, 1.99, -1.27, -0.22, -0.51, 0.85
-12.03, 2.36, -1.36, -0.22, -0.53, 0.85
-9.09, 2.74, -1.29, -0.22, -0.53, 0.84
-8.96, 2.35, -0.53, -0.22, -0.52, 0.85
-7.74, 1.7, -0.41, -0.23, -0.53, 0.86
-5.7, 1.17, -0.48, -0.24, -0.55, 0.86
-4.25, 1.7, 0.19, -0.23, -0.55, 0.85
-2.13, 2.12, 0.92, -0.22, -0.55, 0.84
1.61, 2.28, 1.5, -0.22, -0.54, 0.84
1.61, 2.07, 2.15, -0.21, -0.53, 0.84
2.69, 1.58, 1.95, -0.22, -0.51, 0.85
2.8, 2.09, 1.95, -0.23, -0.52, 0.85
-1.25, 1.99, 2.75, -0.22, -0.53, 0.84
0.93, 4.6, 1.87, -0.2, -0.61, 0.79
22.51, 1.94, 1.06, -0.24, -0.59, 0.83
18.86, 0.9, 2.0, -0.21, -0.5, 0.9
5.35, 2.5, 4.73, -0.23, -0.47, 0.89
3.81, 2.8, 5.46, -0.24, -0.49, 0.86
8.68, 2.47, 3.68, -0.24, -0.5, 0.86
15.27, 1.66, 2.38, -0.25, -0.51, 0.86
15.16, 1.09, 2.19, -0.23, -0.49, 0.87
13.93, 1.38, 1.64, -0.22, -0.49, 0.85
18.45, 0.09, 0.92, -0.23, -0.49, 0.86
19.04, 1.4, 1.13, -0.23, -0.49, 0.86
22.24, 0.58, 1.55, -0.24, -0.49, 0.87
19.43, 0.95, 2.62, -0.23, -0.48, 0.88
20.85, -1.87, 3.16, -0.21, -0.46, 0.87
20.53, 1.32, 2.38, -0.23, -0.5, 0.86
33.82, -1.8, 0.8, -0.25, -0.54, 0.87
45.91, -2.31, 0.96, -0.24, -0.55, 0.87
65.47, -6.61, 1.57, -0.25, -0.55, 0.91
78.05, -4.69, 1.87, -0.23, -0.57, 0.9
86.36, -5.49, 4.31, -0.23, -0.5, 0.94
90.54, -5.15, 7.46, -0.24, -0.46, 0.94
96.47, -7.53, 10.69, -0.24, -0.39, 0.98
96.79, -5.16, 12.49, -0.21, -0.35, 0.97
98.09, -4.82, 14.37, -0.22, -0.35, 0.94
98.48, -5.18, 16.82, -0.21, -0.3, 0.94
101.82, -5.4, 17.95, -0.22, -0.26, 0.94
107.85, -4.38, 17.81, -0.22, -0.22, 0.92
110.8, -6.07, 18.87, -0.21, -0.18, 0.95
111.49, -5.47, 18.0, -0.21, -0.14, 0.96
110.61, -5.8, 18.75, -0.21, -0.12, 0.95
112.23, -4.77, 19.48, -0.2, -0.09, 0.94
116.13, -4.06, 19.9, -0.21, -0.05, 0.95
120.0, -5.1, 19.58, -0.23, 0.03, 1.02
108.03, -6.95, 21.04, -0.21, 0.06, 1.02
102.61, -5.54, 21.24, -0.19, 0.07, 0.99
104.4, -4.7, 20.59, -0.2, 0.09, 0.95
102.93, -3.7, 17.0, -0.21, 0.19, 0.97
98.85, -7.49, 11.89, -0.24, 0.22, 1.01
75.85, -7.26, 4.57, -0.21, 0.23, 1.04
55.98, -8.27, -4.29, -0.23, 0.18, 1.0
39.64, -7.82, -13.2, -0.22, 0.19, 1.02
14.64, -6.64, -20.39, -0.2, 0.19, 1.01
-1.02, -5.79, -26.33, -0.18, 0.16, 1.0
-8.8, -4.83, -30.72, -0.21, 0.16, 0.97
-13.06, -7.0, -31.12, -0.21, 0.18, 1.01
-12.87, -8.7, -28.94, -0.19, 0.18, 1.0
-7.2, -9.17, -25.76, -0.19, 0.17, 0.98
2.11, -6.74, -21.61, -0.18, 0.15, 0.95
18.27, -4.63, -16.74, -0.17, 0.17, 0.94
28.74, -1.32, -12.05, -0.18, 0.19, 0.94
43.12, 0.91, -8.42, -0.18, 0.19, 0.91
57.96, 2.17, -5.14, -0.19, 0.23, 0.9
63.16, 4.54, 1.45, -0.18, 0.25, 0.91
69.82, 1.81, 11.64, -0.16, 0.33, 0.98
81.26, 0.35, 16.4, -0.22, 0.39, 0.95
82.52, -2.93, 11.44, -0.2, 0.32, 0.98
76.88, -2.61, 10.93, -0.18, 0.33, 0.98
79.95, -2.6, 11.54, -0.23, 0.34, 1.0
70.8, -5.7, 13.41, -0.2, 0.37, 1.03
69.03, -4.12, 14.61, -0.18, 0.37, 0.95
73.23, -1.48, 14.16, -0.17, 0.36, 0.92
75.96, -0.2, 13.93, -0.16, 0.4, 0.92
74.22, 0.89, 13.25, -0.16, 0.42, 0.9
79.26, -0.14, 12.88, -0.19, 0.45, 0.91
80.7, -4.0, 13.54, -0.2, 0.45, 0.9
81.46, -5.05, 14.09, -0.18, 0.5, 0.9
78.69, -4.17, 14.78, -0.15, 0.5, 0.86
77.74, -2.79, 15.2, -0.15, 0.53, 0.85
73.73, -2.11, 14.87, -0.16, 0.59, 0.84
68.28, -2.96, 14.5, -0.15, 0.62, 0.83
68.39, -3.26, 12.9, -0.16, 0.65, 0.8
67.75, -3.19, 11.84, -0.15, 0.66, 0.78
65.26, -2.5, 11.12, -0.14, 0.69, 0.78
60.33, -2.62, 10.41, -0.14, 0.7, 0.77
57.22, -2.41, 9.8, -0.14, 0.7, 0.76
53.21, -2.48, 9.41, -0.13, 0.72, 0.74
47.89, -2.01, 8.77, -0.12, 0.74, 0.74
42.36, -1.63, 8.12, -0.12, 0.73, 0.73
40.58, -1.47, 7.15, -0.12, 0.75, 0.73
38.62, -1.69, 6.42, -0.13, 0.75, 0.72
35.07, -1.9, 6.02, -0.12, 0.77, 0.71
31.21, -1.12, 5.3, -0.12, 0.76, 0.72
29.87, -0.95, 4.76, -0.13, 0.75, 0.7
27.55, -0.93, 4.36, -0.12, 0.76, 0.7
25.53, -0.15, 4.13, -0.12, 0.75, 0.7
24.71, 0.1, 4.09, -0.12, 0.75, 0.7
23.54, 0.25, 3.91, -0.12, 0.76, 0.68
24.01, -0.11, 4.05, -0.12, 0.76, 0.68
23.78, -0.29, 4.39, -0.12, 0.77, 0.68
23.29, 0.1, 4.25, -0.13, 0.76, 0.66
25.17, -0.19, 3.97, -0.12, 0.76, 0.67
24.85, -0.41, 4.19, -0.11, 0.77, 0.66
24.68, 0.0, 4.01, -0.12, 0.77, 0.65
25.43, -0.58, 4.52, -0.12, 0.78, 0.65
25.81, -0.12, 4.55, -0.11, 0.79, 0.65
26.76, -0.75, 4.7, -0.11, 0.79, 0.63
27.67, -1.0, 4.74, -0.11, 0.81, 0.63
26.37, -0.33, 4.41, -0.11, 0.81, 0.62
27.8, -1.25, 4.71, -0.1, 0.82, 0.62
26.45, -1.03, 4.45, -0.11, 0.83, 0.62
25.14, -0.2, 4.29, -0.1, 0.83, 0.6
25.15, -0.88, 4.06, -0.1, 0.85, 0.59
20.28, -0.06, 4.03, -0.09, 0.85, 0.59
19.09, 0.29, 3.32, -0.09, 0.84, 0.59
20.68, 0.45, 2.96, -0.12, 0.83, 0.59
24.77, -1.54, 3.14, -0.11, 0.85, 0.58
21.0, -0.67, 3.47, -0.09, 0.87, 0.58
14.16, 0.83, 3.72, -0.08, 0.88, 0.57
11.7, 1.71, 3.38, -0.09, 0.88, 0.55
12.48, 1.48, 2.46, -0.1, 0.89, 0.54
12.16, 0.72, 2.04, -0.09, 0.88, 0.53
11.35, 0.77, 1.32, -0.1, 0.89, 0.54
6.03, 0.39, 1.14, -0.08, 0.9, 0.54
0.09, 1.78, 0.74, -0.09, 0.91, 0.52
-2.0, 0.47, 0.54, -0.09, 0.92, 0.56
-12.15, 1.76, -0.62, -0.08, 0.89, 0.56
-9.19, 1.44, -1.61, -0.1, 0.86, 0.53
-6.29, 1.03, -1.99, -0.1, 0.87, 0.56
-9.99, 1.36, -1.75, -0.09, 0.88, 0.57
-13.22, 1.99, -1.78, -0.09, 0.87, 0.55
-15.56, 2.63, -1.9, -0.09, 0.87, 0.56
-19.44, 2.32, -1.93, -0.09, 0.88, 0.57
-24.26, 3.03, -2.14, -0.1, 0.88, 0.57
-26.87, 3.03, -3.04, -0.1, 0.87, 0.58
-25.99, 2.7, -3.97, -0.11, 0.86, 0.58
-28.17, 3.32, -4.47, -0.11, 0.86, 0.59
-31.24, 3.54, -5.07, -0.1, 0.86, 0.59
-37.2, 3.72, -4.74, -0.1, 0.87, 0.58
-35.88, 4.34, -5.35, -0.11, 0.84, 0.59
-37.14, 3.62, -5.9, -0.11, 0.86, 0.61
-44.42, 4.46, -6.38, -0.1, 0.85, 0.62
-50.74, 4.58, -6.75, -0.11, 0.84, 0.62
-52.45, 5.51, -8.45, -0.12, 0.85, 0.64
-65.67, 6.5, -8.01, -0.09, 0.87, 0.66
-76.41, 10.41, -11.06, -0.13, 0.86, 0.65
-79.68, 7.67, -13.03, -0.12, 0.81, 0.65
-83.8, 5.21, -14.82, -0.11, 0.79, 0.67
-89.61, 8.81, -17.37, -0.12, 0.76, 0.69
-95.09, 5.86, -17.74, -0.15, 0.73, 0.72
-95.95, 5.54, -18.77, -0.14, 0.66, 0.74
-94.58, 5.38, -19.82, -0.14, 0.62, 0.75
-89.1, 5.58, -19.3, -0.16, 0.61, 0.8
-90.42, 4.93, -17.79, -0.16, 0.58, 0.81
-85.59, 5.26, -17.17, -0.17, 0.54, 0.81
-81.76, 4.74, -16.4, -0.17, 0.53, 0.85
-78.46, 5.16, -14.94, -0.18, 0.5, 0.84
-77.02, 5.67, -12.41, -0.17, 0.55, 0.88
-84.01, 7.25, -11.5, -0.16, 0.61, 0.89
-96.51, 7.38, -10.65, -0.17, 0.61, 0.87
-101.16, 7.82, -13.1, -0.17, 0.56, 0.85
-98.82, 8.36, -16.96, -0.19, 0.49, 0.85
-98.06, 7.87, -21.71, -0.15, 0.32, 0.87
-78.54, 7.24, -23.67, -0.23, 0.27, 0.91
-64.6, 1.22, -19.86, -0.25, 0.32, 0.99
-60.89, 0.67, -15.82, -0.23, 0.3, 0.95
-53.77, -0.74, -13.99, -0.23, 0.25, 0.95
-49.26, -1.84, -12.32, -0.2, 0.29, 1.0
-54.25, -0.41, -10.08, -0.2, 0.3, 1.02
-64.06, 1.19, -7.74, -0.19, 0.32, 1.01
-65.03, 1.21, -6.96, -0.22, 0.32, 1.01
-68.19, 1.4, -6.71, -0.21, 0.32, 0.98
-67.62, 0.86, -8.24, -0.21, 0.31, 0.98
-71.26, -0.12, -9.09, -0.2, 0.31, 1.0
-80.74, -0.39, -10.98, -0.2, 0.29, 1.0
-84.66, 0.24, -12.91, -0.2, 0.24, 0.96
-84.44, -1.26, -14.11, -0.18, 0.23, 0.98
-86.74, -1.34, -14.12, -0.19, 0.18, 0.96
-82.51, -1.9, -12.77, -0.19, 0.12, 0.95
-77.58, -2.22, -9.94, -0.18, 0.11, 0.96
-72.89, -1.43, -5.1, -0.2, 0.1, 0.98
-68.25, -2.25, -1.09, -0.19, 0.09, 0.99
-61.7, -2.51, 2.76, -0.2, 0.06, 1.0
-59.83, -1.7, 4.29, -0.21, 0.07, 1.0
-61.45, 2.03, 5.62, -0.21, 0.03, 0.98
-60.42, 4.27, 4.42, -0.22, 0.01, 0.97
-64.32, 6.11, 2.23, -0.21, 0.0, 0.98
-67.02, 5.6, 1.12, -0.23, -0.05, 1.0
-68.97, 3.03, 0.33, -0.22, -0.1, 0.99
-66.85, 2.87, -0.02, -0.22, -0.12, 1.0
-66.29, 1.85, 2.03, -0.23, -0.14, 0.98
-67.9, 2.39, 0.84, -0.2, -0.12, 1.0
-74.06, 4.55, 0.05, -0.19, -0.15, 0.97
-77.48, 5.45, -2.54, -0.2, -0.17, 0.97
-80.3, 5.54, -4.53, -0.21, -0.2, 0.96
-81.88, 4.51, -4.45, -0.21, -0.24, 0.98
-78.96, 4.56, -3.32, -0.21, -0.28, 0.97
-71.9, 2.35, -0.53, -0.21, -0.27, 0.99
-65.25, 1.04, 3.61, -0.23, -0.32, 0.98
-52.09, -0.51, 7.35, -0.23, -0.28, 1.0
-48.56, 0.0, 9.56, -0.22, -0.29, 0.98
-40.83, 1.07, 10.74, -0.24, -0.31, 0.99
-38.59, -0.7, 11.41, -0.24, -0.35, 0.99
-24.99, -2.55, 13.59, -0.23, -0.38, 0.97
-19.54, -2.54, 14.43, -0.22, -0.37, 0.96
-17.83, -1.22, 14.67, -0.22, -0.36, 0.95
-20.48, 0.01, 13.22, -0.22, -0.35, 0.92
-21.1, 1.85, 12.35, -0.22, -0.37, 0.9
-23.77, 2.03, 12.04, -0.22, -0.34, 0.92
-33.18, 1.75, 10.97, -0.2, -0.33, 0.9
-41.5, 2.47, 9.18, -0.2, -0.36, 0.86
-44.42, 4.09, 6.42, -0.2, -0.36, 0.85
-52.47, 5.64, 2.46, -0.19, -0.36, 0.84
-61.96, 6.08, -2.72, -0.19, -0.4, 0.81
-59.12, 7.48, -3.61, -0.19, -0.45, 0.82
-55.2, 8.6, -3.52, -0.21, -0.41, 0.85
-53.02, 7.38, -3.7, -0.23, -0.42, 0.87
-54.54, 5.32, -4.35, -0.24, -0.43, 0.92
-56.75, 4.59, -5.48, -0.25, -0.47, 0.92
-57.48, 3.98, -5.22, -0.26, -0.48, 0.91
-58.69, 3.98, -5.28, -0.25, -0.48, 0.91
-60.55, 5.63, -5.06, -0.24, -0.48, 0.88
-56.45, 7.06, -4.16, -0.24, -0.51, 0.85
-58.59, 6.67, -5.0, -0.24, -0.54, 0.84
-56.06, 5.93, -5.03, -0.24, -0.56, 0.83
-50.79, 5.76, -5.85, -0.24, -0.59, 0.81
-45.51, 5.23, -6.02, -0.25, -0.64, 0.78
-33.06, 4.36, -6.68, -0.23, -0.67, 0.78
-22.16, 3.7, -5.78, -0.23, -0.69, 0.77
-15.09, 1.7, -3.22, -0.21, -0.69, 0.78
-7.91, 2.48, -2.27, -0.24, -0.69, 0.78
-0.19, 3.06, -0.31, -0.26, -0.68, 0.79
-0.7, 0.87, 1.87, -0.21, -0.65, 0.79
1.57, 0.55, 2.74, -0.23, -0.63, 0.8
6.76, 1.17, 2.86, -0.24, -0.6, 0.79
8.57, 0.83, 2.75, -0.24, -0.56, 0.81
7.09, 0.43, 2.52, -0.24, -0.54, 0.8
7.14, 0.09, 1.73, -0.24, -0.54, 0.8
7.18, 0.06, -0.03, -0.24, -0.55, 0.8
8.73, -0.28, -0.64, -0.24, -0.55, 0.81
5.49, -0.52, -0.59, -0.22, -0.53, 0.82
1.23, 0.49, -0.32, -0.22, -0.53, 0.81
-4.09, 1.06, 0.26, -0.22, -0.53, 0.81
-5.77, 1.32, -0.01, -0.23, -0.54, 0.81
-8.41, 1.96, -0.87, -0.22, -0.55, 0.8
-9.59, 2.26, -1.05, -0.22, -0.55, 0.79
-8.89, 1.98, -1.3, -0.23, -0.56, 0.79
-10.06, 2.83, -1.52, -0.23, -0.56, 0.79
-11.51, 2.47, -1.25, -0.23, -0.59, 0.79
-11.8, 2.76, -1.03, -0.23, -0.6, 0.79
-9.54, 2.19, -1.3, -0.24, -0.61, 0.79
-6.84, 1.45, -1.11, -0.24, -0.62, 0.79
-3.86, 1.29, -0.29, -0.24, -0.63, 0.78
2.94, 0.58, 0.04, -0.24, -0.63, 0.78
4.38, 0.08, 0.95, -0.23, -0.61, 0.79
3.65, 0.81, 1.32, -0.23, -0.6, 0.79
4.23, 0.39, 1.65, -0.24, -0.6, 0.8
5.55, -0.29, 1.86, -0.23, -0.6, 0.8
10.61, 0.19, 1.38, -0.23, -0.62, 0.79
18.08, 0.03, 0.95, -0.24, -0.65, 0.79
30.25, -1.0, 0.54, -0.24, -0.66, 0.78
43.83, -1.76, 0.27, -0.23, -0.66, 0.8
48.87, -2.06, 0.82, -0.23, -0.66, 0.82
46.77, -0.38, 1.26, -0.23, -0.66, 0.77
65.76, -3.04, 2.97, -0.23, -0.63, 0.83
72.46, -0.67, 4.31, -0.24, -0.65, 0.79
95.86, -5.54, 5.35, -0.25, -0.61, 0.81
109.41, -5.2, 6.32, -0.24, -0.61, 0.84
117.21, -8.16, 8.16, -0.22, -0.54, 0.88
117.62, -6.43, 9.91, -0.2, -0.5, 0.88
122.29, -4.93, 12.2, -0.23, -0.44, 0.9
127.85, -5.71, 14.41, -0.24, -0.37, 0.93
126.66, -6.62, 17.64, -0.22, -0.3, 0.96
118.15, -5.33, 20.68, -0.21, -0.27, 0.96
112.79, -2.81, 22.45, -0.21, -0.24, 0.95
112.39, -1.73, 22.11, -0.22, -0.21, 0.91
115.2, -4.25, 22.53, -0.25, -0.16, 0.94
121.21, -5.35, 21.2, -0.25, -0.13, 0.96
120.27, -7.51, 20.34, -0.23, -0.09, 0.97
117.54, -9.41, 20.54, -0.22, -0.06, 0.99
116.29, -7.61, 20.25, -0.23, -0.03, 0.98
113.16, -8.21, 20.8, -0.2, 0.01, 0.97
111.5, -9.63, 19.64, -0.2, 0.06, 0.98
109.77, -9.13, 17.21, -0.21, 0.06, 0.97
100.1, -8.32, 11.9, -0.2, 0.08, 0.96
86.22, -9.2, 5.37, -0.18, 0.1, 0.97
74.41, -8.55, -1.01, -0.21, 0.11, 0.99
55.81, -8.64, -9.09, -0.22, 0.11, 0.99
41.91, -8.78, -16.45, -0.22, 0.13, 0.99
33.71, -8.18, -19.73, -0.21, 0.09, 0.99
27.25, -8.69, -22.71, -0.21, 0.12, 0.99
22.78, -5.89, -24.73, -0.2, 0.09, 0.95
25.97, -4.32, -26.29, -0.21, 0.11, 0.95
32.39, -2.81, -24.33, -0.2, 0.14, 0.97
36.36, -4.05, -20.15, -0.21, 0.16, 0.99
44.65, -5.51, -15.14, -0.21, 0.21, 0.99
53.79, -4.83, -10.61, -0.2, 0.23, 0.96
65.21, -2.61, -6.13, -0.2, 0.26, 0.93
69.41, -2.87, 0.72, -0.18, 0.31, 0.96
78.06, -5.06, 5.45, -0.2, 0.36, 0.94
91.05, -4.9, 9.76, -0.19, 0.38, 0.92
100.82, -5.03, 12.32, -0.19, 0.41, 0.88
105.96, -6.61, 14.94, -0.19, 0.51, 0.94
100.03, -7.71, 13.28, -0.2, 0.52, 0.94
82.43, -11.67, 2.87, -0.19, 0.55, 0.99
57.79, -10.35, -9.52, -0.21, 0.51, 1.02
26.67, -6.83, -19.9, -0.19, 0.43, 0.99
8.38, -5.03, -22.72, -0.19, 0.39, 0.96
-0.42, -6.03, -23.69, -0.2, 0.41, 0.96
-3.23, -8.54, -25.45, -0.2, 0.41, 0.93
-7.84, -12.03, -28.64, -0.19, 0.42, 0.94
-13.66, -13.16, -30.63, -0.18, 0.41, 0.94
-20.67, -13.16, -31.32, -0.16, 0.41, 0.92
-25.23, -10.41, -29.3, -0.15, 0.39, 0.87
-18.87, -5.85, -23.57, -0.13, 0.38, 0.83
7.8, 1.25, -6.92, -0.12, 0.47, 0.82
33.96, 5.68, 14.08, -0.12, 0.55, 0.79
76.77, 1.87, 15.7, -0.24, 0.7, 0.83
81.09, -4.96, 5.39, -0.17, 0.55, 0.91
59.13, -4.66, 6.16, -0.15, 0.53, 0.93
55.38, -4.1, 6.17, -0.19, 0.48, 0.91
56.15, -2.32, 5.9, -0.17, 0.52, 0.89
53.74, -2.48, 6.03, -0.17, 0.52, 0.88
52.22, -4.03, 6.38, -0.16, 0.54, 0.89
40.44, -1.38, 7.5, -0.14, 0.55, 0.89
41.21, -0.74, 7.12, -0.17, 0.53, 0.86
46.86, -1.22, 7.7, -0.17, 0.53, 0.84
50.41, -1.54, 8.93, -0.16, 0.55, 0.84
50.22, -1.28, 9.56, -0.16, 0.57, 0.84
49.48, -1.49, 9.2, -0.16, 0.6, 0.84
48.83, -1.67, 8.71, -0.16, 0.61, 0.84
48.05, -1.59, 8.71, -0.15, 0.62, 0.82
45.91, -0.79, 9.0, -0.15, 0.64, 0.82
41.46, -0.09, 9.49, -0.16, 0.66, 0.81
39.93, -0.11, 9.38, -0.15, 0.67, 0.79
40.48, -0.31, 8.83, -0.14, 0.69, 0.77
39.05, -0.51, 7.44, -0.14, 0.71, 0.77
37.03, -1.0, 6.9, -0.14, 0.72, 0.77
32.14, -0.24, 5.63, -0.14, 0.71, 0.74
29.44, -0.7, 5.19, -0.12, 0.73, 0.76
24.04, -1.51, 5.49, -0.14, 0.74, 0.75
19.9, 0.53, 4.23, -0.13, 0.74, 0.73
17.47, 0.42, 3.32, -0.14, 0.73, 0.73
13.95, -0.63, 3.09, -0.13, 0.76, 0.75
10.51, -0.03, 1.61, -0.13, 0.72, 0.7
11.73, -1.16, 1.05, -0.12, 0.72, 0.74
12.82, -1.42, 0.97, -0.13, 0.74, 0.76
7.02, 1.09, 0.27, -0.14, 0.68, 0.74
9.33, -1.17, 1.42, -0.14, 0.71, 0.74
7.23, 0.17, 1.92, -0.13, 0.71, 0.74
8.35, 0.34, 2.43, -0.14, 0.71, 0.74
9.56, 0.29, 2.39, -0.13, 0.73, 0.73
6.28, 1.32, 3.15, -0.12, 0.73, 0.74
11.23, 1.32, 2.1, -0.16, 0.68, 0.72
8.55, 1.75, 2.77, -0.12, 0.74, 0.73
7.29, 1.63, 2.59, -0.13, 0.73, 0.71
10.09, 0.98, 2.18, -0.14, 0.75, 0.72
5.57, 1.05, 2.67, -0.12, 0.77, 0.71
5.69, 0.74, 1.59, -0.14, 0.75, 0.7
4.06, 0.83, 0.99, -0.13, 0.76, 0.69
1.83, 0.61, 0.18, -0.13, 0.76, 0.7
-0.6, 0.69, -0.49, -0.12, 0.76, 0.71
-3.18, 0.22, -0.95, -0.12, 0.76, 0.71
-6.73, 1.26, -1.2, -0.11, 0.76, 0.73
-7.19, 1.81, -1.7, -0.11, 0.76, 0.74
-10.44, 3.79, -2.75, -0.12, 0.75, 0.71
-19.22, 4.12, -2.86, -0.13, 0.78, 0.69
-19.77, 0.13, -3.6, -0.12, 0.79, 0.67
-19.38, 1.6, -8.36, -0.13, 0.8, 0.7
-16.24, 3.88, -14.7, -0.02, 0.88, 0.74
-21.02, -0.24, -16.51, -0.11, 0.8, 0.77
-24.44, 11.67, -20.67, -0.1, 0.78, 0.83
-32.89, 13.94, -20.27, -0.12, 0.73, 0.79
-39.84, 20.22, -18.54, -0.15, 0.7, 0.78
-47.67, 21.22, -16.84, -0.19, 0.69, 0.76
-44.43, 21.15, -15.47, -0.23, 0.62, 0.74
-30.32, 15.12, -13.8, -0.16, 0.62, 0.77
-34.52, 20.0, -13.06, -0.21, 0.61, 0.8
-35.32, 22.99, -11.79, -0.18, 0.62, 0.8
-37.38, 16.95, -8.52, -0.24, 0.55, 0.77
-27.11, 15.96, -7.45, -0.23, 0.52, 0.76
-19.06, 13.48, -6.35, -0.21, 0.56, 0.8
-16.1, 13.18, -6.31, -0.21, 0.6, 0.81
-15.08, 13.51, -6.41, -0.22, 0.61, 0.81
-15.74, 12.53, -6.43, -0.24, 0.64, 0.8
-17.15, 11.03, -5.8, -0.25, 0.63, 0.78
-17.74, 10.12, -5.44, -0.24, 0.62, 0.77
-17.26, 9.4, -5.0, -0.25, 0.61, 0.77
-17.0, 8.09, -3.38, -0.24, 0.63, 0.81
-20.03, 8.32, -3.22, -0.25, 0.59, 0.75
-23.49, 4.91, -2.7, -0.23, 0.62, 0.77
-33.7, 3.45, -2.35, -0.25, 0.62, 0.78
-35.62, 0.76, -3.19, -0.27, 0.61, 0.78
-44.12, 0.56, -3.96, -0.21, 0.57, 0.73
-41.85, -2.78, -5.7, -0.26, 0.55, 0.77
-42.83, -5.16, -6.66, -0.25, 0.54, 0.78
-37.48, -10.42, -6.29, -0.26, 0.53, 0.81
-38.59, -11.91, -4.58, -0.23, 0.51, 0.83
-36.9, -11.1, -5.51, -0.23, 0.49, 0.83
-32.73, -9.21, -6.03, -0.24, 0.5, 0.87
-29.8, -11.21, -4.95, -0.24, 0.44, 0.89
-17.09, -10.44, -6.85, -0.22, 0.45, 0.92
-16.29, -9.51, -5.27, -0.23, 0.49, 0.94
-13.19, -6.31, -4.58, -0.2, 0.53, 0.91
-11.38, -4.08, -5.73, -0.22, 0.51, 0.9
-15.09, -3.34, -5.84, -0.2, 0.54, 0.92
-24.77, -0.74, -6.19, -0.21, 0.52, 0.92
-29.36, -1.76, -6.51, -0.2, 0.53, 0.92
-39.19, 1.38, -6.06, -0.19, 0.53, 0.91
-45.7, 3.02, -6.87, -0.21, 0.5, 0.9
-49.35, 3.14, -7.64, -0.23, 0.49, 0.92
-55.61, 0.21, -7.54, -0.22, 0.48, 0.92
-62.4, 0.64, -7.73, -0.23, 0.48, 0.9
-65.07, 0.0, -9.22, -0.24, 0.45, 0.89
-63.8, -1.39, -11.16, -0.26, 0.44, 0.9
-63.01, -4.24, -12.9, -0.26, 0.42, 0.9
-63.47, -6.24, -14.61, -0.25, 0.41, 0.93
-67.43, -7.24, -16.08, -0.25, 0.39, 0.95
-71.87, -7.78, -17.29, -0.24, 0.36, 0.95
-75.7, -8.12, -17.58, -0.22, 0.35, 0.96
-80.0, -6.77, -18.16, -0.22, 0.31, 0.96
-80.54, -5.92, -18.36, -0.21, 0.28, 0.96
-78.22, -6.29, -17.85, -0.21, 0.24, 0.97
-76.51, -5.63, -13.59, -0.2, 0.21, 0.98
-74.16, -7.08, -5.83, -0.18, 0.19, 0.98
-65.34, -5.83, 1.86, -0.19, 0.17, 0.97
-49.8, -3.54, 10.32, -0.21, 0.19, 0.97
-40.95, -5.08, 16.41, -0.22, 0.19, 1.0
-41.62, -5.79, 19.91, -0.2, 0.17, 1.0
-42.42, -5.29, 22.29, -0.2, 0.17, 1.0
-41.86, -3.78, 23.66, -0.2, 0.15, 0.98
-37.69, -2.17, 25.1, -0.21, 0.14, 0.99
-33.29, -2.35, 26.62, -0.22, 0.13, 1.01
-31.23, -3.21, 28.61, -0.24, 0.15, 1.04
-34.16, -2.93, 30.15, -0.24, 0.17, 1.03
-39.58, -2.73, 30.06, -0.25, 0.15, 1.05
-43.77, -2.03, 28.33, -0.25, 0.11, 1.02
-49.82, -1.04, 26.46, -0.25, 0.09, 1.03
-51.33, -0.22, 23.93, -0.24, 0.06, 1.01
-54.03, 0.13, 23.08, -0.23, 0.03, 0.99
-49.05, 0.3, 23.04, -0.23, 0.0, 0.98
-44.19, -1.19, 23.24, -0.23, -0.01, 0.99
-40.23, -2.36, 23.84, -0.22, -0.02, 1.0
-39.16, -2.37, 24.19, -0.21, -0.03, 1.0
-38.5, -2.09, 22.68, -0.2, -0.03, 0.99
-40.35, -0.68, 20.96, -0.19, -0.04, 0.96
-42.61, 1.77, 19.92, -0.18, -0.07, 0.95
-42.24, 3.29, 19.96, -0.18, -0.1, 0.93
-36.41, 3.56, 20.7, -0.18, -0.13, 0.93
-30.2, 2.13, 20.81, -0.19, -0.13, 0.96
-27.37, 2.01, 20.47, -0.19, -0.15, 0.99
-25.54, 2.55, 19.88, -0.21, -0.18, 1.0
-25.54, 4.18, 18.55, -0.2, -0.21, 0.97
-21.23, 7.9, 17.35, -0.21, -0.25, 0.94
-23.29, 9.9, 15.47, -0.19, -0.2, 0.94
-26.85, 10.44, 7.58, -0.23, -0.14, 0.95
-45.06, 6.86, -9.25, -0.22, -0.23, 1.0
-67.34, 7.23, -10.32, -0.16, -0.28, 1.05
-70.98, 3.56, -6.67, -0.23, -0.28, 1.01
-49.25, -1.28, -6.0, -0.26, -0.27, 1.03
-41.34, -1.01, -5.59, -0.23, -0.29, 1.05
-35.41, 0.45, -3.61, -0.21, -0.32, 1.03
-27.9, 3.28, -1.55, -0.19, -0.32, 0.99
-22.33, 5.77, 0.67, -0.2, -0.26, 0.98
-22.09, 5.87, 2.56, -0.21, -0.21, 0.98
-26.76, 5.55, 3.87, -0.21, -0.17, 0.99
-36.75, 5.22, 3.64, -0.21, -0.17, 0.97
-38.98, 5.19, 2.38, -0.22, -0.19, 0.96
-39.3, 4.51, 0.75, -0.23, -0.18, 0.97
-42.06, 4.45, -0.63, -0.23, -0.21, 0.97
-43.57, 3.09, -1.91, -0.22, -0.23, 0.96
-47.19, 3.3, -2.57, -0.2, -0.23, 0.99
-52.9, 5.06, -2.79, -0.21, -0.3, 0.93
-45.99, 5.19, -4.03, -0.25, -0.3, 0.94
-47.35, 4.53, -3.86, -0.23, -0.31, 0.97
-56.58, 4.87, -4.18, -0.23, -0.31, 0.97
-56.27, 3.94, -4.11, -0.23, -0.33, 0.95
-59.26, 4.12, -3.35, -0.22, -0.35, 0.94
-58.53, 5.08, -4.08, -0.23, -0.42, 0.88
-49.33, 3.67, -4.52, -0.24, -0.44, 0.88
-41.98, 2.51, -5.08, -0.23, -0.46, 0.89
-34.56, 2.32, -4.59, -0.23, -0.48, 0.89
-28.83, 2.51, -4.48, -0.23, -0.5, 0.89
-22.35, 0.8, -3.85, -0.23, -0.5, 0.9
-17.59, 1.11, -2.18, -0.23, -0.52, 0.9
-10.31, 0.64, -1.35, -0.23, -0.52, 0.89
-4.64, 0.35, 0.0, -0.22, -0.52, 0.89
-0.89, 0.97, 1.26, -0.22, -0.5, 0.89
1.12, 0.96, 2.38, -0.22, -0.47, 0.89
0.83, 0.87, 2.8, -0.22, -0.44, 0.9
-0.41, 1.13, 2.91, -0.22, -0.43, 0.89
0.46, 1.29, 2.41, -0.23, -0.42, 0.88
1.88, 1.28, 1.61, -0.23, -0.41, 0.87
2.27, 0.97, 1.09, -0.23, -0.4, 0.88
0.47, 1.53, 0.47, -0.22, -0.4, 0.9
-4.26, 1.07, 0.27, -0.22, -0.4, 0.9
-6.78, 1.62, -0.08, -0.23, -0.41, 0.9
-6.89, 1.55, -0.27, -0.23, -0.44, 0.89
-4.43, 1.26, -0.04, -0.22, -0.43, 0.89
-7.33, 1.54, 0.14, -0.23, -0.42, 0.91
-9.15, 2.16, 0.21, -0.23, -0.44, 0.89
-7.01, 2.03, -0.12, -0.22, -0.46, 0.89
-5.74, 1.83, -0.25, -0.23, -0.46, 0.89
-4.16, 1.99, -0.09, -0.23, -0.48, 0.88
-2.12, 1.69, 0.42, -0.23, -0.47, 0.88
-0.54, 1.58, 0.66, -0.22, -0.46, 0.9
-1.08, 1.61, 1.29, -0.23, -0.45, 0.9
-1.5, 1.03, 1.24, -0.23, -0.47, 0.89
0.01, 1.19, 1.77, -0.23, -0.46, 0.89
1.09, 1.6, 1.48, -0.23, -0.46, 0.9
4.21, 0.98, 1.38, -0.23, -0.46, 0.9
5.32, 0.77, 1.07, -0.24, -0.46, 0.9
8.25, 0.55, 0.61, -0.23, -0.49, 0.89
14.6, 0.42, 1.03, -0.23, -0.48, 0.9
19.89, -0.39, 0.41, -0.24, -0.49, 0.9
27.9, -1.09, 1.04, -0.24, -0.5, 0.89
31.82, 0.03, 2.2, -0.22, -0.49, 0.88
36.09, -1.26, 3.09, -0.23, -0.46, 0.9
37.54, -0.41, 3.71, -0.23, -0.47, 0.9
42.03, -1.38, 4.32, -0.23, -0.46, 0.91
51.63, -2.64, 4.74, -0.25, -0.45, 0.91
56.19, -3.03, 5.73, -0.24, -0.43, 0.92
58.84, -3.02, 6.03, -0.23, -0.43, 0.92
64.52, -3.38, 6.54, -0.23, -0.4, 0.93
68.72, -2.83, 6.52, -0.23, -0.41, 0.93
75.04, -3.0, 7.45, -0.22, -0.39, 0.95
80.33, -2.77, 9.15, -0.22, -0.34, 0.98
80.28, -0.66, 11.02, -0.25, -0.36, 0.95
97.97, -5.49, 12.11, -0.25, -0.32, 0.96
98.51, -3.27, 14.12, -0.2, -0.28, 0.98
97.16, -0.34, 15.93, -0.22, -0.24, 0.94
102.19, -2.29, 17.58, -0.24, -0.19, 0.94
104.12, -3.94, 18.25, -0.23, -0.12, 0.98
102.58, -5.43, 18.06, -0.23, -0.09, 1.01
98.89, -5.92, 18.28, -0.22, -0.06, 1.0
95.78, -5.3, 18.38, -0.22, -0.04, 0.97
97.54, -5.19, 17.8, -0.22, -0.01, 0.96
96.59, -4.56, 17.63, -0.21, 0.03, 0.96
94.32, -4.0, 17.23, -0.2, 0.05, 0.97
95.32, -4.0, 15.71, -0.21, 0.05, 0.99
96.8, -5.44, 15.15, -0.22, 0.07, 0.99
99.19, -6.28, 13.9, -0.23, 0.1, 1.01
96.19, -9.23, 10.07, -0.24, 0.14, 1.03
73.4, -9.97, 1.0, -0.23, 0.14, 1.05
64.93, -8.95, -4.12, -0.22, 0.11, 1.03
49.95, -9.95, -10.29, -0.22, 0.14, 1.05
32.45, -11.35, -15.32, -0.23, 0.15, 1.03
20.28, -10.85, -18.19, -0.2, 0.15, 1.02
16.06, -10.68, -18.51, -0.2, 0.12, 0.98
33.08, -13.83, -18.54, -0.23, 0.18, 1.0
35.55, -14.65, -14.31, -0.22, 0.21, 1.02
39.54, -18.09, -11.0, -0.22, 0.24, 1.03
40.7, -19.39, -9.82, -0.2, 0.26, 1.0
52.11, -18.77, -9.06, -0.21, 0.25, 0.99
54.38, -16.67, -8.19, -0.18, 0.3, 0.98
49.79, -11.69, -5.31, -0.17, 0.33, 0.97
49.82, -9.66, -4.8, -0.16, 0.33, 0.94
48.76, -8.01, -3.53, -0.15, 0.35, 0.93
48.79, -7.52, -4.17, -0.15, 0.35, 0.89
57.07, -7.36, -4.58, -0.16, 0.34, 0.88
57.74, -9.69, -5.0, -0.15, 0.37, 0.89
58.16, -11.48, -4.65, -0.15, 0.39, 0.88
57.74, -13.17, -3.64, -0.15, 0.41, 0.92
48.81, -13.6, -3.03, -0.14, 0.4, 0.89
47.88, -11.96, -4.06, -0.12, 0.39, 0.87
46.35, -6.41, -4.8, -0.11, 0.36, 0.82
54.99, -0.13, -5.41, -0.11, 0.36, 0.77
62.72, 1.64, -3.74, -0.12, 0.43, 0.82
65.22, -1.82, -0.6, -0.15, 0.55, 0.93
48.14, -3.93, -1.49, -0.14, 0.55, 0.91
40.26, -2.2, -4.48, -0.13, 0.52, 0.86
34.57, 3.48, -8.12, -0.12, 0.49, 0.81
41.45, 7.71, -8.96, -0.12, 0.52, 0.8
42.68, 9.98, -7.17, -0.12, 0.55, 0.81
43.44, 10.74, -5.76, -0.13, 0.57, 0.77
44.94, 10.32, -3.64, -0.13, 0.62, 0.83
47.41, 7.85, 9.56, -0.1, 0.66, 0.86
53.94, 0.35, 10.03, -0.25, 0.75, 0.9
58.93, -5.55, 8.78, -0.22, 0.75, 0.95
54.19, -7.05, 8.34, -0.2, 0.7, 0.92
53.62, -5.77, 7.43, -0.17, 0.67, 0.89
50.13, -3.67, 6.84, -0.15, 0.65, 0.84
49.61, 0.01, 5.24, -0.13, 0.64, 0.8
46.72, 2.12, 4.56, -0.12, 0.64, 0.79
48.76, 1.09, 4.89, -0.17, 0.65, 0.82
43.21, -0.42, 5.61, -0.13, 0.65, 0.76
43.56, 0.64, 5.64, -0.13, 0.64, 0.73
44.87, -0.46, 6.56, -0.13, 0.66, 0.74
41.5, 0.08, 7.1, -0.13, 0.67, 0.73
39.51, -0.03, 7.93, -0.14, 0.69, 0.73
38.02, -0.25, 8.0, -0.14, 0.72, 0.72
34.85, -0.35, 6.99, -0.13, 0.75, 0.73
32.39, -0.15, 6.16, -0.14, 0.77, 0.74
28.22, -0.2, 5.85, -0.13, 0.79, 0.74
27.64, 0.77, 4.56, -0.14, 0.79, 0.72
28.29, 0.19, 3.72, -0.14, 0.78, 0.72
25.2, -0.38, 3.16, -0.14, 0.78, 0.69
24.81, 0.79, 3.18, -0.14, 0.78, 0.68
22.51, 0.37, 2.64, -0.13, 0.77, 0.68
17.58, 0.19, 2.78, -0.12, 0.79, 0.68
13.51, 0.36, 2.74, -0.12, 0.78, 0.67
11.58, -0.03, 2.46, -0.12, 0.78, 0.67
9.19, 0.24, 1.98, -0.13, 0.78, 0.67
6.84, 0.05, 1.68, -0.13, 0.79, 0.68
3.84, 0.37, 1.43, -0.13, 0.81, 0.69
0.54, 0.9, 1.0, -0.12, 0.81, 0.69
-2.25, 2.08, 0.07, -0.13, 0.8, 0.67
-4.77, 2.85, -0.99, -0.12, 0.8, 0.67
-9.19, 3.42, -1.64, -0.12, 0.8, 0.67
-13.31, 2.76, -1.69, -0.12, 0.8, 0.67
-15.76, 2.85, -2.65, -0.13, 0.78, 0.66
-16.3, 2.05, -3.05, -0.13, 0.78, 0.67
-18.8, 2.25, -3.34, -0.13, 0.78, 0.68
-20.77, 2.05, -3.9, -0.13, 0.77, 0.69
-22.38, 2.58, -4.02, -0.14, 0.76, 0.7
-23.92, 2.7, -4.13, -0.14, 0.76, 0.71
-25.65, 2.67, -4.5, -0.13, 0.75, 0.7
-28.56, 2.81, -4.41, -0.13, 0.75, 0.7
-29.0, 3.27, -4.64, -0.14, 0.74, 0.7
-28.38, 2.61, -4.99, -0.14, 0.74, 0.72
-30.74, 2.68, -5.45, -0.14, 0.74, 0.73
-32.96, 2.93, -5.79, -0.14, 0.73, 0.73
-34.82, 3.67, -6.41, -0.15, 0.71, 0.73
-36.22, 3.28, -6.15, -0.14, 0.72, 0.75
-40.15, 3.77, -6.27, -0.14, 0.7, 0.75
-41.87, 3.87, -6.84, -0.15, 0.7, 0.76
-41.62, 4.42, -7.71, -0.15, 0.67, 0.76
-39.04, 3.45, -7.7, -0.16, 0.66, 0.78
-39.41, 2.61, -7.71, -0.16, 0.66, 0.78
-39.57, 3.16, -7.57, -0.16, 0.64, 0.79
-40.0, 3.68, -7.35, -0.16, 0.63, 0.8
-39.89, 3.57, -7.02, -0.17, 0.61, 0.81
-38.09, 3.39, -7.03, -0.16, 0.6, 0.81
-36.6, 3.61, -6.45, -0.17, 0.58, 0.82
-32.9, 3.07, -6.08, -0.18, 0.56, 0.83
-29.86, 2.53, -5.54, -0.17, 0.55, 0.84
-26.19, 2.29, -4.94, -0.18, 0.54, 0.85
-24.35, 2.2, -3.99, -0.17, 0.55, 0.85
-22.89, 2.82, -3.49, -0.18, 0.54, 0.86
-19.64, 2.82, -2.82, -0.18, 0.53, 0.85
-13.54, 1.73, -2.17, -0.19, 0.51, 0.85
-10.68, 2.38, -1.12, -0.18, 0.53, 0.86
-11.03, 2.55, -0.49, -0.18, 0.53, 0.87
-8.86, 1.93, 0.06, -0.18, 0.53, 0.85
-4.96, 1.22, 0.42, -0.18, 0.54, 0.85
-4.45, 0.95, 0.19, -0.19, 0.55, 0.85
-4.32, 0.33, 0.36, -0.18, 0.55, 0.85
-4.58, 0.46, 0.03, -0.18, 0.55, 0.86
-6.0, 0.4, -0.05, -0.18, 0.56, 0.86
-6.77, 0.61, -0.41, -0.17, 0.56, 0.87
-8.17, 1.1, -0.22, -0.17, 0.56, 0.86
-7.5, 1.05, -0.91, -0.18, 0.55, 0.86
-6.09, 1.0, -0.91, -0.18, 0.55, 0.87
-6.14, 1.0, -0.94, -0.18, 0.55, 0.86
-5.69, 1.06, -1.24, -0.17, 0.55, 0.86
-7.48, 1.11, -0.9, -0.18, 0.54, 0.87
-8.93, 1.56, -0.9, -0.17, 0.55, 0.87
-9.31, 1.51, -1.32, -0.18, 0.54, 0.86
-8.61, 1.33, -1.35, -0.18, 0.55, 0.87
-8.95, 1.31, -1.28, -0.18, 0.54, 0.87
-9.48, 1.42, -1.48, -0.18, 0.53, 0.87
-8.77, 1.35, -1.33, -0.18, 0.52, 0.87
-7.8, 1.33, -1.23, -0.19, 0.52, 0.88
-8.03, 1.35, -0.74, -0.18, 0.51, 0.87
-5.44, 1.23, -0.76, -0.19, 0.51, 0.87
-5.0, 1.25, -0.51, -0.18, 0.52, 0.89
-5.74, 1.25, -0.29, -0.18, 0.51, 0.89
-4.91, 1.48, -0.13, -0.18, 0.51, 0.88
-3.11, 1.32, 0.0, -0.19, 0.51, 0.88
-1.32, 1.02, 0.19, -0.19, 0.51, 0.87
-0.94, 1.23, 0.13, -0.19, 0.52, 0.88
-2.06, 0.91, 0.27, -0.18, 0.52, 0.89
0.06, 1.06, -0.14, -0.2, 0.49, 0.86
7.27, -0.33, 0.23, -0.19, 0.51, 0.9
3.07, 1.74, 0.57, -0.19, 0.52, 0.89
10.23, 0.45, 1.64, -0.23, 0.34, 0.77
13.36, 0.42, 2.14, -0.12, 0.45, 0.89
14.77, 3.58, 2.59, -0.19, 0.52, 0.89
2.04, -0.67, 5.38, -0.13, 0.58, 0.85
4.32, 2.25, 3.41, -0.21, 0.56, 0.86
5.2, 1.58, 2.64, -0.17, 0.58, 0.87
4.71, 3.0, 1.06, -0.17, 0.57, 0.84
3.9, -1.36, 2.05, -0.17, 0.6, 0.88
-5.11, 1.16, -0.79, -0.17, 0.58, 0.86
-13.32, 2.88, -1.05, -0.15, 0.6, 0.85
-18.65, 3.54, -2.16, -0.16, 0.57, 0.85
-19.3, 2.28, -2.75, -0.19, 0.55, 0.87
-13.45, 1.41, -3.65, -0.21, 0.51, 0.86
-9.23, -0.22, -3.61, -0.18, 0.5, 0.89
-10.7, 0.41, -2.73, -0.18, 0.49, 0.9
-12.11, 0.67, -1.03, -0.18, 0.48, 0.88
-4.72, 1.75, -0.84, -0.2, 0.45, 0.88
-0.87, 0.84, -0.3, -0.18, 0.48, 0.91
-2.32, 1.2, 0.57, -0.19, 0.48, 0.9
4.4, -0.31, 1.29, -0.19, 0.47, 0.88
8.04, -2.09, 2.48, -0.17, 0.5, 0.91
8.09, -0.15, 2.95, -0.19, 0.49, 0.92
8.1, 2.04, 3.21, -0.19, 0.49, 0.9
8.64, 3.44, 4.21, -0.18, 0.52, 0.88
